user_id,rank,item_id,predicted,title
186,1,1449,4.645823102383927,Pather Panchali (1955)
186,2,318,4.483595704568357,Schindler's List (1993)
186,3,1512,4.466177187993063,"World of Apu, The (Apur Sansar) (1959)"
186,4,1233,4.4616714796854495,Nénette et Boni (1996)
186,5,867,4.383808106750294,"Whole Wide World, The (1996)"
186,6,1599,4.372256750879694,Someone Else's America (1995)
186,7,64,4.343670061732862,"Shawshank Redemption, The (1994)"
186,8,174,4.341581077510561,Raiders of the Lost Ark (1981)
186,9,1467,4.340751442133547,"Saint of Fort Washington, The (1993)"
186,10,483,4.316455760176215,Casablanca (1942)
22,1,1449,4.697914640721211,Pather Panchali (1955)
22,2,408,4.65797912430563,"Close Shave, A (1995)"
22,3,169,4.629621936550787,"Wrong Trousers, The (1993)"
22,4,1512,4.584206938694074,"World of Apu, The (Apur Sansar) (1959)"
22,5,1554,4.545694869214621,Safe Passage (1994)
22,6,64,4.523001282210977,"Shawshank Redemption, The (1994)"
22,7,119,4.522633265866126,Maya Lin: A Strong Clear Vision (1994)
22,8,114,4.464315415262436,Wallace & Gromit: The Best of Aardman Animation (1996)
22,9,12,4.463810020270759,"Usual Suspects, The (1995)"
22,10,1142,4.4513323089292225,When We Were Kings (1996)
244,1,1449,4.8389227527854555,Pather Panchali (1955)
244,2,1512,4.8113286205826125,"World of Apu, The (Apur Sansar) (1959)"
244,3,320,4.627687763311295,Paradise Lost: The Child Murders at Robin Hood Hills (1996)
244,4,178,4.58951381603491,12 Angry Men (1957)
244,5,603,4.56422217657154,Rear Window (1954)
244,6,408,4.553856915747331,"Close Shave, A (1995)"
244,7,119,4.527195364323649,Maya Lin: A Strong Clear Vision (1994)
244,8,1599,4.523481876492301,Someone Else's America (1995)
244,9,127,4.508883448919702,"Godfather, The (1972)"
244,10,1450,4.508154064468281,Golden Earrings (1947)
166,1,1189,4.53695858683667,Prefontaine (1997)
166,2,1233,4.4978321909266095,Nénette et Boni (1996)
166,3,1554,4.450838724867866,Safe Passage (1994)
166,4,1368,4.4427219175484565,Mina Tannenbaum (1994)
166,5,174,4.435959541857242,Raiders of the Lost Ark (1981)
166,6,1467,4.415986688726824,"Saint of Fort Washington, The (1993)"
166,7,867,4.376329766453886,"Whole Wide World, The (1996)"
166,8,1449,4.369020980177277,Pather Panchali (1955)
166,9,1500,4.363980493046427,Santa with Muscles (1996)
166,10,1269,4.337586240915947,Love in the Afternoon (1957)
298,1,1449,4.7728464742360295,Pather Panchali (1955)
298,2,1467,4.71925557419176,"Saint of Fort Washington, The (1993)"
298,3,64,4.636555771857944,"Shawshank Redemption, The (1994)"
298,4,1512,4.618621934871922,"World of Apu, The (Apur Sansar) (1959)"
298,5,1189,4.591469817896321,Prefontaine (1997)
298,6,1064,4.562526971086995,Crossfire (1947)
298,7,169,4.5545938330262405,"Wrong Trousers, The (1993)"
298,8,867,4.543091082626834,"Whole Wide World, The (1996)"
298,9,1554,4.519658468707035,Safe Passage (1994)
298,10,12,4.502103435974541,"Usual Suspects, The (1995)"
115,1,1449,4.961736614889606,Pather Panchali (1955)
115,2,1512,4.907990412612533,"World of Apu, The (Apur Sansar) (1959)"
115,3,169,4.766770162596651,"Wrong Trousers, The (1993)"
115,4,408,4.761479573487364,"Close Shave, A (1995)"
115,5,60,4.717171836233356,Three Colors: Blue (1993)
115,6,119,4.709743539269664,Maya Lin: A Strong Clear Vision (1994)
115,7,851,4.691946517023573,Two or Three Things I Know About Her (1966)
115,8,114,4.686660104292372,Wallace & Gromit: The Best of Aardman Animation (1996)
115,9,474,4.685859403721405,Dr. Strangelove or: How I Learned to Stop Worrying and Love the Bomb (1963)
115,10,1599,4.642046343938937,Someone Else's America (1995)
253,1,1449,4.790601780113486,Pather Panchali (1955)
253,2,1467,4.7450854261866535,"Saint of Fort Washington, The (1993)"
253,3,318,4.743359154991455,Schindler's List (1993)
253,4,1554,4.67105211989328,Safe Passage (1994)
253,5,174,4.631109923972902,Raiders of the Lost Ark (1981)
253,6,1064,4.604718356111288,Crossfire (1947)
253,7,1189,4.592940214785928,Prefontaine (1997)
253,8,1512,4.588727758890947,"World of Apu, The (Apur Sansar) (1959)"
253,9,313,4.5540873476760675,Titanic (1997)
253,10,867,4.55103268576811,"Whole Wide World, The (1996)"
305,1,1449,4.309431260131204,Pather Panchali (1955)
305,2,408,4.124920774505749,"Close Shave, A (1995)"
305,3,169,4.120148529228858,"Wrong Trousers, The (1993)"
305,4,867,4.076095677344207,"Whole Wide World, The (1996)"
305,5,1467,4.065204236780417,"Saint of Fort Washington, The (1993)"
305,6,1064,4.0612154287527895,Crossfire (1947)
305,7,114,4.037350867893765,Wallace & Gromit: The Best of Aardman Animation (1996)
305,8,1398,4.004473005439338,Anna (1996)
305,9,1368,3.99502676334524,Mina Tannenbaum (1994)
305,10,603,3.9872442807118165,Rear Window (1954)
6,1,1449,4.467441090259923,Pather Panchali (1955)
6,2,1512,4.4229387568675795,"World of Apu, The (Apur Sansar) (1959)"
6,3,1467,4.280498487776382,"Saint of Fort Washington, The (1993)"
6,4,408,4.237978022572576,"Close Shave, A (1995)"
6,5,1599,4.220513805054875,Someone Else's America (1995)
6,6,603,4.218068934992543,Rear Window (1954)
6,7,867,4.21502380652084,"Whole Wide World, The (1996)"
6,8,1398,4.20510027216358,Anna (1996)
6,9,119,4.187269211434185,Maya Lin: A Strong Clear Vision (1994)
6,10,657,4.1504015780242405,"Manchurian Candidate, The (1962)"
62,1,1449,4.478711826711185,Pather Panchali (1955)
62,2,1512,4.448357756509641,"World of Apu, The (Apur Sansar) (1959)"
62,3,169,4.307075088198967,"Wrong Trousers, The (1993)"
62,4,408,4.297334116699603,"Close Shave, A (1995)"
62,5,1467,4.279238101423889,"Saint of Fort Washington, The (1993)"
62,6,119,4.213595299740056,Maya Lin: A Strong Clear Vision (1994)
62,7,12,4.209952275828903,"Usual Suspects, The (1995)"
62,8,64,4.200744272168866,"Shawshank Redemption, The (1994)"
62,9,867,4.191731410857536,"Whole Wide World, The (1996)"
62,10,1599,4.171785165739266,Someone Else's America (1995)
286,1,1449,4.774699877661185,Pather Panchali (1955)
286,2,1467,4.731134701268139,"Saint of Fort Washington, The (1993)"
286,3,318,4.72543242386317,Schindler's List (1993)
286,4,320,4.705390554035124,Paradise Lost: The Child Murders at Robin Hood Hills (1996)
286,5,1512,4.695757632006485,"World of Apu, The (Apur Sansar) (1959)"
286,6,1398,4.6330631493938625,Anna (1996)
286,7,64,4.616935634352553,"Shawshank Redemption, The (1994)"
286,8,178,4.5977429438991315,12 Angry Men (1957)
286,9,12,4.588826227044482,"Usual Suspects, The (1995)"
286,10,1131,4.58647201875612,Safe (1995)
200,1,1449,4.979410895297776,Pather Panchali (1955)
200,2,1467,4.9431332208567245,"Saint of Fort Washington, The (1993)"
200,3,64,4.827358173520602,"Shawshank Redemption, The (1994)"
200,4,1064,4.8139917414558235,Crossfire (1947)
200,5,174,4.809698696956789,Raiders of the Lost Ark (1981)
200,6,1189,4.7992958614363594,Prefontaine (1997)
200,7,867,4.777100193731527,"Whole Wide World, The (1996)"
200,8,1512,4.765097171191117,"World of Apu, The (Apur Sansar) (1959)"
200,9,1554,4.756049785357139,Safe Passage (1994)
200,10,1131,4.715649105224245,Safe (1995)
210,1,1449,4.966202782170824,Pather Panchali (1955)
210,2,1512,4.8426393635216565,"World of Apu, The (Apur Sansar) (1959)"
210,3,1467,4.765889390081331,"Saint of Fort Washington, The (1993)"
210,4,318,4.751234139830711,Schindler's List (1993)
210,5,169,4.734006726210766,"Wrong Trousers, The (1993)"
210,6,64,4.726072730558002,"Shawshank Redemption, The (1994)"
210,7,408,4.723361475523777,"Close Shave, A (1995)"
210,8,178,4.710466301913526,12 Angry Men (1957)
210,9,867,4.678488654484857,"Whole Wide World, The (1996)"
210,10,1599,4.670079999610868,Someone Else's America (1995)
224,1,174,4.181571451263985,Raiders of the Lost Ark (1981)
224,2,1449,4.1304116028074755,Pather Panchali (1955)
224,3,1189,4.117331076267913,Prefontaine (1997)
224,4,64,4.0798754746380475,"Shawshank Redemption, The (1994)"
224,5,1467,4.0380570766250665,"Saint of Fort Washington, The (1993)"
224,6,496,4.026287193174284,It's a Wonderful Life (1946)
224,7,1554,4.0234405531049715,Safe Passage (1994)
224,8,1064,3.9927839250609534,Crossfire (1947)
224,9,966,3.9751717298312053,"Affair to Remember, An (1957)"
224,10,50,3.9736279915261363,Star Wars (1977)
303,1,1512,4.795232231421977,"World of Apu, The (Apur Sansar) (1959)"
303,2,1449,4.715117903859238,Pather Panchali (1955)
303,3,178,4.552645740097354,12 Angry Men (1957)
303,4,1467,4.54741582168845,"Saint of Fort Washington, The (1993)"
303,5,169,4.530316910879328,"Wrong Trousers, The (1993)"
303,6,119,4.503663743337562,Maya Lin: A Strong Clear Vision (1994)
303,7,12,4.49363280627847,"Usual Suspects, The (1995)"
303,8,1599,4.48704037459073,Someone Else's America (1995)
303,9,114,4.469497214110138,Wallace & Gromit: The Best of Aardman Animation (1996)
303,10,1398,4.462275854239634,Anna (1996)
122,1,1449,4.933828097553822,Pather Panchali (1955)
122,2,1512,4.72873728233448,"World of Apu, The (Apur Sansar) (1959)"
122,3,867,4.673415456296346,"Whole Wide World, The (1996)"
122,4,851,4.640399788497856,Two or Three Things I Know About Her (1966)
122,5,408,4.638710835963243,"Close Shave, A (1995)"
122,6,1193,4.610923987223438,Before the Rain (Pred dozhdot) (1994)
122,7,1398,4.573297984064119,Anna (1996)
122,8,483,4.5705103499407045,Casablanca (1942)
122,9,923,4.5703364629454954,Raise the Red Lantern (1991)
122,10,1194,4.550984411172325,Once Were Warriors (1994)
194,1,1449,4.196969954113256,Pather Panchali (1955)
194,2,1512,4.127501231996063,"World of Apu, The (Apur Sansar) (1959)"
194,3,1467,4.0482722243398435,"Saint of Fort Washington, The (1993)"
194,4,169,3.9938337047766566,"Wrong Trousers, The (1993)"
194,5,408,3.950331153461895,"Close Shave, A (1995)"
194,6,64,3.9377060757800186,"Shawshank Redemption, The (1994)"
194,7,114,3.888006791777162,Wallace & Gromit: The Best of Aardman Animation (1996)
194,8,1599,3.8815726705019915,Someone Else's America (1995)
194,9,603,3.8772673438137915,Rear Window (1954)
194,10,867,3.864541515114971,"Whole Wide World, The (1996)"
291,1,1467,4.94542940152779,"Saint of Fort Washington, The (1993)"
291,2,1512,4.930673396668643,"World of Apu, The (Apur Sansar) (1959)"
291,3,1449,4.8966993034977815,Pather Panchali (1955)
291,4,169,4.82805051895966,"Wrong Trousers, The (1993)"
291,5,318,4.737599353964159,Schindler's List (1993)
291,6,408,4.715796390747986,"Close Shave, A (1995)"
291,7,178,4.712008428272872,12 Angry Men (1957)
291,8,114,4.701859543661879,Wallace & Gromit: The Best of Aardman Animation (1996)
291,9,357,4.69890121395,One Flew Over the Cuckoo's Nest (1975)
291,10,127,4.698330908295111,"Godfather, The (1972)"
234,1,1512,4.091436104338223,"World of Apu, The (Apur Sansar) (1959)"
234,2,1467,4.0044337197454585,"Saint of Fort Washington, The (1993)"
234,3,169,3.9741915933134173,"Wrong Trousers, The (1993)"
234,4,408,3.9726368891333967,"Close Shave, A (1995)"
234,5,1599,3.948758606842762,Someone Else's America (1995)
234,6,1398,3.918464484764699,Anna (1996)
234,7,1189,3.906565114428893,Prefontaine (1997)
234,8,114,3.8572720523858024,Wallace & Gromit: The Best of Aardman Animation (1996)
234,9,1642,3.8124959803165304,Some Mother's Son (1996)
234,10,98,3.800392644166704,"Silence of the Lambs, The (1991)"
119,1,1449,5.0,Pather Panchali (1955)
119,2,318,4.798829879968191,Schindler's List (1993)
119,3,1512,4.793596517554186,"World of Apu, The (Apur Sansar) (1959)"
119,4,408,4.768322736692607,"Close Shave, A (1995)"
119,5,867,4.761540605995907,"Whole Wide World, The (1996)"
119,6,1467,4.756454005209871,"Saint of Fort Washington, The (1993)"
119,7,64,4.743754236498359,"Shawshank Redemption, The (1994)"
119,8,169,4.729657326641532,"Wrong Trousers, The (1993)"
119,9,1064,4.708678936264824,Crossfire (1947)
119,10,114,4.682060584960959,Wallace & Gromit: The Best of Aardman Animation (1996)
167,1,1449,4.575609310641177,Pather Panchali (1955)
167,2,1512,4.4532860608298295,"World of Apu, The (Apur Sansar) (1959)"
167,3,483,4.287576654474002,Casablanca (1942)
167,4,1554,4.27345261602371,Safe Passage (1994)
167,5,1189,4.266926252293264,Prefontaine (1997)
167,6,867,4.264240969061816,"Whole Wide World, The (1996)"
167,7,496,4.262877558316635,It's a Wonderful Life (1946)
167,8,657,4.230059768333163,"Manchurian Candidate, The (1962)"
167,9,1642,4.229778761173308,Some Mother's Son (1996)
167,10,718,4.225045795083656,In the Bleak Midwinter (1995)
299,1,1449,4.523072824316316,Pather Panchali (1955)
299,2,1512,4.4267758330261415,"World of Apu, The (Apur Sansar) (1959)"
299,3,1467,4.27304613467022,"Saint of Fort Washington, The (1993)"
299,4,408,4.2530145575473455,"Close Shave, A (1995)"
299,5,867,4.212767875474972,"Whole Wide World, The (1996)"
299,6,114,4.198772310471773,Wallace & Gromit: The Best of Aardman Animation (1996)
299,7,64,4.169694979552122,"Shawshank Redemption, The (1994)"
299,8,1599,4.1629475947102,Someone Else's America (1995)
299,9,178,4.155382915228459,12 Angry Men (1957)
299,10,1398,4.14853173023329,Anna (1996)
308,1,1449,4.7819049964299065,Pather Panchali (1955)
308,2,1512,4.704917294714055,"World of Apu, The (Apur Sansar) (1959)"
308,3,1467,4.675814063754394,"Saint of Fort Washington, The (1993)"
308,4,169,4.609657348034042,"Wrong Trousers, The (1993)"
308,5,867,4.546966821070707,"Whole Wide World, The (1996)"
308,6,1599,4.52664777996205,Someone Else's America (1995)
308,7,114,4.507889074608166,Wallace & Gromit: The Best of Aardman Animation (1996)
308,8,12,4.497624306501633,"Usual Suspects, The (1995)"
308,9,1398,4.492988216846839,Anna (1996)
308,10,119,4.473331068180454,Maya Lin: A Strong Clear Vision (1994)
95,1,1449,4.573997534284138,Pather Panchali (1955)
95,2,318,4.443304124396726,Schindler's List (1993)
95,3,1512,4.432556241515488,"World of Apu, The (Apur Sansar) (1959)"
95,4,1467,4.374460690925097,"Saint of Fort Washington, The (1993)"
95,5,1554,4.35135955282257,Safe Passage (1994)
95,6,169,4.3219026792332755,"Wrong Trousers, The (1993)"
95,7,1189,4.31747696712989,Prefontaine (1997)
95,8,1064,4.304547508521553,Crossfire (1947)
95,9,313,4.29536366516368,Titanic (1997)
95,10,1450,4.26576530934947,Golden Earrings (1947)
38,1,143,4.920287395008037,"Sound of Music, The (1965)"
38,2,1554,4.830576119415215,Safe Passage (1994)
38,3,318,4.822054501854442,Schindler's List (1993)
38,4,1450,4.7710971185280595,Golden Earrings (1947)
38,5,64,4.718456124982993,"Shawshank Redemption, The (1994)"
38,6,969,4.687763544138289,Winnie the Pooh and the Blustery Day (1968)
38,7,1189,4.648769602366984,Prefontaine (1997)
38,8,1467,4.615100147881786,"Saint of Fort Washington, The (1993)"
38,9,66,4.606034038210357,While You Were Sleeping (1995)
38,10,496,4.598119939170928,It's a Wonderful Life (1946)
63,1,1449,4.23440690589683,Pather Panchali (1955)
63,2,1512,4.203598901243003,"World of Apu, The (Apur Sansar) (1959)"
63,3,1467,4.037832140869294,"Saint of Fort Washington, The (1993)"
63,4,169,4.035180455299554,"Wrong Trousers, The (1993)"
63,5,178,3.9915158299433346,12 Angry Men (1957)
63,6,1398,3.9899377939831777,Anna (1996)
63,7,1642,3.989574346741488,Some Mother's Son (1996)
63,8,603,3.9847860210331345,Rear Window (1954)
63,9,114,3.9689670806793735,Wallace & Gromit: The Best of Aardman Animation (1996)
63,10,119,3.964764832629786,Maya Lin: A Strong Clear Vision (1994)
160,1,1512,4.961135222416298,"World of Apu, The (Apur Sansar) (1959)"
160,2,1449,4.900649864029985,Pather Panchali (1955)
160,3,1599,4.800432688771001,Someone Else's America (1995)
160,4,1467,4.725591753076253,"Saint of Fort Washington, The (1993)"
160,5,119,4.661555476299833,Maya Lin: A Strong Clear Vision (1994)
160,6,178,4.6440560493773555,12 Angry Men (1957)
160,7,12,4.641941541676057,"Usual Suspects, The (1995)"
160,8,1398,4.628254946866457,Anna (1996)
160,9,357,4.599982922418116,One Flew Over the Cuckoo's Nest (1975)
160,10,474,4.577517903349681,Dr. Strangelove or: How I Learned to Stop Worrying and Love the Bomb (1963)
50,1,1449,4.2120132681958395,Pather Panchali (1955)
50,2,1064,4.119761843268407,Crossfire (1947)
50,3,1642,4.091363980016883,Some Mother's Son (1996)
50,4,1467,4.088294737784372,"Saint of Fort Washington, The (1993)"
50,5,169,4.062879350702711,"Wrong Trousers, The (1993)"
50,6,867,4.038366431578087,"Whole Wide World, The (1996)"
50,7,1554,4.0303469264568825,Safe Passage (1994)
50,8,1398,4.01536306506382,Anna (1996)
50,9,10,4.013317198590473,Richard III (1995)
50,10,1450,4.006134812160739,Golden Earrings (1947)
225,1,1512,5.0,"World of Apu, The (Apur Sansar) (1959)"
225,2,1449,5.0,Pather Panchali (1955)
225,3,1467,4.94109566195051,"Saint of Fort Washington, The (1993)"
225,4,169,4.8853730691040615,"Wrong Trousers, The (1993)"
225,5,867,4.869870005716281,"Whole Wide World, The (1996)"
225,6,1398,4.82655544890515,Anna (1996)
225,7,127,4.821965925767215,"Godfather, The (1972)"
225,8,483,4.820816158805106,Casablanca (1942)
225,9,408,4.813965975047367,"Close Shave, A (1995)"
225,10,178,4.812321917096024,12 Angry Men (1957)
290,1,1467,4.349249475390321,"Saint of Fort Washington, The (1993)"
290,2,1449,4.33760437708296,Pather Panchali (1955)
290,3,1554,4.216567045588518,Safe Passage (1994)
290,4,313,4.201621253628651,Titanic (1997)
290,5,1064,4.190553012957557,Crossfire (1947)
290,6,1189,4.187774818645653,Prefontaine (1997)
290,7,169,4.162574106130808,"Wrong Trousers, The (1993)"
290,8,1450,4.145283486078321,Golden Earrings (1947)
290,9,1512,4.087378691602473,"World of Apu, The (Apur Sansar) (1959)"
290,10,867,4.082390477582481,"Whole Wide World, The (1996)"
97,1,1449,4.6265196467879095,Pather Panchali (1955)
97,2,867,4.603982545998226,"Whole Wide World, The (1996)"
97,3,1368,4.557445191163424,Mina Tannenbaum (1994)
97,4,1467,4.545958072031822,"Saint of Fort Washington, The (1993)"
97,5,1064,4.542347171939593,Crossfire (1947)
97,6,119,4.470645294679558,Maya Lin: A Strong Clear Vision (1994)
97,7,114,4.445879621323214,Wallace & Gromit: The Best of Aardman Animation (1996)
97,8,1512,4.4268613929735565,"World of Apu, The (Apur Sansar) (1959)"
97,9,1500,4.408256499574622,Santa with Muscles (1996)
97,10,174,4.3923625665510695,Raiders of the Lost Ark (1981)
157,1,1512,5.0,"World of Apu, The (Apur Sansar) (1959)"
157,2,1449,4.949032966973832,Pather Panchali (1955)
157,3,169,4.9042584613337015,"Wrong Trousers, The (1993)"
157,4,1599,4.896264739664976,Someone Else's America (1995)
157,5,1467,4.872874174247268,"Saint of Fort Washington, The (1993)"
157,6,867,4.8385234058859075,"Whole Wide World, The (1996)"
157,7,12,4.824973352494996,"Usual Suspects, The (1995)"
157,8,408,4.816893409113206,"Close Shave, A (1995)"
157,9,119,4.813565245896082,Maya Lin: A Strong Clear Vision (1994)
157,10,114,4.808004532236492,Wallace & Gromit: The Best of Aardman Animation (1996)
278,1,1467,4.97326876196772,"Saint of Fort Washington, The (1993)"
278,2,318,4.96152942290007,Schindler's List (1993)
278,3,1449,4.96066240131891,Pather Panchali (1955)
278,4,64,4.8868281666563025,"Shawshank Redemption, The (1994)"
278,5,1512,4.874809027323564,"World of Apu, The (Apur Sansar) (1959)"
278,6,1450,4.826107552458987,Golden Earrings (1947)
278,7,320,4.803570386328833,Paradise Lost: The Child Murders at Robin Hood Hills (1996)
278,8,169,4.797085437242542,"Wrong Trousers, The (1993)"
278,9,408,4.791385612019307,"Close Shave, A (1995)"
278,10,1189,4.789794181016111,Prefontaine (1997)
7,1,1449,4.94434148285467,Pather Panchali (1955)
7,2,1467,4.909107220255586,"Saint of Fort Washington, The (1993)"
7,3,1512,4.88142369811789,"World of Apu, The (Apur Sansar) (1959)"
7,4,318,4.797055149972439,Schindler's List (1993)
7,5,1599,4.7749466527740525,Someone Else's America (1995)
7,6,867,4.749959197571181,"Whole Wide World, The (1996)"
7,7,169,4.728660154138713,"Wrong Trousers, The (1993)"
7,8,408,4.726881348738329,"Close Shave, A (1995)"
7,9,1189,4.72518169173378,Prefontaine (1997)
7,10,50,4.700911585758679,Star Wars (1977)
10,1,1449,4.98178224831409,Pather Panchali (1955)
10,2,1512,4.887123259921886,"World of Apu, The (Apur Sansar) (1959)"
10,3,1467,4.856407908407804,"Saint of Fort Washington, The (1993)"
10,4,318,4.795724568832664,Schindler's List (1993)
10,5,64,4.745325171778746,"Shawshank Redemption, The (1994)"
10,6,169,4.735251931671831,"Wrong Trousers, The (1993)"
10,7,867,4.701598751716173,"Whole Wide World, The (1996)"
10,8,408,4.697508818901955,"Close Shave, A (1995)"
10,9,1189,4.693938777489857,Prefontaine (1997)
10,10,1599,4.686496844702478,Someone Else's America (1995)
284,1,1449,4.815308611016277,Pather Panchali (1955)
284,2,1512,4.697581071093436,"World of Apu, The (Apur Sansar) (1959)"
284,3,1467,4.5140868001180365,"Saint of Fort Washington, The (1993)"
284,4,169,4.512512896264774,"Wrong Trousers, The (1993)"
284,5,119,4.510505578756354,Maya Lin: A Strong Clear Vision (1994)
284,6,1064,4.456796541808796,Crossfire (1947)
284,7,1642,4.4508720111389515,Some Mother's Son (1996)
284,8,318,4.4448297707111335,Schindler's List (1993)
284,9,178,4.441867078439065,12 Angry Men (1957)
284,10,408,4.43916847441827,"Close Shave, A (1995)"
201,1,1512,4.167613911425245,"World of Apu, The (Apur Sansar) (1959)"
201,2,1449,4.163206214097052,Pather Panchali (1955)
201,3,1599,4.030921439913917,Someone Else's America (1995)
201,4,1467,3.990010006806694,"Saint of Fort Washington, The (1993)"
201,5,178,3.921095500414236,12 Angry Men (1957)
201,6,169,3.918166787958124,"Wrong Trousers, The (1993)"
201,7,119,3.8934931818221523,Maya Lin: A Strong Clear Vision (1994)
201,8,64,3.882394248517659,"Shawshank Redemption, The (1994)"
201,9,1064,3.8714412088123007,Crossfire (1947)
201,10,320,3.8678458689644453,Paradise Lost: The Child Murders at Robin Hood Hills (1996)
276,1,1512,4.7755573461888305,"World of Apu, The (Apur Sansar) (1959)"
276,2,1449,4.751277450683363,Pather Panchali (1955)
276,3,1467,4.661774394112668,"Saint of Fort Washington, The (1993)"
276,4,114,4.53427380185932,Wallace & Gromit: The Best of Aardman Animation (1996)
276,5,178,4.5224421171723606,12 Angry Men (1957)
276,6,119,4.518711578845082,Maya Lin: A Strong Clear Vision (1994)
276,7,1599,4.500456431817865,Someone Else's America (1995)
276,8,483,4.479297210612755,Casablanca (1942)
276,9,320,4.474497020405176,Paradise Lost: The Child Murders at Robin Hood Hills (1996)
276,10,1398,4.441426130471023,Anna (1996)
287,1,1512,5.0,"World of Apu, The (Apur Sansar) (1959)"
287,2,1449,5.0,Pather Panchali (1955)
287,3,169,5.0,"Wrong Trousers, The (1993)"
287,4,1467,4.952814455848603,"Saint of Fort Washington, The (1993)"
287,5,114,4.942288820907551,Wallace & Gromit: The Best of Aardman Animation (1996)
287,6,408,4.92299977486858,"Close Shave, A (1995)"
287,7,12,4.909106222952437,"Usual Suspects, The (1995)"
287,8,318,4.878601791930734,Schindler's List (1993)
287,9,1064,4.8597483665639265,Crossfire (1947)
287,10,603,4.850432081977341,Rear Window (1954)
242,1,867,5.0,"Whole Wide World, The (1996)"
242,2,1512,5.0,"World of Apu, The (Apur Sansar) (1959)"
242,3,1449,5.0,Pather Panchali (1955)
242,4,318,5.0,Schindler's List (1993)
242,5,408,4.984549983350803,"Close Shave, A (1995)"
242,6,169,4.9746472131682005,"Wrong Trousers, The (1993)"
242,7,483,4.969917924305685,Casablanca (1942)
242,8,1639,4.969163528303784,Bitter Sugar (Azucar Amargo) (1996)
242,9,1064,4.945345353631008,Crossfire (1947)
242,10,64,4.942628422470736,"Shawshank Redemption, The (1994)"
249,1,1449,5.0,Pather Panchali (1955)
249,2,1512,5.0,"World of Apu, The (Apur Sansar) (1959)"
249,3,1467,4.893239515975969,"Saint of Fort Washington, The (1993)"
249,4,114,4.787660477213189,Wallace & Gromit: The Best of Aardman Animation (1996)
249,5,178,4.769700259088105,12 Angry Men (1957)
249,6,119,4.755905291479942,Maya Lin: A Strong Clear Vision (1994)
249,7,12,4.738220359245314,"Usual Suspects, The (1995)"
249,8,1599,4.73110533510087,Someone Else's America (1995)
249,9,320,4.723092726582081,Paradise Lost: The Child Murders at Robin Hood Hills (1996)
249,10,127,4.708880514020702,"Godfather, The (1972)"
99,1,1449,4.69421447336693,Pather Panchali (1955)
99,2,1467,4.660951173660303,"Saint of Fort Washington, The (1993)"
99,3,1512,4.589497637234129,"World of Apu, The (Apur Sansar) (1959)"
99,4,169,4.581603989985405,"Wrong Trousers, The (1993)"
99,5,318,4.562294873521318,Schindler's List (1993)
99,6,1599,4.542621544333492,Someone Else's America (1995)
99,7,1064,4.511170169792393,Crossfire (1947)
99,8,1189,4.510957264085564,Prefontaine (1997)
99,9,357,4.493034495121879,One Flew Over the Cuckoo's Nest (1975)
99,10,867,4.479016783000479,"Whole Wide World, The (1996)"
178,1,1449,4.6513163034244815,Pather Panchali (1955)
178,2,1467,4.605879214418205,"Saint of Fort Washington, The (1993)"
178,3,1189,4.541562630840843,Prefontaine (1997)
178,4,169,4.521824375333644,"Wrong Trousers, The (1993)"
178,5,1064,4.498385831460555,Crossfire (1947)
178,6,867,4.493499295746857,"Whole Wide World, The (1996)"
178,7,1554,4.448319762906897,Safe Passage (1994)
178,8,1512,4.447725592633278,"World of Apu, The (Apur Sansar) (1959)"
178,9,1450,4.437210193653696,Golden Earrings (1947)
178,10,408,4.41745944156051,"Close Shave, A (1995)"
81,1,1449,4.521720827018168,Pather Panchali (1955)
81,2,64,4.353655158921767,"Shawshank Redemption, The (1994)"
81,3,1512,4.326682928912857,"World of Apu, The (Apur Sansar) (1959)"
81,4,1450,4.257676507076191,Golden Earrings (1947)
81,5,1467,4.255448108327311,"Saint of Fort Washington, The (1993)"
81,6,272,4.2249670649113185,Good Will Hunting (1997)
81,7,1554,4.214955068996877,Safe Passage (1994)
81,8,313,4.203946371437029,Titanic (1997)
81,9,1064,4.194661668905435,Crossfire (1947)
81,10,178,4.185861208949531,12 Angry Men (1957)
260,1,867,5.0,"Whole Wide World, The (1996)"
260,2,1233,5.0,Nénette et Boni (1996)
260,3,1449,5.0,Pather Panchali (1955)
260,4,1062,4.983964196192129,Four Days in September (1997)
260,5,1599,4.963197010085883,Someone Else's America (1995)
260,6,1467,4.955298380906121,"Saint of Fort Washington, The (1993)"
260,7,408,4.949903018968282,"Close Shave, A (1995)"
260,8,1639,4.945910035052447,Bitter Sugar (Azucar Amargo) (1996)
260,9,1368,4.942163827245442,Mina Tannenbaum (1994)
260,10,1512,4.936710862127572,"World of Apu, The (Apur Sansar) (1959)"
25,1,1449,4.768618819485589,Pather Panchali (1955)
25,2,1467,4.625151970922483,"Saint of Fort Washington, The (1993)"
25,3,318,4.6122766456561,Schindler's List (1993)
25,4,64,4.599671064496776,"Shawshank Redemption, The (1994)"
25,5,1189,4.569390558628943,Prefontaine (1997)
25,6,1512,4.551264237067583,"World of Apu, The (Apur Sansar) (1959)"
25,7,1450,4.523977531514299,Golden Earrings (1947)
25,8,1064,4.508418653254864,Crossfire (1947)
25,9,867,4.49175139983422,"Whole Wide World, The (1996)"
25,10,313,4.48799496283191,Titanic (1997)
72,1,1449,4.798596513095597,Pather Panchali (1955)
72,2,1512,4.63725783759069,"World of Apu, The (Apur Sansar) (1959)"
72,3,1467,4.627151154694482,"Saint of Fort Washington, The (1993)"
72,4,178,4.522453351257385,12 Angry Men (1957)
72,5,1599,4.471938373281418,Someone Else's America (1995)
72,6,272,4.46515539820315,Good Will Hunting (1997)
72,7,408,4.462763252173684,"Close Shave, A (1995)"
72,8,169,4.462020204011305,"Wrong Trousers, The (1993)"
72,9,1064,4.459670004567623,Crossfire (1947)
72,10,483,4.451640791592,Casablanca (1942)
87,1,1449,4.831035017582306,Pather Panchali (1955)
87,2,1467,4.783337218015858,"Saint of Fort Washington, The (1993)"
87,3,50,4.665559759658056,Star Wars (1977)
87,4,1064,4.6481430529961365,Crossfire (1947)
87,5,1554,4.638633537430905,Safe Passage (1994)
87,6,867,4.630265277857783,"Whole Wide World, The (1996)"
87,7,1512,4.619353309436102,"World of Apu, The (Apur Sansar) (1959)"
87,8,169,4.617364745622509,"Wrong Trousers, The (1993)"
87,9,313,4.607027682988768,Titanic (1997)
87,10,483,4.582041127439772,Casablanca (1942)
20,1,1449,4.125741913172569,Pather Panchali (1955)
20,2,1368,3.871962935169823,Mina Tannenbaum (1994)
20,3,1233,3.86816447924145,Nénette et Boni (1996)
20,4,1189,3.848009043452151,Prefontaine (1997)
20,5,1064,3.84026521627579,Crossfire (1947)
20,6,867,3.827061567987259,"Whole Wide World, The (1996)"
20,7,318,3.808354680945468,Schindler's List (1993)
20,8,966,3.806311204908844,"Affair to Remember, An (1957)"
20,9,1467,3.7798824845737746,"Saint of Fort Washington, The (1993)"
20,10,1400,3.7758466790910776,Picture Bride (1995)
13,1,1449,4.5642807564888,Pather Panchali (1955)
13,2,169,4.363503758957877,"Wrong Trousers, The (1993)"
13,3,408,4.3621636215751955,"Close Shave, A (1995)"
13,4,1599,4.333296901114288,Someone Else's America (1995)
13,5,512,4.312660429381882,Wings of Desire (1987)
13,6,1512,4.290412112486553,"World of Apu, The (Apur Sansar) (1959)"
13,7,1189,4.282635690840892,Prefontaine (1997)
13,8,114,4.2755087250538315,Wallace & Gromit: The Best of Aardman Animation (1996)
13,9,480,4.2286130204485115,North by Northwest (1959)
13,10,119,4.224045594642761,Maya Lin: A Strong Clear Vision (1994)
246,1,1512,4.379017426708366,"World of Apu, The (Apur Sansar) (1959)"
246,2,1467,4.294129164527349,"Saint of Fort Washington, The (1993)"
246,3,169,4.27305416932607,"Wrong Trousers, The (1993)"
246,4,320,4.260761046654924,Paradise Lost: The Child Murders at Robin Hood Hills (1996)
246,5,1449,4.254412029188021,Pather Panchali (1955)
246,6,408,4.238424232725279,"Close Shave, A (1995)"
246,7,127,4.196435902501117,"Godfather, The (1972)"
246,8,119,4.193357851929491,Maya Lin: A Strong Clear Vision (1994)
246,9,1398,4.143960254878793,Anna (1996)
246,10,134,4.121935073613401,Citizen Kane (1941)
138,1,1449,4.9343406120668725,Pather Panchali (1955)
138,2,1467,4.801036983250147,"Saint of Fort Washington, The (1993)"
138,3,1512,4.7797518969409785,"World of Apu, The (Apur Sansar) (1959)"
138,4,169,4.712723112070543,"Wrong Trousers, The (1993)"
138,5,867,4.693737936270815,"Whole Wide World, The (1996)"
138,6,64,4.693212786854877,"Shawshank Redemption, The (1994)"
138,7,1189,4.655771654885509,Prefontaine (1997)
138,8,1599,4.655499940752304,Someone Else's America (1995)
138,9,1064,4.643001835664315,Crossfire (1947)
138,10,408,4.622824088915757,"Close Shave, A (1995)"
60,1,1449,4.994087216578716,Pather Panchali (1955)
60,2,1512,4.828598981728117,"World of Apu, The (Apur Sansar) (1959)"
60,3,1467,4.760020560551522,"Saint of Fort Washington, The (1993)"
60,4,169,4.749195699781771,"Wrong Trousers, The (1993)"
60,5,867,4.7239318819662826,"Whole Wide World, The (1996)"
60,6,408,4.713185389462651,"Close Shave, A (1995)"
60,7,318,4.648780889460255,Schindler's List (1993)
60,8,1064,4.648170020835487,Crossfire (1947)
60,9,603,4.6302539707748,Rear Window (1954)
60,10,1599,4.630084459366187,Someone Else's America (1995)
57,1,1449,4.619811356981762,Pather Panchali (1955)
57,2,1467,4.575108546456735,"Saint of Fort Washington, The (1993)"
57,3,318,4.500946452360667,Schindler's List (1993)
57,4,174,4.476899451620199,Raiders of the Lost Ark (1981)
57,5,1189,4.476200925666331,Prefontaine (1997)
57,6,169,4.4588214191670925,"Wrong Trousers, The (1993)"
57,7,1512,4.446616831085911,"World of Apu, The (Apur Sansar) (1959)"
57,8,1554,4.41375449792983,Safe Passage (1994)
57,9,313,4.399303029300614,Titanic (1997)
57,10,867,4.3967099462710735,"Whole Wide World, The (1996)"
223,1,1467,4.3937512048268825,"Saint of Fort Washington, The (1993)"
223,2,174,4.336138409024323,Raiders of the Lost Ark (1981)
223,3,1554,4.238557890011624,Safe Passage (1994)
223,4,50,4.233607919072853,Star Wars (1977)
223,5,1189,4.223344837067458,Prefontaine (1997)
223,6,64,4.2206830299101155,"Shawshank Redemption, The (1994)"
223,7,318,4.195231116176555,Schindler's List (1993)
223,8,1449,4.16683957292233,Pather Panchali (1955)
223,9,1418,4.15213339077222,"Joy Luck Club, The (1993)"
223,10,172,4.130997886182905,"Empire Strikes Back, The (1980)"
189,1,1512,4.829829886892053,"World of Apu, The (Apur Sansar) (1959)"
189,2,1449,4.822051292937617,Pather Panchali (1955)
189,3,1467,4.731991858370592,"Saint of Fort Washington, The (1993)"
189,4,408,4.684802945235953,"Close Shave, A (1995)"
189,5,320,4.668630199400622,Paradise Lost: The Child Murders at Robin Hood Hills (1996)
189,6,169,4.662686285917597,"Wrong Trousers, The (1993)"
189,7,1599,4.657595102201557,Someone Else's America (1995)
189,8,119,4.644032020662681,Maya Lin: A Strong Clear Vision (1994)
189,9,1398,4.638692294275532,Anna (1996)
189,10,357,4.620046606411192,One Flew Over the Cuckoo's Nest (1975)
243,1,1449,4.689798824230566,Pather Panchali (1955)
243,2,1512,4.613913709211628,"World of Apu, The (Apur Sansar) (1959)"
243,3,1599,4.4360310462336745,Someone Else's America (1995)
243,4,1467,4.418606888091585,"Saint of Fort Washington, The (1993)"
243,5,408,4.412256734832511,"Close Shave, A (1995)"
243,6,169,4.377586050425585,"Wrong Trousers, The (1993)"
243,7,119,4.370744807351669,Maya Lin: A Strong Clear Vision (1994)
243,8,603,4.366192126176182,Rear Window (1954)
243,9,483,4.352549905697964,Casablanca (1942)
243,10,178,4.338616298234866,12 Angry Men (1957)
92,1,1449,4.574797463229512,Pather Panchali (1955)
92,2,1512,4.549028592959811,"World of Apu, The (Apur Sansar) (1959)"
92,3,408,4.369393215223972,"Close Shave, A (1995)"
92,4,1467,4.347706323797693,"Saint of Fort Washington, The (1993)"
92,5,114,4.300277305128913,Wallace & Gromit: The Best of Aardman Animation (1996)
92,6,12,4.274250730298027,"Usual Suspects, The (1995)"
92,7,483,4.272656700259105,Casablanca (1942)
92,8,119,4.270480689345648,Maya Lin: A Strong Clear Vision (1994)
92,9,127,4.251094337117642,"Godfather, The (1972)"
92,10,1599,4.242587355951868,Someone Else's America (1995)
241,1,1449,4.594878805909019,Pather Panchali (1955)
241,2,1512,4.429639023956971,"World of Apu, The (Apur Sansar) (1959)"
241,3,169,4.374393162755264,"Wrong Trousers, The (1993)"
241,4,408,4.358614729267845,"Close Shave, A (1995)"
241,5,114,4.334174508932986,Wallace & Gromit: The Best of Aardman Animation (1996)
241,6,1467,4.331099655203916,"Saint of Fort Washington, The (1993)"
241,7,867,4.315973384265849,"Whole Wide World, The (1996)"
241,8,318,4.304204219807862,Schindler's List (1993)
241,9,64,4.29458966057045,"Shawshank Redemption, The (1994)"
241,10,1064,4.22989339900599,Crossfire (1947)
293,1,1449,4.292893280765053,Pather Panchali (1955)
293,2,1512,4.284012524792678,"World of Apu, The (Apur Sansar) (1959)"
293,3,1467,4.079860928907077,"Saint of Fort Washington, The (1993)"
293,4,408,4.073986326791236,"Close Shave, A (1995)"
293,5,169,4.048932336953568,"Wrong Trousers, The (1993)"
293,6,127,4.035469291120324,"Godfather, The (1972)"
293,7,178,4.016015111950375,12 Angry Men (1957)
293,8,1599,4.007334688412441,Someone Else's America (1995)
293,9,114,3.9957044059539664,Wallace & Gromit: The Best of Aardman Animation (1996)
293,10,119,3.9932045375621072,Maya Lin: A Strong Clear Vision (1994)
127,1,1269,5.0,Love in the Afternoon (1957)
127,2,1500,5.0,Santa with Muscles (1996)
127,3,1467,5.0,"Saint of Fort Washington, The (1993)"
127,4,1189,5.0,Prefontaine (1997)
127,5,1368,4.918202163158168,Mina Tannenbaum (1994)
127,6,174,4.916081958304335,Raiders of the Lost Ark (1981)
127,7,1064,4.895307650408554,Crossfire (1947)
127,8,96,4.885141987201933,Terminator 2: Judgment Day (1991)
127,9,1651,4.85816128652017,"Spanish Prisoner, The (1997)"
127,10,966,4.85003115607763,"Affair to Remember, An (1957)"
222,1,1449,4.354265224885557,Pather Panchali (1955)
222,2,1467,4.202614330252906,"Saint of Fort Washington, The (1993)"
222,3,1512,4.181691960977703,"World of Apu, The (Apur Sansar) (1959)"
222,4,169,4.131275299779197,"Wrong Trousers, The (1993)"
222,5,1189,4.096946658952765,Prefontaine (1997)
222,6,1064,4.03000427139058,Crossfire (1947)
222,7,867,4.01055318514302,"Whole Wide World, The (1996)"
222,8,408,4.005349306855868,"Close Shave, A (1995)"
222,9,1450,3.9946811898545054,Golden Earrings (1947)
222,10,313,3.9828781032226734,Titanic (1997)
267,1,1512,5.0,"World of Apu, The (Apur Sansar) (1959)"
267,2,1449,5.0,Pather Panchali (1955)
267,3,1467,4.961838185162988,"Saint of Fort Washington, The (1993)"
267,4,1599,4.888098140190504,Someone Else's America (1995)
267,5,119,4.849712973984629,Maya Lin: A Strong Clear Vision (1994)
267,6,867,4.827826528004076,"Whole Wide World, The (1996)"
267,7,178,4.824408055618086,12 Angry Men (1957)
267,8,603,4.821208945498509,Rear Window (1954)
267,9,357,4.805247874614261,One Flew Over the Cuckoo's Nest (1975)
267,10,318,4.802160831552072,Schindler's List (1993)
42,1,1449,4.546805575393201,Pather Panchali (1955)
42,2,1467,4.545683419723836,"Saint of Fort Washington, The (1993)"
42,3,1189,4.53201938190238,Prefontaine (1997)
42,4,313,4.457623767710144,Titanic (1997)
42,5,867,4.43555864633007,"Whole Wide World, The (1996)"
42,6,169,4.422438022186315,"Wrong Trousers, The (1993)"
42,7,22,4.405292509216119,Braveheart (1995)
42,8,1064,4.405231601130375,Crossfire (1947)
42,9,1554,4.356559831914063,Safe Passage (1994)
42,10,966,4.339735545639478,"Affair to Remember, An (1957)"
11,1,1449,4.572684313874122,Pather Panchali (1955)
11,2,1512,4.371013463941366,"World of Apu, The (Apur Sansar) (1959)"
11,3,408,4.367560272582088,"Close Shave, A (1995)"
11,4,169,4.353923158954394,"Wrong Trousers, The (1993)"
11,5,1467,4.343383787729706,"Saint of Fort Washington, The (1993)"
11,6,64,4.285849796357521,"Shawshank Redemption, The (1994)"
11,7,483,4.280958829762616,Casablanca (1942)
11,8,114,4.256539023515485,Wallace & Gromit: The Best of Aardman Animation (1996)
11,9,1642,4.243482519186551,Some Mother's Son (1996)
11,10,1064,4.2388032551886,Crossfire (1947)
8,1,1449,4.963932317306733,Pather Panchali (1955)
8,2,1512,4.84937870566115,"World of Apu, The (Apur Sansar) (1959)"
8,3,119,4.816640707012003,Maya Lin: A Strong Clear Vision (1994)
8,4,408,4.767198397654891,"Close Shave, A (1995)"
8,5,169,4.757307583734467,"Wrong Trousers, The (1993)"
8,6,867,4.674303369145649,"Whole Wide World, The (1996)"
8,7,483,4.622845514073169,Casablanca (1942)
8,8,114,4.622379234400759,Wallace & Gromit: The Best of Aardman Animation (1996)
8,9,64,4.608778175607231,"Shawshank Redemption, The (1994)"
8,10,1064,4.599455138610409,Crossfire (1947)
145,1,1467,4.60395191093046,"Saint of Fort Washington, The (1993)"
145,2,169,4.524367619190456,"Wrong Trousers, The (1993)"
145,3,12,4.505355333697542,"Usual Suspects, The (1995)"
145,4,1512,4.49248044084535,"World of Apu, The (Apur Sansar) (1959)"
145,5,1449,4.491669325125826,Pather Panchali (1955)
145,6,1599,4.453328499016094,Someone Else's America (1995)
145,7,408,4.426871949741723,"Close Shave, A (1995)"
145,8,357,4.412777094598637,One Flew Over the Cuckoo's Nest (1975)
145,9,1189,4.4077834321056875,Prefontaine (1997)
145,10,641,4.405701557277267,Paths of Glory (1957)
28,1,1449,4.586048418020261,Pather Panchali (1955)
28,2,1467,4.534943228251555,"Saint of Fort Washington, The (1993)"
28,3,169,4.497168719453695,"Wrong Trousers, The (1993)"
28,4,1512,4.489130138015025,"World of Apu, The (Apur Sansar) (1959)"
28,5,64,4.456238097629648,"Shawshank Redemption, The (1994)"
28,6,318,4.409073038985593,Schindler's List (1993)
28,7,172,4.392624874027789,"Empire Strikes Back, The (1980)"
28,8,1064,4.390904102231337,Crossfire (1947)
28,9,12,4.39017015089812,"Usual Suspects, The (1995)"
28,10,1189,4.379395172926011,Prefontaine (1997)
135,1,1449,4.628644267936627,Pather Panchali (1955)
135,2,1512,4.506137361677859,"World of Apu, The (Apur Sansar) (1959)"
135,3,169,4.41885472932259,"Wrong Trousers, The (1993)"
135,4,1467,4.418651195587523,"Saint of Fort Washington, The (1993)"
135,5,64,4.3543869835542,"Shawshank Redemption, The (1994)"
135,6,318,4.353237601737984,Schindler's List (1993)
135,7,408,4.3392946322983,"Close Shave, A (1995)"
135,8,867,4.317212881563996,"Whole Wide World, The (1996)"
135,9,119,4.310187825730379,Maya Lin: A Strong Clear Vision (1994)
135,10,178,4.30110777947167,12 Angry Men (1957)
32,1,1449,4.469007135697316,Pather Panchali (1955)
32,2,1467,4.369297980268357,"Saint of Fort Washington, The (1993)"
32,3,1512,4.35610748887024,"World of Apu, The (Apur Sansar) (1959)"
32,4,64,4.2189927829663105,"Shawshank Redemption, The (1994)"
32,5,318,4.204308533104713,Schindler's List (1993)
32,6,178,4.185762104163319,12 Angry Men (1957)
32,7,1064,4.1632507166395545,Crossfire (1947)
32,8,169,4.159574026019696,"Wrong Trousers, The (1993)"
32,9,12,4.1200187201310445,"Usual Suspects, The (1995)"
32,10,603,4.117320546815795,Rear Window (1954)
90,1,1449,5.0,Pather Panchali (1955)
90,2,1512,4.9395458169654365,"World of Apu, The (Apur Sansar) (1959)"
90,3,1467,4.786653093419062,"Saint of Fort Washington, The (1993)"
90,4,1398,4.770142501764175,Anna (1996)
90,5,603,4.763173971285286,Rear Window (1954)
90,6,408,4.742357437541205,"Close Shave, A (1995)"
90,7,1064,4.733325127570639,Crossfire (1947)
90,8,169,4.724675260880005,"Wrong Trousers, The (1993)"
90,9,1599,4.7137480269013645,Someone Else's America (1995)
90,10,1189,4.684418482932082,Prefontaine (1997)
250,1,1449,4.844676518924892,Pather Panchali (1955)
250,2,1467,4.756836805411669,"Saint of Fort Washington, The (1993)"
250,3,1512,4.753170717497597,"World of Apu, The (Apur Sansar) (1959)"
250,4,867,4.624116803068701,"Whole Wide World, The (1996)"
250,5,1599,4.617120766626845,Someone Else's America (1995)
250,6,318,4.6030125967531905,Schindler's List (1993)
250,7,178,4.569194696169528,12 Angry Men (1957)
250,8,1398,4.568339883376674,Anna (1996)
250,9,408,4.547439855852949,"Close Shave, A (1995)"
250,10,1064,4.547241172042441,Crossfire (1947)
271,1,1449,4.4704437648269195,Pather Panchali (1955)
271,2,1512,4.354735128683953,"World of Apu, The (Apur Sansar) (1959)"
271,3,1467,4.284809739681056,"Saint of Fort Washington, The (1993)"
271,4,867,4.2786128685822815,"Whole Wide World, The (1996)"
271,5,483,4.237277733490544,Casablanca (1942)
271,6,408,4.233026939237916,"Close Shave, A (1995)"
271,7,178,4.217078416219963,12 Angry Men (1957)
271,8,169,4.21182571183029,"Wrong Trousers, The (1993)"
271,9,1398,4.189944643354416,Anna (1996)
271,10,357,4.183363056587325,One Flew Over the Cuckoo's Nest (1975)
168,1,318,4.48385745560615,Schindler's List (1993)
168,2,1233,4.452319225357463,Nénette et Boni (1996)
168,3,64,4.427774851658123,"Shawshank Redemption, The (1994)"
168,4,1449,4.404784078749093,Pather Panchali (1955)
168,5,174,4.399155035822343,Raiders of the Lost Ark (1981)
168,6,1467,4.384706843040484,"Saint of Fort Washington, The (1993)"
168,7,1189,4.379291681973973,Prefontaine (1997)
168,8,1450,4.371401787156873,Golden Earrings (1947)
168,9,22,4.337317379806431,Braveheart (1995)
168,10,1554,4.336523773908521,Safe Passage (1994)
58,1,320,4.614025903036971,Paradise Lost: The Child Murders at Robin Hood Hills (1996)
58,2,1449,4.5824471582832995,Pather Panchali (1955)
58,3,1467,4.535953232008061,"Saint of Fort Washington, The (1993)"
58,4,1512,4.53583703614038,"World of Apu, The (Apur Sansar) (1959)"
58,5,114,4.526519895563557,Wallace & Gromit: The Best of Aardman Animation (1996)
58,6,1642,4.4564984616383825,Some Mother's Son (1996)
58,7,178,4.4094134091772705,12 Angry Men (1957)
58,8,12,4.407167447147401,"Usual Suspects, The (1995)"
58,9,1367,4.361817983666004,Faust (1994)
58,10,357,4.334908172448699,One Flew Over the Cuckoo's Nest (1975)
279,1,867,4.397230994128827,"Whole Wide World, The (1996)"
279,2,1449,4.35713701507631,Pather Panchali (1955)
279,3,1467,4.321125570121549,"Saint of Fort Washington, The (1993)"
279,4,1368,4.229867662012729,Mina Tannenbaum (1994)
279,5,1064,4.229325911052588,Crossfire (1947)
279,6,1642,4.222518770309995,Some Mother's Son (1996)
279,7,1189,4.209224418383347,Prefontaine (1997)
279,8,408,4.204805334460891,"Close Shave, A (1995)"
279,9,851,4.15317779278051,Two or Three Things I Know About Her (1966)
279,10,1367,4.148819474838373,Faust (1994)
237,1,1449,4.76957575349884,Pather Panchali (1955)
237,2,1467,4.59252990235717,"Saint of Fort Washington, The (1993)"
237,3,1512,4.578839023626637,"World of Apu, The (Apur Sansar) (1959)"
237,4,867,4.519516599308528,"Whole Wide World, The (1996)"
237,5,318,4.456457606736396,Schindler's List (1993)
237,6,114,4.448962924604363,Wallace & Gromit: The Best of Aardman Animation (1996)
237,7,119,4.436350339735403,Maya Lin: A Strong Clear Vision (1994)
237,8,1064,4.42855142021458,Crossfire (1947)
237,9,1189,4.4272090968978155,Prefontaine (1997)
237,10,12,4.42570293849725,"Usual Suspects, The (1995)"
94,1,1512,4.903700537659453,"World of Apu, The (Apur Sansar) (1959)"
94,2,1449,4.896785210518671,Pather Panchali (1955)
94,3,408,4.692043483225842,"Close Shave, A (1995)"
94,4,119,4.652553182471794,Maya Lin: A Strong Clear Vision (1994)
94,5,169,4.6461827083011675,"Wrong Trousers, The (1993)"
94,6,1467,4.62970879100667,"Saint of Fort Washington, The (1993)"
94,7,178,4.617540119561208,12 Angry Men (1957)
94,8,1599,4.600883724359322,Someone Else's America (1995)
94,9,114,4.599986731648731,Wallace & Gromit: The Best of Aardman Animation (1996)
94,10,474,4.591180374119349,Dr. Strangelove or: How I Learned to Stop Worrying and Love the Bomb (1963)
44,1,1449,4.662466681429857,Pather Panchali (1955)
44,2,1467,4.519387396984005,"Saint of Fort Washington, The (1993)"
44,3,1512,4.487959241808935,"World of Apu, The (Apur Sansar) (1959)"
44,4,169,4.479766488830589,"Wrong Trousers, The (1993)"
44,5,867,4.453832427294272,"Whole Wide World, The (1996)"
44,6,408,4.413455125793432,"Close Shave, A (1995)"
44,7,12,4.343367059665327,"Usual Suspects, The (1995)"
44,8,119,4.339257895530195,Maya Lin: A Strong Clear Vision (1994)
44,9,1189,4.334895739474216,Prefontaine (1997)
44,10,50,4.327803079158009,Star Wars (1977)
264,1,169,5.0,"Wrong Trousers, The (1993)"
264,2,1449,5.0,Pather Panchali (1955)
264,3,1512,5.0,"World of Apu, The (Apur Sansar) (1959)"
264,4,1599,5.0,Someone Else's America (1995)
264,5,867,5.0,"Whole Wide World, The (1996)"
264,6,119,4.991890387315636,Maya Lin: A Strong Clear Vision (1994)
264,7,408,4.985001859056374,"Close Shave, A (1995)"
264,8,127,4.938944947557266,"Godfather, The (1972)"
264,9,1467,4.929786854993683,"Saint of Fort Washington, The (1993)"
264,10,1398,4.895666864149083,Anna (1996)
41,1,1449,4.6681811372516036,Pather Panchali (1955)
41,2,1512,4.603123653805114,"World of Apu, The (Apur Sansar) (1959)"
41,3,169,4.487685235226715,"Wrong Trousers, The (1993)"
41,4,867,4.449423247206952,"Whole Wide World, The (1996)"
41,5,408,4.418939369366194,"Close Shave, A (1995)"
41,6,1467,4.407809864600719,"Saint of Fort Washington, The (1993)"
41,7,114,4.37993062766576,Wallace & Gromit: The Best of Aardman Animation (1996)
41,8,851,4.375713072831064,Two or Three Things I Know About Her (1966)
41,9,1599,4.362454452350468,Someone Else's America (1995)
41,10,119,4.357625694672125,Maya Lin: A Strong Clear Vision (1994)
82,1,1449,4.2478918631023745,Pather Panchali (1955)
82,2,1467,4.114724955429957,"Saint of Fort Washington, The (1993)"
82,3,1512,4.084338512515468,"World of Apu, The (Apur Sansar) (1959)"
82,4,64,4.028065773518509,"Shawshank Redemption, The (1994)"
82,5,867,4.011081553276308,"Whole Wide World, The (1996)"
82,6,483,3.9623189833207966,Casablanca (1942)
82,7,1189,3.960708001864974,Prefontaine (1997)
82,8,1064,3.941313521551295,Crossfire (1947)
82,9,408,3.937094138633981,"Close Shave, A (1995)"
82,10,1642,3.9358514540590592,Some Mother's Son (1996)
262,1,1449,4.2779665424574125,Pather Panchali (1955)
262,2,1512,4.066976729297997,"World of Apu, The (Apur Sansar) (1959)"
262,3,1467,4.037700576082072,"Saint of Fort Washington, The (1993)"
262,4,408,4.03144934926341,"Close Shave, A (1995)"
262,5,867,4.031164639477055,"Whole Wide World, The (1996)"
262,6,1064,3.9699016880112175,Crossfire (1947)
262,7,603,3.9542508947552344,Rear Window (1954)
262,8,1398,3.952852214882732,Anna (1996)
262,9,1599,3.95058603520982,Someone Else's America (1995)
262,10,483,3.9459106734627416,Casablanca (1942)
216,1,1449,4.85659595589843,Pather Panchali (1955)
216,2,1512,4.843044054750575,"World of Apu, The (Apur Sansar) (1959)"
216,3,1467,4.666490696925735,"Saint of Fort Washington, The (1993)"
216,4,1599,4.615958628751792,Someone Else's America (1995)
216,5,127,4.5636675938184155,"Godfather, The (1972)"
216,6,178,4.560612529239367,12 Angry Men (1957)
216,7,603,4.5412031702235405,Rear Window (1954)
216,8,114,4.53626018139483,Wallace & Gromit: The Best of Aardman Animation (1996)
216,9,119,4.527963056089145,Maya Lin: A Strong Clear Vision (1994)
216,10,1524,4.511712896591492,Kaspar Hauser (1993)
59,1,1449,4.91573463119665,Pather Panchali (1955)
59,2,1512,4.843317003857762,"World of Apu, The (Apur Sansar) (1959)"
59,3,1467,4.7896015560332055,"Saint of Fort Washington, The (1993)"
59,4,119,4.738497632317806,Maya Lin: A Strong Clear Vision (1994)
59,5,408,4.719139590414357,"Close Shave, A (1995)"
59,6,867,4.665581981311457,"Whole Wide World, The (1996)"
59,7,1599,4.648739583592709,Someone Else's America (1995)
59,8,114,4.63220689392191,Wallace & Gromit: The Best of Aardman Animation (1996)
59,9,178,4.608061760451881,12 Angry Men (1957)
59,10,1398,4.597906027926122,Anna (1996)
174,1,1449,5.0,Pather Panchali (1955)
174,2,718,5.0,In the Bleak Midwinter (1995)
174,3,1512,4.928585292888674,"World of Apu, The (Apur Sansar) (1959)"
174,4,1142,4.828187228468392,When We Were Kings (1996)
174,5,408,4.749819406152915,"Close Shave, A (1995)"
174,6,64,4.743981597267563,"Shawshank Redemption, The (1994)"
174,7,272,4.720651493432314,Good Will Hunting (1997)
174,8,318,4.712715032822669,Schindler's List (1993)
174,9,1398,4.7021722512472355,Anna (1996)
174,10,483,4.694378857759069,Casablanca (1942)
43,1,1449,4.647367861129519,Pather Panchali (1955)
43,2,1467,4.570992800325309,"Saint of Fort Washington, The (1993)"
43,3,1512,4.450418459168929,"World of Apu, The (Apur Sansar) (1959)"
43,4,1189,4.438437589631756,Prefontaine (1997)
43,5,1450,4.401305182190343,Golden Earrings (1947)
43,6,1064,4.376255929921037,Crossfire (1947)
43,7,1554,4.357856549542185,Safe Passage (1994)
43,8,178,4.351061227064709,12 Angry Men (1957)
43,9,22,4.347224720149893,Braveheart (1995)
43,10,867,4.33184088695222,"Whole Wide World, The (1996)"
84,1,1449,4.834755896149765,Pather Panchali (1955)
84,2,1512,4.687943648358739,"World of Apu, The (Apur Sansar) (1959)"
84,3,1467,4.676356188687606,"Saint of Fort Washington, The (1993)"
84,4,408,4.649731372084233,"Close Shave, A (1995)"
84,5,169,4.634375012800462,"Wrong Trousers, The (1993)"
84,6,867,4.628595933566788,"Whole Wide World, The (1996)"
84,7,483,4.571976609590738,Casablanca (1942)
84,8,1064,4.566898058390758,Crossfire (1947)
84,9,603,4.544712198724368,Rear Window (1954)
84,10,178,4.538551844781879,12 Angry Men (1957)
269,1,1512,4.204801374385091,"World of Apu, The (Apur Sansar) (1959)"
269,2,1449,4.180701930397834,Pather Panchali (1955)
269,3,60,4.1329401337019664,Three Colors: Blue (1993)
269,4,119,4.085182678748221,Maya Lin: A Strong Clear Vision (1994)
269,5,127,4.048971591636489,"Godfather, The (1972)"
269,6,1597,4.040774286674673,Romper Stomper (1992)
269,7,1599,4.030367323241295,Someone Else's America (1995)
269,8,851,4.024239519375145,Two or Three Things I Know About Her (1966)
269,9,408,3.9877732265026236,"Close Shave, A (1995)"
269,10,1021,3.9849268694639353,8 1/2 (1963)
259,1,1449,4.87286794941955,Pather Panchali (1955)
259,2,1512,4.745221874389044,"World of Apu, The (Apur Sansar) (1959)"
259,3,1467,4.731757814096978,"Saint of Fort Washington, The (1993)"
259,4,169,4.653115355653262,"Wrong Trousers, The (1993)"
259,5,1599,4.6200828192409285,Someone Else's America (1995)
259,6,867,4.617267238116088,"Whole Wide World, The (1996)"
259,7,318,4.6011762338484905,Schindler's List (1993)
259,8,1064,4.597247374719556,Crossfire (1947)
259,9,114,4.591800999342354,Wallace & Gromit: The Best of Aardman Animation (1996)
259,10,408,4.579973263264792,"Close Shave, A (1995)"
85,1,1449,4.5114105511748726,Pather Panchali (1955)
85,2,1512,4.419598712135491,"World of Apu, The (Apur Sansar) (1959)"
85,3,1467,4.378616352717166,"Saint of Fort Washington, The (1993)"
85,4,318,4.327173411557861,Schindler's List (1993)
85,5,169,4.296143835971303,"Wrong Trousers, The (1993)"
85,6,867,4.29281013876134,"Whole Wide World, The (1996)"
85,7,408,4.292160586685788,"Close Shave, A (1995)"
85,8,1599,4.259758646195808,Someone Else's America (1995)
85,9,178,4.25908487853515,12 Angry Men (1957)
85,10,1398,4.251073771461752,Anna (1996)
49,1,1512,4.253778245267529,"World of Apu, The (Apur Sansar) (1959)"
49,2,1449,4.182215979552017,Pather Panchali (1955)
49,3,408,4.094358986481164,"Close Shave, A (1995)"
49,4,119,4.06997580019744,Maya Lin: A Strong Clear Vision (1994)
49,5,60,4.038360378569655,Three Colors: Blue (1993)
49,6,474,4.030358312247673,Dr. Strangelove or: How I Learned to Stop Worrying and Love the Bomb (1963)
49,7,137,4.015896437359807,Big Night (1996)
49,8,127,3.9619895534912186,"Godfather, The (1972)"
49,9,1599,3.9609214005405873,Someone Else's America (1995)
49,10,654,3.9433845562013197,Chinatown (1974)
155,1,1512,4.123960727145857,"World of Apu, The (Apur Sansar) (1959)"
155,2,1449,4.106925195919825,Pather Panchali (1955)
155,3,1467,3.9077630956990936,"Saint of Fort Washington, The (1993)"
155,4,408,3.8925229474756766,"Close Shave, A (1995)"
155,5,1599,3.886197579172201,Someone Else's America (1995)
155,6,483,3.8712109393805134,Casablanca (1942)
155,7,318,3.8669953745447048,Schindler's List (1993)
155,8,178,3.8535369031224542,12 Angry Men (1957)
155,9,480,3.825768363884938,North by Northwest (1959)
155,10,603,3.8220055359955207,Rear Window (1954)
172,1,1449,4.243769507178587,Pather Panchali (1955)
172,2,867,4.1111774979726015,"Whole Wide World, The (1996)"
172,3,1467,4.101474545431585,"Saint of Fort Washington, The (1993)"
172,4,1189,4.035081477695528,Prefontaine (1997)
172,5,169,4.001730994675352,"Wrong Trousers, The (1993)"
172,6,408,3.9877760382618934,"Close Shave, A (1995)"
172,7,174,3.9524265573722155,Raiders of the Lost Ark (1981)
172,8,318,3.938238735975515,Schindler's List (1993)
172,9,1064,3.937065012452241,Crossfire (1947)
172,10,1512,3.9308381365651823,"World of Apu, The (Apur Sansar) (1959)"
19,1,1449,4.760187566536494,Pather Panchali (1955)
19,2,1512,4.636497662507527,"World of Apu, The (Apur Sansar) (1959)"
19,3,1642,4.458704561382301,Some Mother's Son (1996)
19,4,119,4.456881449855885,Maya Lin: A Strong Clear Vision (1994)
19,5,867,4.456697715457948,"Whole Wide World, The (1996)"
19,6,408,4.437927169329166,"Close Shave, A (1995)"
19,7,169,4.420109558215126,"Wrong Trousers, The (1993)"
19,8,851,4.400165019569982,Two or Three Things I Know About Her (1966)
19,9,512,4.378757527584523,Wings of Desire (1987)
19,10,1599,4.37216148167585,Someone Else's America (1995)
268,1,1449,4.33482796942442,Pather Panchali (1955)
268,2,1512,4.307849059478224,"World of Apu, The (Apur Sansar) (1959)"
268,3,1467,4.13839165069819,"Saint of Fort Washington, The (1993)"
268,4,1599,4.074981844270523,Someone Else's America (1995)
268,5,64,4.0452228573232185,"Shawshank Redemption, The (1994)"
268,6,603,4.040342082034575,Rear Window (1954)
268,7,318,4.032962306231271,Schindler's List (1993)
268,8,119,4.03054830662258,Maya Lin: A Strong Clear Vision (1994)
268,9,127,4.016194847744821,"Godfather, The (1972)"
268,10,867,3.973277063079354,"Whole Wide World, The (1996)"
5,1,1449,4.324368330332312,Pather Panchali (1955)
5,2,1512,4.242252545410716,"World of Apu, The (Apur Sansar) (1959)"
5,3,114,4.184420973843613,Wallace & Gromit: The Best of Aardman Animation (1996)
5,4,119,4.129806826858515,Maya Lin: A Strong Clear Vision (1994)
5,5,867,4.120057398239561,"Whole Wide World, The (1996)"
5,6,1467,4.118239520244863,"Saint of Fort Washington, The (1993)"
5,7,1368,4.0911817176192855,Mina Tannenbaum (1994)
5,8,50,4.072872651696066,Star Wars (1977)
5,9,302,4.0534690970255305,L.A. Confidential (1997)
5,10,12,4.0479546273015155,"Usual Suspects, The (1995)"
80,1,1449,4.58039768401522,Pather Panchali (1955)
80,2,1512,4.45673668330869,"World of Apu, The (Apur Sansar) (1959)"
80,3,169,4.402927018430782,"Wrong Trousers, The (1993)"
80,4,867,4.399018364603765,"Whole Wide World, The (1996)"
80,5,318,4.3550845460063785,Schindler's List (1993)
80,6,408,4.32422595780348,"Close Shave, A (1995)"
80,7,114,4.311377624052337,Wallace & Gromit: The Best of Aardman Animation (1996)
80,8,1064,4.298263720929661,Crossfire (1947)
80,9,1467,4.28104998072682,"Saint of Fort Washington, The (1993)"
80,10,1599,4.2798686841880045,Someone Else's America (1995)
66,1,1467,4.322434058367752,"Saint of Fort Washington, The (1993)"
66,2,174,4.24855543322426,Raiders of the Lost Ark (1981)
66,3,1189,4.209849640623795,Prefontaine (1997)
66,4,1449,4.184520467061402,Pather Panchali (1955)
66,5,50,4.142287324372921,Star Wars (1977)
66,6,64,4.134719377417452,"Shawshank Redemption, The (1994)"
66,7,172,4.126653238485934,"Empire Strikes Back, The (1980)"
66,8,169,4.110977411086193,"Wrong Trousers, The (1993)"
66,9,1064,4.10557636524011,Crossfire (1947)
66,10,867,4.104740396108497,"Whole Wide World, The (1996)"
18,1,1449,4.828659355307726,Pather Panchali (1955)
18,2,1512,4.700328661194485,"World of Apu, The (Apur Sansar) (1959)"
18,3,1467,4.562856411086835,"Saint of Fort Washington, The (1993)"
18,4,169,4.5521407831644565,"Wrong Trousers, The (1993)"
18,5,867,4.513642927619236,"Whole Wide World, The (1996)"
18,6,483,4.500042798924428,Casablanca (1942)
18,7,114,4.482303613535595,Wallace & Gromit: The Best of Aardman Animation (1996)
18,8,1064,4.45855780112286,Crossfire (1947)
18,9,1599,4.454124778849471,Someone Else's America (1995)
18,10,1398,4.4520259398418665,Anna (1996)
26,1,1449,4.199361126051991,Pather Panchali (1955)
26,2,1512,4.132750434213309,"World of Apu, The (Apur Sansar) (1959)"
26,3,1467,4.098650041971262,"Saint of Fort Washington, The (1993)"
26,4,318,4.031016912737194,Schindler's List (1993)
26,5,64,4.027895301730812,"Shawshank Redemption, The (1994)"
26,6,169,3.9694560091123683,"Wrong Trousers, The (1993)"
26,7,483,3.9666682689020734,Casablanca (1942)
26,8,408,3.966575201985172,"Close Shave, A (1995)"
26,9,178,3.95255324777531,12 Angry Men (1957)
26,10,1189,3.945079513383776,Prefontaine (1997)
213,1,1467,5.0,"Saint of Fort Washington, The (1993)"
213,2,1512,5.0,"World of Apu, The (Apur Sansar) (1959)"
213,3,1449,5.0,Pather Panchali (1955)
213,4,169,4.965400004258227,"Wrong Trousers, The (1993)"
213,5,867,4.893136824464054,"Whole Wide World, The (1996)"
213,6,1599,4.880383643602865,Someone Else's America (1995)
213,7,408,4.860209282406877,"Close Shave, A (1995)"
213,8,1064,4.853828690010851,Crossfire (1947)
213,9,1189,4.8411695631972185,Prefontaine (1997)
213,10,114,4.830054291032905,Wallace & Gromit: The Best of Aardman Animation (1996)
130,1,1449,5.0,Pather Panchali (1955)
130,2,1467,5.0,"Saint of Fort Washington, The (1993)"
130,3,318,5.0,Schindler's List (1993)
130,4,1064,4.9697874259145705,Crossfire (1947)
130,5,1189,4.941702981524327,Prefontaine (1997)
130,6,1554,4.936517677493263,Safe Passage (1994)
130,7,1512,4.928235132947008,"World of Apu, The (Apur Sansar) (1959)"
130,8,1450,4.90207458028968,Golden Earrings (1947)
130,9,169,4.8955509750900505,"Wrong Trousers, The (1993)"
130,10,1131,4.890003460201206,Safe (1995)
256,1,1449,4.986429035329847,Pather Panchali (1955)
256,2,1467,4.967464094479379,"Saint of Fort Washington, The (1993)"
256,3,318,4.926755371793367,Schindler's List (1993)
256,4,1189,4.83266208655085,Prefontaine (1997)
256,5,867,4.826206990957549,"Whole Wide World, The (1996)"
256,6,1064,4.80057248713072,Crossfire (1947)
256,7,169,4.794294218010249,"Wrong Trousers, The (1993)"
256,8,313,4.78736796573651,Titanic (1997)
256,9,1512,4.761101500141014,"World of Apu, The (Apur Sansar) (1959)"
256,10,1450,4.7565532257810474,Golden Earrings (1947)
1,1,1449,4.861364498721251,Pather Panchali (1955)
1,2,408,4.779198504821426,"Close Shave, A (1995)"
1,3,1512,4.710783764820353,"World of Apu, The (Apur Sansar) (1959)"
1,4,867,4.632408903284197,"Whole Wide World, The (1996)"
1,5,50,4.58795642947348,Star Wars (1977)
1,6,483,4.583473761141859,Casablanca (1942)
1,7,1467,4.544150204787999,"Saint of Fort Washington, The (1993)"
1,8,302,4.529258199748683,L.A. Confidential (1997)
1,9,480,4.495264461803464,North by Northwest (1959)
1,10,511,4.491622196208138,Lawrence of Arabia (1962)
56,1,1449,4.713639970794674,Pather Panchali (1955)
56,2,1467,4.664614819883437,"Saint of Fort Washington, The (1993)"
56,3,318,4.529485439486808,Schindler's List (1993)
56,4,1512,4.523603741563428,"World of Apu, The (Apur Sansar) (1959)"
56,5,1064,4.491379220606778,Crossfire (1947)
56,6,1189,4.479048590219189,Prefontaine (1997)
56,7,867,4.461476760556741,"Whole Wide World, The (1996)"
56,8,1599,4.407304503467477,Someone Else's America (1995)
56,9,12,4.4036020356938845,"Usual Suspects, The (1995)"
56,10,178,4.402495949786545,12 Angry Men (1957)
15,1,1449,4.240094679718105,Pather Panchali (1955)
15,2,1512,4.117702990603004,"World of Apu, The (Apur Sansar) (1959)"
15,3,318,4.047554883507839,Schindler's List (1993)
15,4,1233,3.975294536411057,Nénette et Boni (1996)
15,5,408,3.9632409158956885,"Close Shave, A (1995)"
15,6,1189,3.9442752030996733,Prefontaine (1997)
15,7,64,3.9442240142839107,"Shawshank Redemption, The (1994)"
15,8,483,3.941537583234857,Casablanca (1942)
15,9,496,3.9400784514695433,It's a Wonderful Life (1946)
15,10,867,3.9386943487952,"Whole Wide World, The (1996)"
207,1,1449,4.194565172876752,Pather Panchali (1955)
207,2,1467,4.122135719602777,"Saint of Fort Washington, The (1993)"
207,3,1189,4.0245996893633285,Prefontaine (1997)
207,4,867,3.9986424643023977,"Whole Wide World, The (1996)"
207,5,1064,3.990846044198036,Crossfire (1947)
207,6,1512,3.9743278316145125,"World of Apu, The (Apur Sansar) (1959)"
207,7,169,3.9481541055303375,"Wrong Trousers, The (1993)"
207,8,1554,3.938953338036217,Safe Passage (1994)
207,9,50,3.921318991823896,Star Wars (1977)
207,10,313,3.9197110351098936,Titanic (1997)
292,1,1449,5.0,Pather Panchali (1955)
292,2,1512,4.948264792058661,"World of Apu, The (Apur Sansar) (1959)"
292,3,1467,4.909548691108392,"Saint of Fort Washington, The (1993)"
292,4,318,4.817367104533917,Schindler's List (1993)
292,5,408,4.805066749541793,"Close Shave, A (1995)"
292,6,178,4.776848857153877,12 Angry Men (1957)
292,7,114,4.7633195829641375,Wallace & Gromit: The Best of Aardman Animation (1996)
292,8,12,4.747794894942791,"Usual Suspects, The (1995)"
292,9,483,4.738633277282316,Casablanca (1942)
292,10,357,4.737643303083819,One Flew Over the Cuckoo's Nest (1975)
181,1,1449,3.181261180622848,Pather Panchali (1955)
181,2,1467,3.1009036217572787,"Saint of Fort Washington, The (1993)"
181,3,1189,3.0986376170462924,Prefontaine (1997)
181,4,318,3.067506968464922,Schindler's List (1993)
181,5,64,3.038243220810855,"Shawshank Redemption, The (1994)"
181,6,313,3.0200227635128813,Titanic (1997)
181,7,174,2.9834736250270555,Raiders of the Lost Ark (1981)
181,8,1512,2.9635225380201904,"World of Apu, The (Apur Sansar) (1959)"
181,9,1554,2.962911412191014,Safe Passage (1994)
181,10,1064,2.9541276296058894,Crossfire (1947)
52,1,1512,5.0,"World of Apu, The (Apur Sansar) (1959)"
52,2,1449,5.0,Pather Panchali (1955)
52,3,408,4.9613659075303325,"Close Shave, A (1995)"
52,4,1467,4.942215624522127,"Saint of Fort Washington, The (1993)"
52,5,169,4.9229067543142,"Wrong Trousers, The (1993)"
52,6,483,4.857446602396417,Casablanca (1942)
52,7,114,4.8429648127045875,Wallace & Gromit: The Best of Aardman Animation (1996)
52,8,64,4.842306926536266,"Shawshank Redemption, The (1994)"
52,9,867,4.840997960568214,"Whole Wide World, The (1996)"
52,10,1064,4.822761126851709,Crossfire (1947)
161,1,1449,3.671869316463757,Pather Panchali (1955)
161,2,1512,3.476177738675777,"World of Apu, The (Apur Sansar) (1959)"
161,3,1467,3.3540955161286616,"Saint of Fort Washington, The (1993)"
161,4,169,3.339599404616761,"Wrong Trousers, The (1993)"
161,5,64,3.3205788849860323,"Shawshank Redemption, The (1994)"
161,6,1450,3.3166518238821157,Golden Earrings (1947)
161,7,867,3.3042567376271537,"Whole Wide World, The (1996)"
161,8,408,3.2853819107467626,"Close Shave, A (1995)"
161,9,178,3.2743705867173207,12 Angry Men (1957)
161,10,12,3.2654854039661125,"Usual Suspects, The (1995)"
125,1,1189,4.533364657648992,Prefontaine (1997)
125,2,1554,4.499724342561237,Safe Passage (1994)
125,3,1233,4.483190486971113,Nénette et Boni (1996)
125,4,313,4.476153885527655,Titanic (1997)
125,5,22,4.45525827285302,Braveheart (1995)
125,6,318,4.4083916991631895,Schindler's List (1993)
125,7,1467,4.38168666219442,"Saint of Fort Washington, The (1993)"
125,8,966,4.381395359604453,"Affair to Remember, An (1957)"
125,9,1449,4.372667057818751,Pather Panchali (1955)
125,10,169,4.365624100806097,"Wrong Trousers, The (1993)"
272,1,1449,4.9480198470739145,Pather Panchali (1955)
272,2,1512,4.853874693513257,"World of Apu, The (Apur Sansar) (1959)"
272,3,169,4.793978972758989,"Wrong Trousers, The (1993)"
272,4,1467,4.792108500304602,"Saint of Fort Washington, The (1993)"
272,5,408,4.718836715246817,"Close Shave, A (1995)"
272,6,867,4.709989250002988,"Whole Wide World, The (1996)"
272,7,1599,4.7049193069192325,Someone Else's America (1995)
272,8,64,4.691821209750139,"Shawshank Redemption, The (1994)"
272,9,1189,4.684435109197132,Prefontaine (1997)
272,10,114,4.660028366132015,Wallace & Gromit: The Best of Aardman Animation (1996)
110,1,1449,4.277304606229288,Pather Panchali (1955)
110,2,1467,4.244318290064028,"Saint of Fort Washington, The (1993)"
110,3,318,4.199566943780876,Schindler's List (1993)
110,4,1189,4.141891918436335,Prefontaine (1997)
110,5,1064,4.139034802275152,Crossfire (1947)
110,6,1512,4.091692800333104,"World of Apu, The (Apur Sansar) (1959)"
110,7,867,4.057875707902373,"Whole Wide World, The (1996)"
110,8,1599,4.04959859138195,Someone Else's America (1995)
110,9,174,4.048631242567573,Raiders of the Lost Ark (1981)
110,10,169,4.024303776431393,"Wrong Trousers, The (1993)"
151,1,1449,5.0,Pather Panchali (1955)
151,2,1512,4.88573919540989,"World of Apu, The (Apur Sansar) (1959)"
151,3,1467,4.713630912062499,"Saint of Fort Washington, The (1993)"
151,4,64,4.694703390427627,"Shawshank Redemption, The (1994)"
151,5,867,4.688741787200509,"Whole Wide World, The (1996)"
151,6,1398,4.685465059900248,Anna (1996)
151,7,1642,4.6752070622555335,Some Mother's Son (1996)
151,8,1064,4.6589373521656805,Crossfire (1947)
151,9,119,4.649073182465651,Maya Lin: A Strong Clear Vision (1994)
151,10,1189,4.641713151249878,Prefontaine (1997)
54,1,1449,4.777968380438584,Pather Panchali (1955)
54,2,1467,4.706054187662972,"Saint of Fort Washington, The (1993)"
54,3,1512,4.689283364873953,"World of Apu, The (Apur Sansar) (1959)"
54,4,169,4.587956954043018,"Wrong Trousers, The (1993)"
54,5,1064,4.582681882636223,Crossfire (1947)
54,6,119,4.517910360464787,Maya Lin: A Strong Clear Vision (1994)
54,7,318,4.485517303136711,Schindler's List (1993)
54,8,64,4.483685820177384,"Shawshank Redemption, The (1994)"
54,9,320,4.479336326611028,Paradise Lost: The Child Murders at Robin Hood Hills (1996)
54,10,867,4.475910521475614,"Whole Wide World, The (1996)"
16,1,1449,5.0,Pather Panchali (1955)
16,2,169,5.0,"Wrong Trousers, The (1993)"
16,3,50,5.0,Star Wars (1977)
16,4,1467,5.0,"Saint of Fort Washington, The (1993)"
16,5,1512,5.0,"World of Apu, The (Apur Sansar) (1959)"
16,6,174,5.0,Raiders of the Lost Ark (1981)
16,7,318,4.982582150794619,Schindler's List (1993)
16,8,1189,4.969628087442225,Prefontaine (1997)
16,9,1554,4.914392807554656,Safe Passage (1994)
16,10,483,4.894110119128944,Casablanca (1942)
301,1,1449,4.5265517880499075,Pather Panchali (1955)
301,2,1467,4.489342505445159,"Saint of Fort Washington, The (1993)"
301,3,169,4.453621450415028,"Wrong Trousers, The (1993)"
301,4,318,4.389813005959326,Schindler's List (1993)
301,5,1064,4.377781520419562,Crossfire (1947)
301,6,1512,4.374088494439308,"World of Apu, The (Apur Sansar) (1959)"
301,7,867,4.3690214835800765,"Whole Wide World, The (1996)"
301,8,1189,4.3454785973429795,Prefontaine (1997)
301,9,1599,4.301263873636762,Someone Else's America (1995)
301,10,408,4.296956695228484,"Close Shave, A (1995)"
91,1,1449,4.63887470557055,Pather Panchali (1955)
91,2,169,4.530514822610405,"Wrong Trousers, The (1993)"
91,3,408,4.483132204623315,"Close Shave, A (1995)"
91,4,64,4.466966969121964,"Shawshank Redemption, The (1994)"
91,5,1467,4.443664189438389,"Saint of Fort Washington, The (1993)"
91,6,1512,4.400091004270816,"World of Apu, The (Apur Sansar) (1959)"
91,7,1189,4.395113468963777,Prefontaine (1997)
91,8,313,4.377678141397453,Titanic (1997)
91,9,114,4.361969305517062,Wallace & Gromit: The Best of Aardman Animation (1996)
91,10,1554,4.360550106997695,Safe Passage (1994)
294,1,1449,4.813892434797379,Pather Panchali (1955)
294,2,1512,4.761221980215365,"World of Apu, The (Apur Sansar) (1959)"
294,3,1467,4.699593129531496,"Saint of Fort Washington, The (1993)"
294,4,318,4.659025778778698,Schindler's List (1993)
294,5,64,4.654902012235669,"Shawshank Redemption, The (1994)"
294,6,169,4.634990823306146,"Wrong Trousers, The (1993)"
294,7,320,4.600543609625482,Paradise Lost: The Child Murders at Robin Hood Hills (1996)
294,8,178,4.5802269379939045,12 Angry Men (1957)
294,9,12,4.542453942531445,"Usual Suspects, The (1995)"
294,10,1554,4.532264454317446,Safe Passage (1994)
229,1,1512,4.149387320439556,"World of Apu, The (Apur Sansar) (1959)"
229,2,1449,4.0489175906854005,Pather Panchali (1955)
229,3,320,4.02729393546934,Paradise Lost: The Child Murders at Robin Hood Hills (1996)
229,4,242,3.939152538296243,Kolya (1996)
229,5,318,3.9345978253884337,Schindler's List (1993)
229,6,178,3.841948085970365,12 Angry Men (1957)
229,7,169,3.84065849983615,"Wrong Trousers, The (1993)"
229,8,408,3.828958708555997,"Close Shave, A (1995)"
229,9,1064,3.8236652582076838,Crossfire (1947)
229,10,483,3.81488533828935,Casablanca (1942)
36,1,1449,5.0,Pather Panchali (1955)
36,2,867,4.9566123716798245,"Whole Wide World, The (1996)"
36,3,1368,4.956436051599788,Mina Tannenbaum (1994)
36,4,408,4.948200153578758,"Close Shave, A (1995)"
36,5,169,4.911271310288438,"Wrong Trousers, The (1993)"
36,6,1499,4.893893822085985,Grosse Fatigue (1994)
36,7,1512,4.8922520122991555,"World of Apu, The (Apur Sansar) (1959)"
36,8,1467,4.8805181064853524,"Saint of Fort Washington, The (1993)"
36,9,902,4.876891046536944,"Big Lebowski, The (1998)"
36,10,251,4.873156714322278,Shall We Dance? (1996)
14,1,1449,4.983333525723326,Pather Panchali (1955)
14,2,1512,4.939342877152148,"World of Apu, The (Apur Sansar) (1959)"
14,3,169,4.8622350642845085,"Wrong Trousers, The (1993)"
14,4,867,4.813335041317778,"Whole Wide World, The (1996)"
14,5,1599,4.795131539603935,Someone Else's America (1995)
14,6,119,4.763896900229629,Maya Lin: A Strong Clear Vision (1994)
14,7,1467,4.762153324263131,"Saint of Fort Washington, The (1993)"
14,8,851,4.725896115911998,Two or Three Things I Know About Her (1966)
14,9,114,4.713340289934265,Wallace & Gromit: The Best of Aardman Animation (1996)
14,10,1368,4.6954231533459545,Mina Tannenbaum (1994)
233,1,1449,5.0,Pather Panchali (1955)
233,2,1467,4.9279762697654865,"Saint of Fort Washington, The (1993)"
233,3,1512,4.925694633482278,"World of Apu, The (Apur Sansar) (1959)"
233,4,867,4.838430359727212,"Whole Wide World, The (1996)"
233,5,178,4.822112438478253,12 Angry Men (1957)
233,6,483,4.820170249648404,Casablanca (1942)
233,7,1064,4.8115570256888125,Crossfire (1947)
233,8,603,4.806272358591371,Rear Window (1954)
233,9,1189,4.804075404090873,Prefontaine (1997)
233,10,1554,4.8011120901432935,Safe Passage (1994)
83,1,1449,4.533347726806888,Pather Panchali (1955)
83,2,1189,4.513720387798912,Prefontaine (1997)
83,3,313,4.469722314673041,Titanic (1997)
83,4,174,4.445028026272702,Raiders of the Lost Ark (1981)
83,5,318,4.4016724404589,Schindler's List (1993)
83,6,966,4.382626741944522,"Affair to Remember, An (1957)"
83,7,867,4.352619599353735,"Whole Wide World, The (1996)"
83,8,22,4.351441963489534,Braveheart (1995)
83,9,1554,4.343500665442081,Safe Passage (1994)
83,10,1064,4.3189291205407905,Crossfire (1947)
214,1,1449,4.714509260981329,Pather Panchali (1955)
214,2,1512,4.588594974565311,"World of Apu, The (Apur Sansar) (1959)"
214,3,1467,4.46617988001529,"Saint of Fort Washington, The (1993)"
214,4,169,4.454041342328552,"Wrong Trousers, The (1993)"
214,5,867,4.453011297849065,"Whole Wide World, The (1996)"
214,6,408,4.439044014750456,"Close Shave, A (1995)"
214,7,1599,4.438410355472664,Someone Else's America (1995)
214,8,119,4.425766705881708,Maya Lin: A Strong Clear Vision (1994)
214,9,1398,4.416556985137451,Anna (1996)
214,10,851,4.366929741115436,Two or Three Things I Know About Her (1966)
192,1,1449,4.617898868918753,Pather Panchali (1955)
192,2,1512,4.48981351692978,"World of Apu, The (Apur Sansar) (1959)"
192,3,114,4.465720746704652,Wallace & Gromit: The Best of Aardman Animation (1996)
192,4,408,4.4562606963326905,"Close Shave, A (1995)"
192,5,119,4.433828183576986,Maya Lin: A Strong Clear Vision (1994)
192,6,169,4.414895935229925,"Wrong Trousers, The (1993)"
192,7,1599,4.359119445676479,Someone Else's America (1995)
192,8,357,4.357676011616481,One Flew Over the Cuckoo's Nest (1975)
192,9,1367,4.342280877389159,Faust (1994)
192,10,1642,4.342049238454778,Some Mother's Son (1996)
100,1,1449,4.4254520861327915,Pather Panchali (1955)
100,2,318,4.197019145995858,Schindler's List (1993)
100,3,1512,4.100671187284585,"World of Apu, The (Apur Sansar) (1959)"
100,4,1064,4.089031146380048,Crossfire (1947)
100,5,64,4.079352152390752,"Shawshank Redemption, The (1994)"
100,6,1189,4.075970350998692,Prefontaine (1997)
100,7,169,4.072799918466628,"Wrong Trousers, The (1993)"
100,8,1642,4.034425847657333,Some Mother's Son (1996)
100,9,1467,4.030267914610253,"Saint of Fort Washington, The (1993)"
100,10,174,4.01516101160882,Raiders of the Lost Ark (1981)
297,1,1449,4.505042413173749,Pather Panchali (1955)
297,2,1512,4.410218310608289,"World of Apu, The (Apur Sansar) (1959)"
297,3,318,4.317577612835655,Schindler's List (1993)
297,4,408,4.290588096257676,"Close Shave, A (1995)"
297,5,1467,4.269519021346052,"Saint of Fort Washington, The (1993)"
297,6,169,4.240921049980398,"Wrong Trousers, The (1993)"
297,7,178,4.23643672825571,12 Angry Men (1957)
297,8,64,4.223192729847891,"Shawshank Redemption, The (1994)"
297,9,483,4.21399639488455,Casablanca (1942)
297,10,357,4.1996108447324545,One Flew Over the Cuckoo's Nest (1975)
275,1,1449,4.186197249517676,Pather Panchali (1955)
275,2,1467,4.132161747659341,"Saint of Fort Washington, The (1993)"
275,3,169,4.021896112435816,"Wrong Trousers, The (1993)"
275,4,1512,4.010121097739903,"World of Apu, The (Apur Sansar) (1959)"
275,5,867,3.993781626355552,"Whole Wide World, The (1996)"
275,6,318,3.9679092435022176,Schindler's List (1993)
275,7,1064,3.960116455017062,Crossfire (1947)
275,8,1189,3.9511704144966755,Prefontaine (1997)
275,9,64,3.947758634300465,"Shawshank Redemption, The (1994)"
275,10,1599,3.900194974899724,Someone Else's America (1995)
218,1,1449,4.564417753730953,Pather Panchali (1955)
218,2,1512,4.43920417391561,"World of Apu, The (Apur Sansar) (1959)"
218,3,169,4.293565218373735,"Wrong Trousers, The (1993)"
218,4,408,4.274548628833909,"Close Shave, A (1995)"
218,5,114,4.223957351233514,Wallace & Gromit: The Best of Aardman Animation (1996)
218,6,1467,4.21503392515902,"Saint of Fort Washington, The (1993)"
218,7,867,4.210946514095011,"Whole Wide World, The (1996)"
218,8,1599,4.209668034563542,Someone Else's America (1995)
218,9,483,4.176861067551613,Casablanca (1942)
218,10,178,4.1696656414845235,12 Angry Men (1957)
123,1,1449,4.641599347038689,Pather Panchali (1955)
123,2,1512,4.583595639805388,"World of Apu, The (Apur Sansar) (1959)"
123,3,408,4.362539067604081,"Close Shave, A (1995)"
123,4,1193,4.3351638756899655,Before the Rain (Pred dozhdot) (1994)
123,5,603,4.322021933522965,Rear Window (1954)
123,6,1642,4.298923764171756,Some Mother's Son (1996)
123,7,474,4.297379894564335,Dr. Strangelove or: How I Learned to Stop Worrying and Love the Bomb (1963)
123,8,178,4.296398327848979,12 Angry Men (1957)
123,9,718,4.29325122552157,In the Bleak Midwinter (1995)
123,10,127,4.291489067888967,"Godfather, The (1972)"
158,1,1449,4.882843291627572,Pather Panchali (1955)
158,2,1512,4.806395374023935,"World of Apu, The (Apur Sansar) (1959)"
158,3,1467,4.661006453987814,"Saint of Fort Washington, The (1993)"
158,4,169,4.656095833897619,"Wrong Trousers, The (1993)"
158,5,1642,4.587482465153141,Some Mother's Son (1996)
158,6,318,4.587239745223555,Schindler's List (1993)
158,7,867,4.584411510971938,"Whole Wide World, The (1996)"
158,8,114,4.578505826131285,Wallace & Gromit: The Best of Aardman Animation (1996)
158,9,603,4.575504935609719,Rear Window (1954)
158,10,12,4.565545448039875,"Usual Suspects, The (1995)"
302,1,1449,4.105942885683114,Pather Panchali (1955)
302,2,1512,4.079617553363253,"World of Apu, The (Apur Sansar) (1959)"
302,3,119,3.967340347624515,Maya Lin: A Strong Clear Vision (1994)
302,4,320,3.8212751701630476,Paradise Lost: The Child Murders at Robin Hood Hills (1996)
302,5,178,3.815759933880151,12 Angry Men (1957)
302,6,408,3.809657424538463,"Close Shave, A (1995)"
302,7,483,3.796935057494411,Casablanca (1942)
302,8,127,3.7747598566737954,"Godfather, The (1972)"
302,9,694,3.768893345996846,Persuasion (1995)
302,10,318,3.7596211456423214,Schindler's List (1993)
23,1,1449,4.647780434105871,Pather Panchali (1955)
23,2,1512,4.488348299949807,"World of Apu, The (Apur Sansar) (1959)"
23,3,169,4.4210198948305575,"Wrong Trousers, The (1993)"
23,4,1467,4.3622998905997665,"Saint of Fort Washington, The (1993)"
23,5,867,4.340061830952237,"Whole Wide World, The (1996)"
23,6,114,4.334892246145537,Wallace & Gromit: The Best of Aardman Animation (1996)
23,7,483,4.326981318018294,Casablanca (1942)
23,8,119,4.305271709631642,Maya Lin: A Strong Clear Vision (1994)
23,9,318,4.26940224859923,Schindler's List (1993)
23,10,1064,4.259840099082723,Crossfire (1947)
296,1,1449,5.0,Pather Panchali (1955)
296,2,1512,4.931639342795019,"World of Apu, The (Apur Sansar) (1959)"
296,3,408,4.780687774267761,"Close Shave, A (1995)"
296,4,119,4.749693253384762,Maya Lin: A Strong Clear Vision (1994)
296,5,718,4.7366078766460715,In the Bleak Midwinter (1995)
296,6,318,4.724006363098517,Schindler's List (1993)
296,7,480,4.694735634442492,North by Northwest (1959)
296,8,657,4.672653404203113,"Manchurian Candidate, The (1962)"
296,9,867,4.657491336558861,"Whole Wide World, The (1996)"
296,10,1064,4.65688856157221,Crossfire (1947)
33,1,1449,4.848313725851525,Pather Panchali (1955)
33,2,1467,4.750732857016156,"Saint of Fort Washington, The (1993)"
33,3,1512,4.682030781996302,"World of Apu, The (Apur Sansar) (1959)"
33,4,318,4.6574482108022766,Schindler's List (1993)
33,5,169,4.6351864776665845,"Wrong Trousers, The (1993)"
33,6,64,4.628587115080834,"Shawshank Redemption, The (1994)"
33,7,1064,4.623934828423249,Crossfire (1947)
33,8,1450,4.574387704153138,Golden Earrings (1947)
33,9,320,4.565230429406445,Paradise Lost: The Child Murders at Robin Hood Hills (1996)
33,10,1189,4.563684108131676,Prefontaine (1997)
154,1,1512,4.756754909649406,"World of Apu, The (Apur Sansar) (1959)"
154,2,1449,4.721615137577169,Pather Panchali (1955)
154,3,1467,4.624739340880482,"Saint of Fort Washington, The (1993)"
154,4,1599,4.572764217565208,Someone Else's America (1995)
154,5,169,4.569228003466515,"Wrong Trousers, The (1993)"
154,6,127,4.523205442544282,"Godfather, The (1972)"
154,7,867,4.517603916396368,"Whole Wide World, The (1996)"
154,8,12,4.494418264456585,"Usual Suspects, The (1995)"
154,9,408,4.492975602878239,"Close Shave, A (1995)"
154,10,114,4.442034161489849,Wallace & Gromit: The Best of Aardman Animation (1996)
270,1,318,5.0,Schindler's List (1993)
270,2,178,5.0,12 Angry Men (1957)
270,3,1449,5.0,Pather Panchali (1955)
270,4,408,5.0,"Close Shave, A (1995)"
270,5,320,5.0,Paradise Lost: The Child Murders at Robin Hood Hills (1996)
270,6,1512,5.0,"World of Apu, The (Apur Sansar) (1959)"
270,7,1064,5.0,Crossfire (1947)
270,8,1450,5.0,Golden Earrings (1947)
270,9,1467,5.0,"Saint of Fort Washington, The (1993)"
270,10,12,5.0,"Usual Suspects, The (1995)"
170,1,1449,5.0,Pather Panchali (1955)
170,2,169,4.880073524207569,"Wrong Trousers, The (1993)"
170,3,867,4.8512012499263735,"Whole Wide World, The (1996)"
170,4,1467,4.82814237653364,"Saint of Fort Washington, The (1993)"
170,5,1599,4.821288326909128,Someone Else's America (1995)
170,6,408,4.8152893809913,"Close Shave, A (1995)"
170,7,1512,4.810451997981237,"World of Apu, The (Apur Sansar) (1959)"
170,8,1064,4.771442062609226,Crossfire (1947)
170,9,1368,4.771386995424583,Mina Tannenbaum (1994)
170,10,313,4.770830240697476,Titanic (1997)
101,1,1449,4.375407769353523,Pather Panchali (1955)
101,2,1512,4.204514135746304,"World of Apu, The (Apur Sansar) (1959)"
101,3,1467,4.170841929617516,"Saint of Fort Washington, The (1993)"
101,4,1189,4.166063754253382,Prefontaine (1997)
101,5,867,4.159682331915494,"Whole Wide World, The (1996)"
101,6,318,4.130175069976942,Schindler's List (1993)
101,7,64,4.102923383750141,"Shawshank Redemption, The (1994)"
101,8,169,4.083184726305709,"Wrong Trousers, The (1993)"
101,9,1368,4.057421516609397,Mina Tannenbaum (1994)
101,10,174,4.054105849360043,Raiders of the Lost Ark (1981)
184,1,1449,4.706036121656718,Pather Panchali (1955)
184,2,1512,4.623435183212344,"World of Apu, The (Apur Sansar) (1959)"
184,3,408,4.473744296031104,"Close Shave, A (1995)"
184,4,1467,4.435742560925442,"Saint of Fort Washington, The (1993)"
184,5,169,4.427171329963037,"Wrong Trousers, The (1993)"
184,6,483,4.423226465027691,Casablanca (1942)
184,7,867,4.413821630024089,"Whole Wide World, The (1996)"
184,8,178,4.4110561743421375,12 Angry Men (1957)
184,9,603,4.408034658937651,Rear Window (1954)
184,10,119,4.368751611641985,Maya Lin: A Strong Clear Vision (1994)
128,1,1467,4.590394376882204,"Saint of Fort Washington, The (1993)"
128,2,1449,4.569198948187049,Pather Panchali (1955)
128,3,1512,4.561421015037575,"World of Apu, The (Apur Sansar) (1959)"
128,4,320,4.486037428039364,Paradise Lost: The Child Murders at Robin Hood Hills (1996)
128,5,318,4.478511973131745,Schindler's List (1993)
128,6,64,4.401833847708626,"Shawshank Redemption, The (1994)"
128,7,169,4.3954422098913355,"Wrong Trousers, The (1993)"
128,8,178,4.36639662079469,12 Angry Men (1957)
128,9,12,4.354560199963754,"Usual Suspects, The (1995)"
128,10,1398,4.34701526603167,Anna (1996)
112,1,1467,4.7136035254258095,"Saint of Fort Washington, The (1993)"
112,2,318,4.712518593734777,Schindler's List (1993)
112,3,1449,4.703476408084496,Pather Panchali (1955)
112,4,408,4.602418032855625,"Close Shave, A (1995)"
112,5,1512,4.580856188614772,"World of Apu, The (Apur Sansar) (1959)"
112,6,64,4.5761057340401825,"Shawshank Redemption, The (1994)"
112,7,867,4.573575585426472,"Whole Wide World, The (1996)"
112,8,1189,4.5506308178319195,Prefontaine (1997)
112,9,1398,4.543119397891172,Anna (1996)
112,10,1599,4.511567497200851,Someone Else's America (1995)
133,1,1449,4.438492008452956,Pather Panchali (1955)
133,2,1467,4.381768381793638,"Saint of Fort Washington, The (1993)"
133,3,1512,4.314219718673386,"World of Apu, The (Apur Sansar) (1959)"
133,4,867,4.25563698836893,"Whole Wide World, The (1996)"
133,5,1189,4.236001353216404,Prefontaine (1997)
133,6,169,4.234135293238696,"Wrong Trousers, The (1993)"
133,7,64,4.205928476455879,"Shawshank Redemption, The (1994)"
133,8,12,4.159154997660231,"Usual Suspects, The (1995)"
133,9,408,4.158703024430096,"Close Shave, A (1995)"
133,10,119,4.156363141787218,Maya Lin: A Strong Clear Vision (1994)
215,1,1449,4.601754475461059,Pather Panchali (1955)
215,2,1467,4.460683024994203,"Saint of Fort Washington, The (1993)"
215,3,1512,4.442722408615001,"World of Apu, The (Apur Sansar) (1959)"
215,4,169,4.388979872066446,"Wrong Trousers, The (1993)"
215,5,867,4.366246129437513,"Whole Wide World, The (1996)"
215,6,1064,4.359622509249705,Crossfire (1947)
215,7,1599,4.3457891253105005,Someone Else's America (1995)
215,8,318,4.341475083081673,Schindler's List (1993)
215,9,408,4.33668911392057,"Close Shave, A (1995)"
215,10,1189,4.321102474251018,Prefontaine (1997)
69,1,1512,4.775994178950089,"World of Apu, The (Apur Sansar) (1959)"
69,2,1449,4.767462327015007,Pather Panchali (1955)
69,3,169,4.620053046416611,"Wrong Trousers, The (1993)"
69,4,127,4.583546228891883,"Godfather, The (1972)"
69,5,408,4.577924057547012,"Close Shave, A (1995)"
69,6,178,4.569660693521063,12 Angry Men (1957)
69,7,1467,4.569058027187328,"Saint of Fort Washington, The (1993)"
69,8,119,4.55703172364774,Maya Lin: A Strong Clear Vision (1994)
69,9,483,4.5452724275566565,Casablanca (1942)
69,10,64,4.512083959910597,"Shawshank Redemption, The (1994)"
254,1,1449,4.18375753113386,Pather Panchali (1955)
254,2,1467,4.0985652927272485,"Saint of Fort Washington, The (1993)"
254,3,1189,4.08528855808675,Prefontaine (1997)
254,4,318,4.063557847722786,Schindler's List (1993)
254,5,64,4.038153420010533,"Shawshank Redemption, The (1994)"
254,6,867,4.030240374637967,"Whole Wide World, The (1996)"
254,7,1064,3.9592259975252873,Crossfire (1947)
254,8,169,3.942805556426004,"Wrong Trousers, The (1993)"
254,9,966,3.925584448736064,"Affair to Remember, An (1957)"
254,10,483,3.8973047624081274,Casablanca (1942)
104,1,1449,4.011577006774353,Pather Panchali (1955)
104,2,408,3.9490180383133446,"Close Shave, A (1995)"
104,3,1599,3.9445134383292255,Someone Else's America (1995)
104,4,1512,3.942155256827967,"World of Apu, The (Apur Sansar) (1959)"
104,5,169,3.936262525098641,"Wrong Trousers, The (1993)"
104,6,867,3.9295432245785533,"Whole Wide World, The (1996)"
104,7,483,3.864355789238285,Casablanca (1942)
104,8,357,3.8484702677141103,One Flew Over the Cuckoo's Nest (1975)
104,9,318,3.8454785416316977,Schindler's List (1993)
104,10,114,3.8403453403569467,Wallace & Gromit: The Best of Aardman Animation (1996)
240,1,1449,4.963384596107972,Pather Panchali (1955)
240,2,1512,4.786790479959859,"World of Apu, The (Apur Sansar) (1959)"
240,3,1398,4.668224902630032,Anna (1996)
240,4,320,4.667470976360046,Paradise Lost: The Child Murders at Robin Hood Hills (1996)
240,5,178,4.648398773247741,12 Angry Men (1957)
240,6,318,4.6397776714833165,Schindler's List (1993)
240,7,119,4.607396839584409,Maya Lin: A Strong Clear Vision (1994)
240,8,408,4.583214985604956,"Close Shave, A (1995)"
240,9,357,4.564938630620768,One Flew Over the Cuckoo's Nest (1975)
240,10,483,4.556295416517507,Casablanca (1942)
144,1,1449,4.600824820030747,Pather Panchali (1955)
144,2,1512,4.496907168549745,"World of Apu, The (Apur Sansar) (1959)"
144,3,1467,4.488229314590127,"Saint of Fort Washington, The (1993)"
144,4,408,4.391910881015776,"Close Shave, A (1995)"
144,5,169,4.383256911381184,"Wrong Trousers, The (1993)"
144,6,867,4.37798372273687,"Whole Wide World, The (1996)"
144,7,483,4.37303451093982,Casablanca (1942)
144,8,1189,4.334923191341828,Prefontaine (1997)
144,9,178,4.298037760846781,12 Angry Men (1957)
144,10,174,4.296070966906028,Raiders of the Lost Ark (1981)
191,1,1449,4.7133181524813015,Pather Panchali (1955)
191,2,1512,4.564717793078796,"World of Apu, The (Apur Sansar) (1959)"
191,3,1467,4.484484772703305,"Saint of Fort Washington, The (1993)"
191,4,318,4.460498884120058,Schindler's List (1993)
191,5,64,4.402965759894967,"Shawshank Redemption, The (1994)"
191,6,178,4.390460125970399,12 Angry Men (1957)
191,7,1064,4.383399059829642,Crossfire (1947)
191,8,1599,4.383282176223378,Someone Else's America (1995)
191,9,169,4.380068629338458,"Wrong Trousers, The (1993)"
191,10,483,4.374390154158182,Casablanca (1942)
142,1,1512,4.911965084883794,"World of Apu, The (Apur Sansar) (1959)"
142,2,1449,4.823736257499912,Pather Panchali (1955)
142,3,1467,4.729136045671225,"Saint of Fort Washington, The (1993)"
142,4,178,4.65748806344561,12 Angry Men (1957)
142,5,320,4.630999276707307,Paradise Lost: The Child Murders at Robin Hood Hills (1996)
142,6,408,4.622758745481557,"Close Shave, A (1995)"
142,7,127,4.608333250466257,"Godfather, The (1972)"
142,8,114,4.5958890783178825,Wallace & Gromit: The Best of Aardman Animation (1996)
142,9,64,4.590820036658428,"Shawshank Redemption, The (1994)"
142,10,318,4.590141404535405,Schindler's List (1993)
177,1,1512,4.65425373421514,"World of Apu, The (Apur Sansar) (1959)"
177,2,1449,4.620118458285482,Pather Panchali (1955)
177,3,1467,4.4428993787786455,"Saint of Fort Washington, The (1993)"
177,4,169,4.414616982891117,"Wrong Trousers, The (1993)"
177,5,408,4.381068806374062,"Close Shave, A (1995)"
177,6,1599,4.367137614992005,Someone Else's America (1995)
177,7,119,4.3525691247842815,Maya Lin: A Strong Clear Vision (1994)
177,8,1398,4.352460276575099,Anna (1996)
177,9,178,4.3424856302928925,12 Angry Men (1957)
177,10,603,4.331710159762345,Rear Window (1954)
203,1,1449,4.521679693840297,Pather Panchali (1955)
203,2,1512,4.495287589655037,"World of Apu, The (Apur Sansar) (1959)"
203,3,1467,4.4482304389652905,"Saint of Fort Washington, The (1993)"
203,4,169,4.393944135180389,"Wrong Trousers, The (1993)"
203,5,408,4.368972457977621,"Close Shave, A (1995)"
203,6,119,4.3429553275832475,Maya Lin: A Strong Clear Vision (1994)
203,7,64,4.317015535273546,"Shawshank Redemption, The (1994)"
203,8,12,4.3107163444003,"Usual Suspects, The (1995)"
203,9,318,4.309737457034388,Schindler's List (1993)
203,10,178,4.29289315087978,12 Angry Men (1957)
21,1,1512,4.62007213968193,"World of Apu, The (Apur Sansar) (1959)"
21,2,1449,4.595975110715056,Pather Panchali (1955)
21,3,169,4.372870654502115,"Wrong Trousers, The (1993)"
21,4,1599,4.371255744119495,Someone Else's America (1995)
21,5,119,4.362171444078222,Maya Lin: A Strong Clear Vision (1994)
21,6,357,4.329241485173167,One Flew Over the Cuckoo's Nest (1975)
21,7,320,4.308266139052538,Paradise Lost: The Child Murders at Robin Hood Hills (1996)
21,8,178,4.280852591722137,12 Angry Men (1957)
21,9,1524,4.270172234400325,Kaspar Hauser (1993)
21,10,114,4.255866759394926,Wallace & Gromit: The Best of Aardman Animation (1996)
197,1,1449,4.366271147320976,Pather Panchali (1955)
197,2,1189,4.31442666252404,Prefontaine (1997)
197,3,50,4.310096609372197,Star Wars (1977)
197,4,867,4.287338916636918,"Whole Wide World, The (1996)"
197,5,318,4.235829820580655,Schindler's List (1993)
197,6,169,4.229961549949718,"Wrong Trousers, The (1993)"
197,7,64,4.22055416691095,"Shawshank Redemption, The (1994)"
197,8,1554,4.170778835648063,Safe Passage (1994)
197,9,483,4.168370589882403,Casablanca (1942)
197,10,1467,4.151872449110664,"Saint of Fort Washington, The (1993)"
121,1,1449,4.5794441704105004,Pather Panchali (1955)
121,2,408,4.469955677735103,"Close Shave, A (1995)"
121,3,1512,4.447664825079128,"World of Apu, The (Apur Sansar) (1959)"
121,4,483,4.4076478415342635,Casablanca (1942)
121,5,867,4.365287108247205,"Whole Wide World, The (1996)"
121,6,1398,4.320626980843599,Anna (1996)
121,7,169,4.2933492554891775,"Wrong Trousers, The (1993)"
121,8,1467,4.289024554958097,"Saint of Fort Washington, The (1993)"
121,9,178,4.2832186867283895,12 Angry Men (1957)
121,10,657,4.281006925203711,"Manchurian Candidate, The (1962)"
134,1,1064,4.520995194981108,Crossfire (1947)
134,2,1449,4.4941068005357545,Pather Panchali (1955)
134,3,1467,4.487708889032806,"Saint of Fort Washington, The (1993)"
134,4,174,4.44989178514868,Raiders of the Lost Ark (1981)
134,5,1554,4.441011934441728,Safe Passage (1994)
134,6,318,4.427069278201438,Schindler's List (1993)
134,7,1233,4.41450403393942,Nénette et Boni (1996)
134,8,966,4.395942493073457,"Affair to Remember, An (1957)"
134,9,1189,4.3834101792438736,Prefontaine (1997)
134,10,64,4.379790760788422,"Shawshank Redemption, The (1994)"
180,1,1449,4.7723823885758305,Pather Panchali (1955)
180,2,1642,4.621769338111525,Some Mother's Son (1996)
180,3,1450,4.603838663849339,Golden Earrings (1947)
180,4,1467,4.594692764109709,"Saint of Fort Washington, The (1993)"
180,5,1512,4.571528857805433,"World of Apu, The (Apur Sansar) (1959)"
180,6,1064,4.477158205105411,Crossfire (1947)
180,7,64,4.472559773498038,"Shawshank Redemption, The (1994)"
180,8,178,4.4702415813020915,12 Angry Men (1957)
180,9,169,4.448438416439129,"Wrong Trousers, The (1993)"
180,10,1193,4.436465160461702,Before the Rain (Pred dozhdot) (1994)
102,1,1449,3.904833216296441,Pather Panchali (1955)
102,2,1467,3.729032027607787,"Saint of Fort Washington, The (1993)"
102,3,1512,3.714539168675953,"World of Apu, The (Apur Sansar) (1959)"
102,4,318,3.6883986873740824,Schindler's List (1993)
102,5,1064,3.654651767473024,Crossfire (1947)
102,6,169,3.654104203846651,"Wrong Trousers, The (1993)"
102,7,867,3.652157573298429,"Whole Wide World, The (1996)"
102,8,64,3.651558239362691,"Shawshank Redemption, The (1994)"
102,9,408,3.626806042287183,"Close Shave, A (1995)"
102,10,1189,3.610418581468412,Prefontaine (1997)
263,1,1449,4.825711037111597,Pather Panchali (1955)
263,2,1512,4.724162550511349,"World of Apu, The (Apur Sansar) (1959)"
263,3,1467,4.566660639324402,"Saint of Fort Washington, The (1993)"
263,4,408,4.551592951595285,"Close Shave, A (1995)"
263,5,178,4.5280763725484965,12 Angry Men (1957)
263,6,1398,4.523364451384823,Anna (1996)
263,7,1189,4.508463397480848,Prefontaine (1997)
263,8,169,4.501911233913701,"Wrong Trousers, The (1993)"
263,9,603,4.493153376234317,Rear Window (1954)
263,10,12,4.487457084323735,"Usual Suspects, The (1995)"
109,1,1449,4.42800387510571,Pather Panchali (1955)
109,2,1467,4.405147048387266,"Saint of Fort Washington, The (1993)"
109,3,1189,4.306177042739457,Prefontaine (1997)
109,4,313,4.2896866608289,Titanic (1997)
109,5,169,4.256973509004785,"Wrong Trousers, The (1993)"
109,6,1064,4.244662810112904,Crossfire (1947)
109,7,867,4.241346123914607,"Whole Wide World, The (1996)"
109,8,22,4.199476790126633,Braveheart (1995)
109,9,966,4.1806431390599315,"Affair to Remember, An (1957)"
109,10,1554,4.166790583059295,Safe Passage (1994)
239,1,1449,4.903452367219543,Pather Panchali (1955)
239,2,851,4.845641420799278,Two or Three Things I Know About Her (1966)
239,3,1512,4.7568109474189075,"World of Apu, The (Apur Sansar) (1959)"
239,4,1193,4.70020600522697,Before the Rain (Pred dozhdot) (1994)
239,5,512,4.6893858338425245,Wings of Desire (1987)
239,6,896,4.662351916746648,"Sweet Hereafter, The (1997)"
239,7,119,4.655597511831303,Maya Lin: A Strong Clear Vision (1994)
239,8,1524,4.642327209248824,Kaspar Hauser (1993)
239,9,656,4.626703766394604,M (1931)
239,10,60,4.626686109380825,Three Colors: Blue (1993)
117,1,1449,5.0,Pather Panchali (1955)
117,2,1512,4.940030155802631,"World of Apu, The (Apur Sansar) (1959)"
117,3,169,4.905997270562727,"Wrong Trousers, The (1993)"
117,4,1467,4.905750957942589,"Saint of Fort Washington, The (1993)"
117,5,318,4.839861074202828,Schindler's List (1993)
117,6,408,4.83424524120056,"Close Shave, A (1995)"
117,7,64,4.8201152971645715,"Shawshank Redemption, The (1994)"
117,8,114,4.816821479659265,Wallace & Gromit: The Best of Aardman Animation (1996)
117,9,1189,4.8085092195153525,Prefontaine (1997)
117,10,867,4.7581593831239966,"Whole Wide World, The (1996)"
111,1,1449,4.518435480700238,Pather Panchali (1955)
111,2,1467,4.497500012314466,"Saint of Fort Washington, The (1993)"
111,3,64,4.379544364266568,"Shawshank Redemption, The (1994)"
111,4,318,4.3623764021650775,Schindler's List (1993)
111,5,1189,4.33776478346712,Prefontaine (1997)
111,6,1064,4.330245895463934,Crossfire (1947)
111,7,1512,4.273478032884376,"World of Apu, The (Apur Sansar) (1959)"
111,8,1450,4.252022359046568,Golden Earrings (1947)
111,9,1599,4.248083265286267,Someone Else's America (1995)
111,10,1554,4.247262476699198,Safe Passage (1994)
187,1,1449,4.755496941556,Pather Panchali (1955)
187,2,1512,4.6800675266819,"World of Apu, The (Apur Sansar) (1959)"
187,3,1467,4.640402234998516,"Saint of Fort Washington, The (1993)"
187,4,318,4.624283086207387,Schindler's List (1993)
187,5,320,4.552697389508548,Paradise Lost: The Child Murders at Robin Hood Hills (1996)
187,6,64,4.550373192701354,"Shawshank Redemption, The (1994)"
187,7,1450,4.521939845173437,Golden Earrings (1947)
187,8,408,4.5165140781371464,"Close Shave, A (1995)"
187,9,1554,4.513414300061897,Safe Passage (1994)
187,10,169,4.497633596048304,"Wrong Trousers, The (1993)"
96,1,1449,4.892126210819161,Pather Panchali (1955)
96,2,1512,4.7784554523825555,"World of Apu, The (Apur Sansar) (1959)"
96,3,169,4.777235441711189,"Wrong Trousers, The (1993)"
96,4,1064,4.721992715642872,Crossfire (1947)
96,5,867,4.685806462009756,"Whole Wide World, The (1996)"
96,6,1467,4.674865291437336,"Saint of Fort Washington, The (1993)"
96,7,408,4.63334665568543,"Close Shave, A (1995)"
96,8,1189,4.625601789568811,Prefontaine (1997)
96,9,1639,4.622756078862895,Bitter Sugar (Azucar Amargo) (1996)
96,10,64,4.612680251084666,"Shawshank Redemption, The (1994)"
116,1,1467,4.1731928068579895,"Saint of Fort Washington, The (1993)"
116,2,1449,4.1719072845941305,Pather Panchali (1955)
116,3,1512,4.100313336210714,"World of Apu, The (Apur Sansar) (1959)"
116,4,169,4.013985248359287,"Wrong Trousers, The (1993)"
116,5,64,3.9846435966312357,"Shawshank Redemption, The (1994)"
116,6,1189,3.948579842664382,Prefontaine (1997)
116,7,114,3.9286335419170864,Wallace & Gromit: The Best of Aardman Animation (1996)
116,8,867,3.9249226622080906,"Whole Wide World, The (1996)"
116,9,318,3.921669381723113,Schindler's List (1993)
116,10,408,3.9073491027532223,"Close Shave, A (1995)"
70,1,1449,4.517223061230381,Pather Panchali (1955)
70,2,1512,4.438484019835301,"World of Apu, The (Apur Sansar) (1959)"
70,3,318,4.338883223436911,Schindler's List (1993)
70,4,1467,4.327140059797082,"Saint of Fort Washington, The (1993)"
70,5,64,4.310472750824579,"Shawshank Redemption, The (1994)"
70,6,169,4.301272033179644,"Wrong Trousers, The (1993)"
70,7,12,4.243280408430953,"Usual Suspects, The (1995)"
70,8,1189,4.236817586863963,Prefontaine (1997)
70,9,867,4.227293047627982,"Whole Wide World, The (1996)"
70,10,178,4.223243240122156,12 Angry Men (1957)
221,1,1449,4.751422691298171,Pather Panchali (1955)
221,2,1512,4.726520454568756,"World of Apu, The (Apur Sansar) (1959)"
221,3,1467,4.701815440318182,"Saint of Fort Washington, The (1993)"
221,4,169,4.61166210510358,"Wrong Trousers, The (1993)"
221,5,1599,4.520870130918157,Someone Else's America (1995)
221,6,114,4.496157293529353,Wallace & Gromit: The Best of Aardman Animation (1996)
221,7,408,4.486217958717124,"Close Shave, A (1995)"
221,8,603,4.477849701706437,Rear Window (1954)
221,9,127,4.442085921010803,"Godfather, The (1972)"
221,10,867,4.441377271009635,"Whole Wide World, The (1996)"
235,1,1449,4.818763620695604,Pather Panchali (1955)
235,2,1512,4.7495550124330235,"World of Apu, The (Apur Sansar) (1959)"
235,3,408,4.556737282637588,"Close Shave, A (1995)"
235,4,169,4.545814127889878,"Wrong Trousers, The (1993)"
235,5,1467,4.541646075417056,"Saint of Fort Washington, The (1993)"
235,6,1599,4.532727239504434,Someone Else's America (1995)
235,7,867,4.52327931123969,"Whole Wide World, The (1996)"
235,8,114,4.521749187269617,Wallace & Gromit: The Best of Aardman Animation (1996)
235,9,178,4.506491456199549,12 Angry Men (1957)
235,10,64,4.479790962761345,"Shawshank Redemption, The (1994)"
281,1,1467,4.511788874565672,"Saint of Fort Washington, The (1993)"
281,2,318,4.389340864908977,Schindler's List (1993)
281,3,1449,4.371085161346963,Pather Panchali (1955)
281,4,1512,4.333881554970287,"World of Apu, The (Apur Sansar) (1959)"
281,5,1064,4.333165912211599,Crossfire (1947)
281,6,251,4.307261042417634,Shall We Dance? (1996)
281,7,272,4.288263787465025,Good Will Hunting (1997)
281,8,64,4.270982308077566,"Shawshank Redemption, The (1994)"
281,9,1599,4.2617825179615245,Someone Else's America (1995)
281,10,1189,4.221836020558587,Prefontaine (1997)
182,1,1449,4.604029123314085,Pather Panchali (1955)
182,2,1467,4.595023770164388,"Saint of Fort Washington, The (1993)"
182,3,318,4.470865952900715,Schindler's List (1993)
182,4,64,4.468350936755455,"Shawshank Redemption, The (1994)"
182,5,174,4.440310545924863,Raiders of the Lost Ark (1981)
182,6,1450,4.4059110454275805,Golden Earrings (1947)
182,7,1512,4.404786518046781,"World of Apu, The (Apur Sansar) (1959)"
182,8,1189,4.400728311622708,Prefontaine (1997)
182,9,867,4.381933344741237,"Whole Wide World, The (1996)"
182,10,1554,4.347217323925084,Safe Passage (1994)
129,1,1449,4.101636529493569,Pather Panchali (1955)
129,2,1512,3.987362086106026,"World of Apu, The (Apur Sansar) (1959)"
129,3,408,3.9238536187473714,"Close Shave, A (1995)"
129,4,1599,3.8449389934983245,Someone Else's America (1995)
129,5,483,3.800212120761878,Casablanca (1942)
129,6,318,3.7925135934660807,Schindler's List (1993)
129,7,1193,3.7866758950351027,Before the Rain (Pred dozhdot) (1994)
129,8,515,3.770302964888468,"Boot, Das (1981)"
129,9,114,3.7668068150017873,Wallace & Gromit: The Best of Aardman Animation (1996)
129,10,480,3.7637465911203414,North by Northwest (1959)
64,1,1449,4.465086577701766,Pather Panchali (1955)
64,2,1467,4.323858759494678,"Saint of Fort Washington, The (1993)"
64,3,1512,4.313153091783112,"World of Apu, The (Apur Sansar) (1959)"
64,4,169,4.278896575953538,"Wrong Trousers, The (1993)"
64,5,408,4.237574939524354,"Close Shave, A (1995)"
64,6,483,4.207014912002557,Casablanca (1942)
64,7,867,4.200596321277225,"Whole Wide World, The (1996)"
64,8,1189,4.197529396768718,Prefontaine (1997)
64,9,114,4.183114457979541,Wallace & Gromit: The Best of Aardman Animation (1996)
64,10,12,4.166458811516252,"Usual Suspects, The (1995)"
45,1,1449,4.803533287458675,Pather Panchali (1955)
45,2,1467,4.619605449125739,"Saint of Fort Washington, The (1993)"
45,3,1512,4.607313248462005,"World of Apu, The (Apur Sansar) (1959)"
45,4,169,4.592487780565936,"Wrong Trousers, The (1993)"
45,5,318,4.547132615592644,Schindler's List (1993)
45,6,408,4.540986668494757,"Close Shave, A (1995)"
45,7,867,4.53428035414068,"Whole Wide World, The (1996)"
45,8,64,4.528782556987079,"Shawshank Redemption, The (1994)"
45,9,483,4.51263013693058,Casablanca (1942)
45,10,1064,4.499288191611319,Crossfire (1947)
193,1,1449,4.646559070071142,Pather Panchali (1955)
193,2,1512,4.457046543848647,"World of Apu, The (Apur Sansar) (1959)"
193,3,318,4.351003561759346,Schindler's List (1993)
193,4,408,4.331195963453395,"Close Shave, A (1995)"
193,5,867,4.30189377233702,"Whole Wide World, The (1996)"
193,6,64,4.291651800021155,"Shawshank Redemption, The (1994)"
193,7,483,4.285027916872771,Casablanca (1942)
193,8,1599,4.281813515515564,Someone Else's America (1995)
193,9,169,4.28024814060727,"Wrong Trousers, The (1993)"
193,10,1189,4.264061889656871,Prefontaine (1997)
198,1,1449,4.317374756234298,Pather Panchali (1955)
198,2,1512,4.271105798072897,"World of Apu, The (Apur Sansar) (1959)"
198,3,1467,4.2017594964609835,"Saint of Fort Washington, The (1993)"
198,4,408,4.153030634112881,"Close Shave, A (1995)"
198,5,169,4.142691156227393,"Wrong Trousers, The (1993)"
198,6,867,4.128003612205711,"Whole Wide World, The (1996)"
198,7,64,4.1046227150492145,"Shawshank Redemption, The (1994)"
198,8,12,4.080341117544839,"Usual Suspects, The (1995)"
198,9,318,4.067329360300001,Schindler's List (1993)
198,10,114,4.064565644501582,Wallace & Gromit: The Best of Aardman Animation (1996)
230,1,318,4.616593664475003,Schindler's List (1993)
230,2,1449,4.5631303363124935,Pather Panchali (1955)
230,3,1554,4.555088134159854,Safe Passage (1994)
230,4,1467,4.508674892640326,"Saint of Fort Washington, The (1993)"
230,5,64,4.49824269422594,"Shawshank Redemption, The (1994)"
230,6,966,4.48000011482054,"Affair to Remember, An (1957)"
230,7,313,4.47428367228898,Titanic (1997)
230,8,1189,4.457073641367776,Prefontaine (1997)
230,9,1064,4.442622206807973,Crossfire (1947)
230,10,143,4.416260423025315,"Sound of Music, The (1965)"
126,1,1449,4.609033372097107,Pather Panchali (1955)
126,2,867,4.586546173734695,"Whole Wide World, The (1996)"
126,3,1233,4.515992093947208,Nénette et Boni (1996)
126,4,1512,4.499226117489909,"World of Apu, The (Apur Sansar) (1959)"
126,5,1467,4.479310898932245,"Saint of Fort Washington, The (1993)"
126,6,1368,4.476941243292837,Mina Tannenbaum (1994)
126,7,1599,4.4686251256898295,Someone Else's America (1995)
126,8,1189,4.457982513748498,Prefontaine (1997)
126,9,1158,4.418993797672883,"Fille seule, La (A Single Girl) (1995)"
126,10,1169,4.416954616311725,Fresh (1994)
231,1,1449,4.324805960896957,Pather Panchali (1955)
231,2,1189,4.217285840347264,Prefontaine (1997)
231,3,1064,4.190837832684987,Crossfire (1947)
231,4,318,4.153232126490391,Schindler's List (1993)
231,5,1467,4.149887825020122,"Saint of Fort Washington, The (1993)"
231,6,174,4.0985336604049225,Raiders of the Lost Ark (1981)
231,7,966,4.090388596130773,"Affair to Remember, An (1957)"
231,8,1642,4.069563085704116,Some Mother's Son (1996)
231,9,1368,4.064055387713514,Mina Tannenbaum (1994)
231,10,64,4.055738938848173,"Shawshank Redemption, The (1994)"
280,1,1449,4.724791048270894,Pather Panchali (1955)
280,2,1467,4.608530490729765,"Saint of Fort Washington, The (1993)"
280,3,1512,4.591788052209035,"World of Apu, The (Apur Sansar) (1959)"
280,4,1398,4.486721885277928,Anna (1996)
280,5,320,4.4783860885963716,Paradise Lost: The Child Murders at Robin Hood Hills (1996)
280,6,603,4.455994756529987,Rear Window (1954)
280,7,64,4.447681915129514,"Shawshank Redemption, The (1994)"
280,8,1064,4.439621903624536,Crossfire (1947)
280,9,169,4.439394577581986,"Wrong Trousers, The (1993)"
280,10,178,4.434993698371878,12 Angry Men (1957)
288,1,1449,4.780360058675838,Pather Panchali (1955)
288,2,1512,4.570144472657991,"World of Apu, The (Apur Sansar) (1959)"
288,3,1599,4.485414542484626,Someone Else's America (1995)
288,4,867,4.457663199481934,"Whole Wide World, The (1996)"
288,5,1398,4.444952913796043,Anna (1996)
288,6,1467,4.42444409347029,"Saint of Fort Washington, The (1993)"
288,7,483,4.414188707860137,Casablanca (1942)
288,8,603,4.380374047150996,Rear Window (1954)
288,9,1642,4.366017539800792,Some Mother's Son (1996)
288,10,1064,4.356396406326119,Crossfire (1947)
152,1,1467,5.0,"Saint of Fort Washington, The (1993)"
152,2,1449,5.0,Pather Panchali (1955)
152,3,174,5.0,Raiders of the Lost Ark (1981)
152,4,1189,5.0,Prefontaine (1997)
152,5,1512,5.0,"World of Apu, The (Apur Sansar) (1959)"
152,6,867,5.0,"Whole Wide World, The (1996)"
152,7,1599,5.0,Someone Else's America (1995)
152,8,318,5.0,Schindler's List (1993)
152,9,64,5.0,"Shawshank Redemption, The (1994)"
152,10,1554,5.0,Safe Passage (1994)
217,1,1449,4.226391999693823,Pather Panchali (1955)
217,2,1512,4.205721002279963,"World of Apu, The (Apur Sansar) (1959)"
217,3,318,4.153463394613203,Schindler's List (1993)
217,4,320,4.140581779948276,Paradise Lost: The Child Murders at Robin Hood Hills (1996)
217,5,1639,4.038020052762858,Bitter Sugar (Azucar Amargo) (1996)
217,6,64,4.037018455277181,"Shawshank Redemption, The (1994)"
217,7,603,4.034833611993785,Rear Window (1954)
217,8,1064,4.027390193756605,Crossfire (1947)
217,9,1599,4.019526035678592,Someone Else's America (1995)
217,10,1398,4.015861280338894,Anna (1996)
79,1,1449,4.974273078258569,Pather Panchali (1955)
79,2,1512,4.752390484186711,"World of Apu, The (Apur Sansar) (1959)"
79,3,169,4.625608186421396,"Wrong Trousers, The (1993)"
79,4,408,4.614138126583416,"Close Shave, A (1995)"
79,5,114,4.606775827409612,Wallace & Gromit: The Best of Aardman Animation (1996)
79,6,119,4.5646581389720655,Maya Lin: A Strong Clear Vision (1994)
79,7,1467,4.55738750597429,"Saint of Fort Washington, The (1993)"
79,8,318,4.555559714440276,Schindler's List (1993)
79,9,923,4.554319381110291,Raise the Red Lantern (1991)
79,10,1064,4.554158235891702,Crossfire (1947)
75,1,1449,4.796681901018479,Pather Panchali (1955)
75,2,1512,4.738846540188917,"World of Apu, The (Apur Sansar) (1959)"
75,3,169,4.575437737610458,"Wrong Trousers, The (1993)"
75,4,1240,4.524396931276067,Ghost in the Shell (Kokaku kidotai) (1995)
75,5,119,4.51440782311826,Maya Lin: A Strong Clear Vision (1994)
75,6,1467,4.513653087344302,"Saint of Fort Washington, The (1993)"
75,7,603,4.439835628405231,Rear Window (1954)
75,8,134,4.431585759445769,Citizen Kane (1941)
75,9,12,4.4314182414937475,"Usual Suspects, The (1995)"
75,10,1064,4.4242387579516524,Crossfire (1947)
307,1,1449,4.650590498049268,Pather Panchali (1955)
307,2,169,4.5939213046669884,"Wrong Trousers, The (1993)"
307,3,1467,4.545768925083262,"Saint of Fort Washington, The (1993)"
307,4,408,4.52269768182499,"Close Shave, A (1995)"
307,5,1512,4.470961820276459,"World of Apu, The (Apur Sansar) (1959)"
307,6,867,4.468962851536205,"Whole Wide World, The (1996)"
307,7,114,4.446536884380843,Wallace & Gromit: The Best of Aardman Animation (1996)
307,8,1450,4.389252071158706,Golden Earrings (1947)
307,9,12,4.375788716210775,"Usual Suspects, The (1995)"
307,10,318,4.365139988850999,Schindler's List (1993)
245,1,1449,4.472579033371292,Pather Panchali (1955)
245,2,1467,4.409597680390654,"Saint of Fort Washington, The (1993)"
245,3,1189,4.346047029991497,Prefontaine (1997)
245,4,1064,4.270652765115159,Crossfire (1947)
245,5,1639,4.234266553783495,Bitter Sugar (Azucar Amargo) (1996)
245,6,318,4.22929747700536,Schindler's List (1993)
245,7,1368,4.218738859361606,Mina Tannenbaum (1994)
245,8,1450,4.215851166549965,Golden Earrings (1947)
245,9,966,4.214373001779624,"Affair to Remember, An (1957)"
245,10,867,4.212800704953219,"Whole Wide World, The (1996)"
295,1,1467,5.0,"Saint of Fort Washington, The (1993)"
295,2,1512,5.0,"World of Apu, The (Apur Sansar) (1959)"
295,3,1449,5.0,Pather Panchali (1955)
295,4,867,4.956754099245891,"Whole Wide World, The (1996)"
295,5,1064,4.946733193927372,Crossfire (1947)
295,6,408,4.916054654779989,"Close Shave, A (1995)"
295,7,169,4.895157599116813,"Wrong Trousers, The (1993)"
295,8,64,4.894315955911164,"Shawshank Redemption, The (1994)"
295,9,1398,4.88847189285902,Anna (1996)
295,10,603,4.885740573491165,Rear Window (1954)
282,1,1449,4.620019058212605,Pather Panchali (1955)
282,2,408,4.4641310281220825,"Close Shave, A (1995)"
282,3,483,4.452888176542467,Casablanca (1942)
282,4,169,4.442020222343533,"Wrong Trousers, The (1993)"
282,5,1512,4.431136114598537,"World of Apu, The (Apur Sansar) (1959)"
282,6,318,4.430731870327791,Schindler's List (1993)
282,7,114,4.405282299533571,Wallace & Gromit: The Best of Aardman Animation (1996)
282,8,50,4.384364229830588,Star Wars (1977)
282,9,1064,4.378552675102272,Crossfire (1947)
282,10,867,4.375833202933937,"Whole Wide World, The (1996)"
78,1,1449,4.74969440378309,Pather Panchali (1955)
78,2,1512,4.649655904421182,"World of Apu, The (Apur Sansar) (1959)"
78,3,119,4.5986870239431985,Maya Lin: A Strong Clear Vision (1994)
78,4,1467,4.535948639038562,"Saint of Fort Washington, The (1993)"
78,5,1500,4.533021883698737,Santa with Muscles (1996)
78,6,1599,4.532421835657219,Someone Else's America (1995)
78,7,318,4.521468623060656,Schindler's List (1993)
78,8,169,4.520283756503907,"Wrong Trousers, The (1993)"
78,9,483,4.511061174054521,Casablanca (1942)
78,10,408,4.508045156557089,"Close Shave, A (1995)"
118,1,1398,5.0,Anna (1996)
118,2,1512,5.0,"World of Apu, The (Apur Sansar) (1959)"
118,3,178,5.0,12 Angry Men (1957)
118,4,1524,5.0,Kaspar Hauser (1993)
118,5,1639,5.0,Bitter Sugar (Azucar Amargo) (1996)
118,6,357,5.0,One Flew Over the Cuckoo's Nest (1975)
118,7,1064,5.0,Crossfire (1947)
118,8,50,5.0,Star Wars (1977)
118,9,408,5.0,"Close Shave, A (1995)"
118,10,119,5.0,Maya Lin: A Strong Clear Vision (1994)
107,1,1449,4.50245877028616,Pather Panchali (1955)
107,2,1512,4.422987375207242,"World of Apu, The (Apur Sansar) (1959)"
107,3,320,4.335671663361567,Paradise Lost: The Child Murders at Robin Hood Hills (1996)
107,4,169,4.280073177653534,"Wrong Trousers, The (1993)"
107,5,408,4.270417397510283,"Close Shave, A (1995)"
107,6,1642,4.24996749605993,Some Mother's Son (1996)
107,7,357,4.220066735435818,One Flew Over the Cuckoo's Nest (1975)
107,8,178,4.218241778080973,12 Angry Men (1957)
107,9,318,4.215997364185048,Schindler's List (1993)
107,10,603,4.21438032041793,Rear Window (1954)
226,1,1449,4.601670976401068,Pather Panchali (1955)
226,2,318,4.4281021018969255,Schindler's List (1993)
226,3,64,4.4109261340972585,"Shawshank Redemption, The (1994)"
226,4,1467,4.386100096062624,"Saint of Fort Washington, The (1993)"
226,5,1512,4.371881553311415,"World of Apu, The (Apur Sansar) (1959)"
226,6,114,4.328688768712571,Wallace & Gromit: The Best of Aardman Animation (1996)
226,7,1554,4.3000452010739645,Safe Passage (1994)
226,8,1189,4.279097796230966,Prefontaine (1997)
226,9,1450,4.263747456490318,Golden Earrings (1947)
226,10,50,4.257701961805362,Star Wars (1977)
306,1,1449,4.865659787770781,Pather Panchali (1955)
306,2,1512,4.711361211448259,"World of Apu, The (Apur Sansar) (1959)"
306,3,408,4.566068624662083,"Close Shave, A (1995)"
306,4,318,4.521075199228286,Schindler's List (1993)
306,5,169,4.517150640064517,"Wrong Trousers, The (1993)"
306,6,64,4.513700855364262,"Shawshank Redemption, The (1994)"
306,7,483,4.501032219207037,Casablanca (1942)
306,8,178,4.499452181367651,12 Angry Men (1957)
306,9,603,4.487320105706384,Rear Window (1954)
306,10,114,4.469261780816064,Wallace & Gromit: The Best of Aardman Animation (1996)
185,1,1449,4.726739057023088,Pather Panchali (1955)
185,2,1467,4.63579501531428,"Saint of Fort Washington, The (1993)"
185,3,1512,4.598674635137743,"World of Apu, The (Apur Sansar) (1959)"
185,4,169,4.535563768182438,"Wrong Trousers, The (1993)"
185,5,408,4.52502146137986,"Close Shave, A (1995)"
185,6,64,4.512254943860339,"Shawshank Redemption, The (1994)"
185,7,1064,4.492363842593376,Crossfire (1947)
185,8,320,4.487289546617776,Paradise Lost: The Child Murders at Robin Hood Hills (1996)
185,9,483,4.4715334019749475,Casablanca (1942)
185,10,1398,4.465833507232256,Anna (1996)
150,1,1449,4.864021541199743,Pather Panchali (1955)
150,2,1512,4.759172450361577,"World of Apu, The (Apur Sansar) (1959)"
150,3,1467,4.628204750241419,"Saint of Fort Washington, The (1993)"
150,4,169,4.6109969052174895,"Wrong Trousers, The (1993)"
150,5,178,4.563695104053253,12 Angry Men (1957)
150,6,64,4.55289465491463,"Shawshank Redemption, The (1994)"
150,7,119,4.540635171094451,Maya Lin: A Strong Clear Vision (1994)
150,8,1599,4.522279404989374,Someone Else's America (1995)
150,9,867,4.49804319275991,"Whole Wide World, The (1996)"
150,10,603,4.496649719639691,Rear Window (1954)
236,1,1449,4.285960131153254,Pather Panchali (1955)
236,2,1064,4.162496269152211,Crossfire (1947)
236,3,1467,4.0802594197059525,"Saint of Fort Washington, The (1993)"
236,4,1554,4.026872642088044,Safe Passage (1994)
236,5,1450,4.025627744826068,Golden Earrings (1947)
236,6,867,4.011386258108308,"Whole Wide World, The (1996)"
236,7,408,4.003526078480837,"Close Shave, A (1995)"
236,8,1189,3.9917834622329593,Prefontaine (1997)
236,9,1512,3.9843420657345385,"World of Apu, The (Apur Sansar) (1959)"
236,10,963,3.9825540712911516,Some Folks Call It a Sling Blade (1993)
48,1,1449,4.613899654366871,Pather Panchali (1955)
48,2,1467,4.510326748081508,"Saint of Fort Washington, The (1993)"
48,3,1512,4.494114244949579,"World of Apu, The (Apur Sansar) (1959)"
48,4,318,4.444936340870665,Schindler's List (1993)
48,5,64,4.433384662909392,"Shawshank Redemption, The (1994)"
48,6,1189,4.415403693337418,Prefontaine (1997)
48,7,169,4.411987196994972,"Wrong Trousers, The (1993)"
48,8,867,4.389231212503013,"Whole Wide World, The (1996)"
48,9,12,4.381074843189768,"Usual Suspects, The (1995)"
48,10,408,4.358936232379704,"Close Shave, A (1995)"
311,1,1449,4.686258911289649,Pather Panchali (1955)
311,2,1467,4.648945370604362,"Saint of Fort Washington, The (1993)"
311,3,1512,4.505293457568794,"World of Apu, The (Apur Sansar) (1959)"
311,4,169,4.487168926655139,"Wrong Trousers, The (1993)"
311,5,1189,4.479007803058216,Prefontaine (1997)
311,6,1064,4.478795566387344,Crossfire (1947)
311,7,867,4.425542314525216,"Whole Wide World, The (1996)"
311,8,313,4.407023268690922,Titanic (1997)
311,9,1450,4.401546953393585,Golden Earrings (1947)
311,10,50,4.392929823424065,Star Wars (1977)
165,1,1449,5.0,Pather Panchali (1955)
165,2,1512,4.742811069038477,"World of Apu, The (Apur Sansar) (1959)"
165,3,408,4.687846734973264,"Close Shave, A (1995)"
165,4,867,4.664481805690653,"Whole Wide World, The (1996)"
165,5,1467,4.633645853023354,"Saint of Fort Washington, The (1993)"
165,6,1064,4.613875517610832,Crossfire (1947)
165,7,483,4.587877515322894,Casablanca (1942)
165,8,1642,4.586299440666774,Some Mother's Son (1996)
165,9,1599,4.577916491220953,Someone Else's America (1995)
165,10,119,4.573341354631277,Maya Lin: A Strong Clear Vision (1994)
208,1,1449,4.513803821336293,Pather Panchali (1955)
208,2,1467,4.394537240545113,"Saint of Fort Washington, The (1993)"
208,3,318,4.371616115053345,Schindler's List (1993)
208,4,1189,4.367201179168592,Prefontaine (1997)
208,5,64,4.364515398468869,"Shawshank Redemption, The (1994)"
208,6,496,4.342690877478083,It's a Wonderful Life (1946)
208,7,1233,4.33973573417124,Nénette et Boni (1996)
208,8,966,4.3339380714803095,"Affair to Remember, An (1957)"
208,9,867,4.331715437076257,"Whole Wide World, The (1996)"
208,10,22,4.324840252869021,Braveheart (1995)
2,1,1449,4.863875430429216,Pather Panchali (1955)
2,2,1512,4.832095584636198,"World of Apu, The (Apur Sansar) (1959)"
2,3,408,4.620014856563696,"Close Shave, A (1995)"
2,4,169,4.605185308409329,"Wrong Trousers, The (1993)"
2,5,119,4.590796904746117,Maya Lin: A Strong Clear Vision (1994)
2,6,318,4.572325117413007,Schindler's List (1993)
2,7,483,4.565160447668831,Casablanca (1942)
2,8,1467,4.554323220324091,"Saint of Fort Washington, The (1993)"
2,9,1599,4.5362194802807805,Someone Else's America (1995)
2,10,64,4.535790393790355,"Shawshank Redemption, The (1994)"
274,1,1512,5.0,"World of Apu, The (Apur Sansar) (1959)"
274,2,1449,5.0,Pather Panchali (1955)
274,3,169,4.930946320951309,"Wrong Trousers, The (1993)"
274,4,64,4.923129258943443,"Shawshank Redemption, The (1994)"
274,5,408,4.909397575492581,"Close Shave, A (1995)"
274,6,1467,4.8840981424530625,"Saint of Fort Washington, The (1993)"
274,7,178,4.879974612986822,12 Angry Men (1957)
274,8,483,4.867329248830146,Casablanca (1942)
274,9,357,4.830917797937148,One Flew Over the Cuckoo's Nest (1975)
274,10,50,4.826638570950868,Star Wars (1977)
164,1,1467,5.0,"Saint of Fort Washington, The (1993)"
164,2,1449,5.0,Pather Panchali (1955)
164,3,318,4.964470831511753,Schindler's List (1993)
164,4,64,4.921294349349638,"Shawshank Redemption, The (1994)"
164,5,1189,4.905742160939819,Prefontaine (1997)
164,6,1064,4.896334128974888,Crossfire (1947)
164,7,22,4.8506885997067855,Braveheart (1995)
164,8,174,4.83753285576273,Raiders of the Lost Ark (1981)
164,9,1554,4.827887355321011,Safe Passage (1994)
164,10,966,4.823124535734289,"Affair to Remember, An (1957)"
248,1,320,4.440558896776994,Paradise Lost: The Child Murders at Robin Hood Hills (1996)
248,2,1449,4.374926506729373,Pather Panchali (1955)
248,3,1512,4.344089440349093,"World of Apu, The (Apur Sansar) (1959)"
248,4,853,4.263340620154904,Braindead (1992)
248,5,1467,4.248887393756073,"Saint of Fort Washington, The (1993)"
248,6,169,4.2047385900304945,"Wrong Trousers, The (1993)"
248,7,12,4.141130363360826,"Usual Suspects, The (1995)"
248,8,603,4.1294100964482805,Rear Window (1954)
248,9,178,4.121064954646752,12 Angry Men (1957)
248,10,408,4.10961657501424,"Close Shave, A (1995)"
146,1,1449,4.709921781744236,Pather Panchali (1955)
146,2,318,4.601270822496624,Schindler's List (1993)
146,3,1064,4.574579064948022,Crossfire (1947)
146,4,1512,4.570435452563838,"World of Apu, The (Apur Sansar) (1959)"
146,5,64,4.527229662053215,"Shawshank Redemption, The (1994)"
146,6,603,4.478889984546904,Rear Window (1954)
146,7,178,4.463031460628866,12 Angry Men (1957)
146,8,1467,4.459828210486908,"Saint of Fort Washington, The (1993)"
146,9,408,4.447828146231941,"Close Shave, A (1995)"
146,10,1062,4.44648466719681,Four Days in September (1997)
77,1,1449,4.357908599785785,Pather Panchali (1955)
77,2,1512,4.3263033937147855,"World of Apu, The (Apur Sansar) (1959)"
77,3,1467,4.264150645639801,"Saint of Fort Washington, The (1993)"
77,4,169,4.261859593195174,"Wrong Trousers, The (1993)"
77,5,12,4.161019517430644,"Usual Suspects, The (1995)"
77,6,408,4.153884282444968,"Close Shave, A (1995)"
77,7,119,4.149063807902831,Maya Lin: A Strong Clear Vision (1994)
77,8,114,4.131709201982847,Wallace & Gromit: The Best of Aardman Animation (1996)
77,9,1240,4.121249090692828,Ghost in the Shell (Kokaku kidotai) (1995)
77,10,1599,4.110541671917988,Someone Else's America (1995)
29,1,1449,4.834607232086995,Pather Panchali (1955)
29,2,1512,4.726426494751676,"World of Apu, The (Apur Sansar) (1959)"
29,3,1467,4.671179512019847,"Saint of Fort Washington, The (1993)"
29,4,169,4.6335210152474815,"Wrong Trousers, The (1993)"
29,5,408,4.593547629374821,"Close Shave, A (1995)"
29,6,64,4.569893961744681,"Shawshank Redemption, The (1994)"
29,7,114,4.555705403106684,Wallace & Gromit: The Best of Aardman Animation (1996)
29,8,318,4.5536883834162385,Schindler's List (1993)
29,9,178,4.55214377138352,12 Angry Men (1957)
29,10,603,4.52579097131555,Rear Window (1954)
156,1,1449,4.430930471967828,Pather Panchali (1955)
156,2,1512,4.271686360744275,"World of Apu, The (Apur Sansar) (1959)"
156,3,1599,4.235793239233921,Someone Else's America (1995)
156,4,1467,4.177417717480252,"Saint of Fort Washington, The (1993)"
156,5,169,4.175968876286848,"Wrong Trousers, The (1993)"
156,6,867,4.175504496835859,"Whole Wide World, The (1996)"
156,7,408,4.143825217333628,"Close Shave, A (1995)"
156,8,1064,4.115527304410356,Crossfire (1947)
156,9,603,4.1100705213732285,Rear Window (1954)
156,10,1398,4.0914587559309785,Anna (1996)
232,1,1449,4.616893762535683,Pather Panchali (1955)
232,2,1467,4.560786023611945,"Saint of Fort Washington, The (1993)"
232,3,1512,4.506353174844821,"World of Apu, The (Apur Sansar) (1959)"
232,4,867,4.448485248943707,"Whole Wide World, The (1996)"
232,5,169,4.443668790838566,"Wrong Trousers, The (1993)"
232,6,408,4.403173605926421,"Close Shave, A (1995)"
232,7,1064,4.395250901612242,Crossfire (1947)
232,8,1599,4.38693068256108,Someone Else's America (1995)
232,9,1368,4.36458880585616,Mina Tannenbaum (1994)
232,10,483,4.358667401733282,Casablanca (1942)
37,1,1449,4.7945661107338085,Pather Panchali (1955)
37,2,1467,4.768472230675827,"Saint of Fort Washington, The (1993)"
37,3,1512,4.6589083708284935,"World of Apu, The (Apur Sansar) (1959)"
37,4,169,4.633331269512927,"Wrong Trousers, The (1993)"
37,5,1599,4.607492149147676,Someone Else's America (1995)
37,6,867,4.606022923516078,"Whole Wide World, The (1996)"
37,7,64,4.595745755081079,"Shawshank Redemption, The (1994)"
37,8,318,4.586963758232197,Schindler's List (1993)
37,9,174,4.54242581890758,Raiders of the Lost Ark (1981)
37,10,1064,4.53668085426579,Crossfire (1947)
141,1,1449,4.668842141942424,Pather Panchali (1955)
141,2,313,4.639135659772823,Titanic (1997)
141,3,1467,4.623040983031899,"Saint of Fort Washington, The (1993)"
141,4,1189,4.5890816338826035,Prefontaine (1997)
141,5,1450,4.545175213357555,Golden Earrings (1947)
141,6,64,4.521584285622383,"Shawshank Redemption, The (1994)"
141,7,318,4.439484602558602,Schindler's List (1993)
141,8,22,4.429940282361775,Braveheart (1995)
141,9,1064,4.418726056819636,Crossfire (1947)
141,10,333,4.383599112960715,"Game, The (1997)"
195,1,1449,4.561337035865629,Pather Panchali (1955)
195,2,1512,4.536687766630471,"World of Apu, The (Apur Sansar) (1959)"
195,3,318,4.431613653978411,Schindler's List (1993)
195,4,1467,4.409586832430809,"Saint of Fort Washington, The (1993)"
195,5,64,4.397782299689597,"Shawshank Redemption, The (1994)"
195,6,1189,4.324046336833574,Prefontaine (1997)
195,7,1398,4.321633147978602,Anna (1996)
195,8,1554,4.319934811226799,Safe Passage (1994)
195,9,178,4.316249073846234,12 Angry Men (1957)
195,10,169,4.3154164733528475,"Wrong Trousers, The (1993)"
65,1,1449,4.800638594352783,Pather Panchali (1955)
65,2,1467,4.678528004649358,"Saint of Fort Washington, The (1993)"
65,3,1512,4.607850821279646,"World of Apu, The (Apur Sansar) (1959)"
65,4,1189,4.591526301549386,Prefontaine (1997)
65,5,169,4.580419709874957,"Wrong Trousers, The (1993)"
65,6,867,4.567139429172182,"Whole Wide World, The (1996)"
65,7,174,4.563703371023016,Raiders of the Lost Ark (1981)
65,8,1064,4.54950583802141,Crossfire (1947)
65,9,483,4.547410059375922,Casablanca (1942)
65,10,408,4.541708063685162,"Close Shave, A (1995)"
255,1,1512,4.251073774515462,"World of Apu, The (Apur Sansar) (1959)"
255,2,1467,4.157869139991454,"Saint of Fort Washington, The (1993)"
255,3,127,4.094249748960689,"Godfather, The (1972)"
255,4,357,4.072686261415654,One Flew Over the Cuckoo's Nest (1975)
255,5,1398,4.070480597384862,Anna (1996)
255,6,1449,4.063307447275006,Pather Panchali (1955)
255,7,178,4.0598476204088,12 Angry Men (1957)
255,8,64,4.029849023517332,"Shawshank Redemption, The (1994)"
255,9,318,4.0062527214629,Schindler's List (1993)
255,10,12,3.998453601331807,"Usual Suspects, The (1995)"
68,1,1512,4.792497776366547,"World of Apu, The (Apur Sansar) (1959)"
68,2,408,4.687528942447043,"Close Shave, A (1995)"
68,3,1449,4.685088424716099,Pather Panchali (1955)
68,4,1142,4.597964816036715,When We Were Kings (1996)
68,5,718,4.581152074332811,In the Bleak Midwinter (1995)
68,6,119,4.562485749339746,Maya Lin: A Strong Clear Vision (1994)
68,7,357,4.561179884114809,One Flew Over the Cuckoo's Nest (1975)
68,8,169,4.535171520887583,"Wrong Trousers, The (1993)"
68,9,114,4.514708866734674,Wallace & Gromit: The Best of Aardman Animation (1996)
68,10,919,4.511387039723653,"City of Lost Children, The (1995)"
140,1,1449,4.542471498549114,Pather Panchali (1955)
140,2,1467,4.4353317302997715,"Saint of Fort Washington, The (1993)"
140,3,867,4.425086923300669,"Whole Wide World, The (1996)"
140,4,1512,4.415328822741111,"World of Apu, The (Apur Sansar) (1959)"
140,5,169,4.381913394957664,"Wrong Trousers, The (1993)"
140,6,1599,4.34790868240779,Someone Else's America (1995)
140,7,318,4.343168449664578,Schindler's List (1993)
140,8,483,4.330285431967366,Casablanca (1942)
140,9,408,4.325947935255059,"Close Shave, A (1995)"
140,10,1189,4.319394213220205,Prefontaine (1997)
190,1,1449,4.513876127948909,Pather Panchali (1955)
190,2,1467,4.476808382301849,"Saint of Fort Washington, The (1993)"
190,3,64,4.4505694841943075,"Shawshank Redemption, The (1994)"
190,4,1512,4.397858694816882,"World of Apu, The (Apur Sansar) (1959)"
190,5,318,4.390807301533413,Schindler's List (1993)
190,6,174,4.365004566320717,Raiders of the Lost Ark (1981)
190,7,313,4.3630966370358975,Titanic (1997)
190,8,1189,4.361020551357749,Prefontaine (1997)
190,9,169,4.3604261960128925,"Wrong Trousers, The (1993)"
190,10,1450,4.352186845353468,Golden Earrings (1947)
24,1,1512,5.0,"World of Apu, The (Apur Sansar) (1959)"
24,2,1449,5.0,Pather Panchali (1955)
24,3,1467,4.940592201053262,"Saint of Fort Washington, The (1993)"
24,4,1599,4.879605153460962,Someone Else's America (1995)
24,5,169,4.833723305330546,"Wrong Trousers, The (1993)"
24,6,1189,4.799615760256053,Prefontaine (1997)
24,7,867,4.793885743417891,"Whole Wide World, The (1996)"
24,8,603,4.790812897855508,Rear Window (1954)
24,9,1064,4.776688127277584,Crossfire (1947)
24,10,1450,4.77053486734911,Golden Earrings (1947)
196,1,1449,4.621719370759478,Pather Panchali (1955)
196,2,1467,4.550185157861435,"Saint of Fort Washington, The (1993)"
196,3,318,4.548575796705049,Schindler's List (1993)
196,4,1512,4.512553276451611,"World of Apu, The (Apur Sansar) (1959)"
196,5,1064,4.497042698873776,Crossfire (1947)
196,6,64,4.475184221882009,"Shawshank Redemption, The (1994)"
196,7,867,4.410231230997329,"Whole Wide World, The (1996)"
196,8,1189,4.401856859815448,Prefontaine (1997)
196,9,1599,4.396758656563086,Someone Else's America (1995)
196,10,178,4.382282923241929,12 Angry Men (1957)
313,1,1449,4.67734738855087,Pather Panchali (1955)
313,2,1512,4.566611317542969,"World of Apu, The (Apur Sansar) (1959)"
313,3,1467,4.533984913009346,"Saint of Fort Washington, The (1993)"
313,4,867,4.463213009493011,"Whole Wide World, The (1996)"
313,5,169,4.427939609703603,"Wrong Trousers, The (1993)"
313,6,1599,4.42139598328221,Someone Else's America (1995)
313,7,1398,4.369806311896842,Anna (1996)
313,8,1189,4.368440872913649,Prefontaine (1997)
313,9,12,4.35741580558108,"Usual Suspects, The (1995)"
313,10,1064,4.349815790999052,Crossfire (1947)
148,1,1449,4.828231140676522,Pather Panchali (1955)
148,2,1467,4.710808042046064,"Saint of Fort Washington, The (1993)"
148,3,408,4.70054229276672,"Close Shave, A (1995)"
148,4,1512,4.638269141421808,"World of Apu, The (Apur Sansar) (1959)"
148,5,867,4.607987947176773,"Whole Wide World, The (1996)"
148,6,1368,4.5511185903692715,Mina Tannenbaum (1994)
148,7,1642,4.536600888449513,Some Mother's Son (1996)
148,8,1189,4.526919224461088,Prefontaine (1997)
148,9,318,4.511136114480509,Schindler's List (1993)
148,10,483,4.511087067010272,Casablanca (1942)
73,1,1449,4.616889905393213,Pather Panchali (1955)
73,2,1512,4.611207759198428,"World of Apu, The (Apur Sansar) (1959)"
73,3,408,4.495840158895642,"Close Shave, A (1995)"
73,4,169,4.387703432008597,"Wrong Trousers, The (1993)"
73,5,114,4.359043159401984,Wallace & Gromit: The Best of Aardman Animation (1996)
73,6,1021,4.35657959011315,8 1/2 (1963)
73,7,60,4.34172257401678,Three Colors: Blue (1993)
73,8,512,4.338941448868717,Wings of Desire (1987)
73,9,1599,4.32944876373253,Someone Else's America (1995)
73,10,654,4.328273292002917,Chinatown (1974)
283,1,1449,5.0,Pather Panchali (1955)
283,2,169,4.87888160113282,"Wrong Trousers, The (1993)"
283,3,1467,4.861043807198827,"Saint of Fort Washington, The (1993)"
283,4,1512,4.859609842823961,"World of Apu, The (Apur Sansar) (1959)"
283,5,867,4.8568146412432585,"Whole Wide World, The (1996)"
283,6,408,4.777552396532394,"Close Shave, A (1995)"
283,7,1064,4.766646555498646,Crossfire (1947)
283,8,1189,4.748890110067908,Prefontaine (1997)
283,9,483,4.737369113308526,Casablanca (1942)
283,10,114,4.735626636042699,Wallace & Gromit: The Best of Aardman Animation (1996)
53,1,1449,4.738058252743603,Pather Panchali (1955)
53,2,1512,4.569751478407552,"World of Apu, The (Apur Sansar) (1959)"
53,3,318,4.535461106456747,Schindler's List (1993)
53,4,1189,4.511465251709156,Prefontaine (1997)
53,5,64,4.446188200320451,"Shawshank Redemption, The (1994)"
53,6,1467,4.416812427909171,"Saint of Fort Washington, The (1993)"
53,7,408,4.4005631186438485,"Close Shave, A (1995)"
53,8,867,4.400546166701025,"Whole Wide World, The (1996)"
53,9,1398,4.392747818938756,Anna (1996)
53,10,178,4.391117456155928,12 Angry Men (1957)
124,1,1449,4.358729851270128,Pather Panchali (1955)
124,2,1512,4.249651792555347,"World of Apu, The (Apur Sansar) (1959)"
124,3,169,4.2356563994794545,"Wrong Trousers, The (1993)"
124,4,114,4.190095370658328,Wallace & Gromit: The Best of Aardman Animation (1996)
124,5,1467,4.187516113218718,"Saint of Fort Washington, The (1993)"
124,6,119,4.14529741302967,Maya Lin: A Strong Clear Vision (1994)
124,7,867,4.114598023991056,"Whole Wide World, The (1996)"
124,8,408,4.113608249740682,"Close Shave, A (1995)"
124,9,12,4.066749434487347,"Usual Suspects, The (1995)"
124,10,1019,4.032325331124932,"Die xue shuang xiong (Killer, The) (1989)"
188,1,1449,4.636768037532504,Pather Panchali (1955)
188,2,1467,4.596457436240866,"Saint of Fort Washington, The (1993)"
188,3,318,4.542930620346254,Schindler's List (1993)
188,4,1512,4.4682179725225195,"World of Apu, The (Apur Sansar) (1959)"
188,5,1064,4.399725117690486,Crossfire (1947)
188,6,1189,4.399623589910107,Prefontaine (1997)
188,7,1554,4.383094934859104,Safe Passage (1994)
188,8,1450,4.375519335989884,Golden Earrings (1947)
188,9,313,4.358302631016692,Titanic (1997)
188,10,178,4.350646511216765,12 Angry Men (1957)
176,1,1449,4.7652185225634405,Pather Panchali (1955)
176,2,1512,4.74446192771966,"World of Apu, The (Apur Sansar) (1959)"
176,3,1467,4.598941242665498,"Saint of Fort Washington, The (1993)"
176,4,1599,4.558352717497221,Someone Else's America (1995)
176,5,119,4.54736115650311,Maya Lin: A Strong Clear Vision (1994)
176,6,867,4.508507396172128,"Whole Wide World, The (1996)"
176,7,1398,4.495517295857781,Anna (1996)
176,8,169,4.473860644427442,"Wrong Trousers, The (1993)"
176,9,127,4.473607454932181,"Godfather, The (1972)"
176,10,178,4.472164726573395,12 Angry Men (1957)
312,1,1449,5.0,Pather Panchali (1955)
312,2,1512,5.0,"World of Apu, The (Apur Sansar) (1959)"
312,3,1467,4.959117359191439,"Saint of Fort Washington, The (1993)"
312,4,318,4.890002740348931,Schindler's List (1993)
312,5,1398,4.8455235786261435,Anna (1996)
312,6,1064,4.829792345519164,Crossfire (1947)
312,7,169,4.814974044689444,"Wrong Trousers, The (1993)"
312,8,1642,4.813801391123674,Some Mother's Son (1996)
312,9,1599,4.808090493120494,Someone Else's America (1995)
312,10,867,4.799131876817776,"Whole Wide World, The (1996)"
175,1,318,4.43277669331278,Schindler's List (1993)
175,2,1554,4.3792590211215625,Safe Passage (1994)
175,3,1449,4.376566702552016,Pather Panchali (1955)
175,4,50,4.321964293990641,Star Wars (1977)
175,5,1467,4.309061236031545,"Saint of Fort Washington, The (1993)"
175,6,1189,4.2997299555026975,Prefontaine (1997)
175,7,174,4.292201360675899,Raiders of the Lost Ark (1981)
175,8,867,4.2767487486266305,"Whole Wide World, The (1996)"
175,9,408,4.258538542151048,"Close Shave, A (1995)"
175,10,1512,4.248423109025535,"World of Apu, The (Apur Sansar) (1959)"
153,1,1449,3.9871853578634586,Pather Panchali (1955)
153,2,320,3.8818589326986044,Paradise Lost: The Child Murders at Robin Hood Hills (1996)
153,3,1512,3.8655857250125307,"World of Apu, The (Apur Sansar) (1959)"
153,4,318,3.8089714915266244,Schindler's List (1993)
153,5,1524,3.804604113394682,Kaspar Hauser (1993)
153,6,603,3.789779451159543,Rear Window (1954)
153,7,1064,3.7822084368780358,Crossfire (1947)
153,8,1193,3.7755635784155004,Before the Rain (Pred dozhdot) (1994)
153,9,1636,3.7383079950663167,Brothers in Trouble (1995)
153,10,515,3.7251470488458502,"Boot, Das (1981)"
220,1,1467,4.770661761483202,"Saint of Fort Washington, The (1993)"
220,2,318,4.684783691225838,Schindler's List (1993)
220,3,1449,4.609083920580152,Pather Panchali (1955)
220,4,64,4.605233479047493,"Shawshank Redemption, The (1994)"
220,5,1512,4.560751083867361,"World of Apu, The (Apur Sansar) (1959)"
220,6,174,4.54763341654101,Raiders of the Lost Ark (1981)
220,7,1450,4.546377053882023,Golden Earrings (1947)
220,8,313,4.541408423763909,Titanic (1997)
220,9,1189,4.537598032177616,Prefontaine (1997)
220,10,50,4.535114369321115,Star Wars (1977)
285,1,1467,4.624408724521342,"Saint of Fort Washington, The (1993)"
285,2,169,4.49014668053703,"Wrong Trousers, The (1993)"
285,3,1449,4.487029989442442,Pather Panchali (1955)
285,4,1512,4.427373075248703,"World of Apu, The (Apur Sansar) (1959)"
285,5,1599,4.4165317904165065,Someone Else's America (1995)
285,6,50,4.390517882342144,Star Wars (1977)
285,7,318,4.382472839563371,Schindler's List (1993)
285,8,320,4.3823674604978455,Paradise Lost: The Child Murders at Robin Hood Hills (1996)
285,9,174,4.375746802742897,Raiders of the Lost Ark (1981)
285,10,12,4.348184193530925,"Usual Suspects, The (1995)"
199,1,1512,4.552352352160003,"World of Apu, The (Apur Sansar) (1959)"
199,2,1449,4.538131037564654,Pather Panchali (1955)
199,3,119,4.453319297173908,Maya Lin: A Strong Clear Vision (1994)
199,4,1142,4.400534985201295,When We Were Kings (1996)
199,5,127,4.342985402691595,"Godfather, The (1972)"
199,6,718,4.3411128617536585,In the Bleak Midwinter (1995)
199,7,114,4.300426893081033,Wallace & Gromit: The Best of Aardman Animation (1996)
199,8,357,4.2853105263147775,One Flew Over the Cuckoo's Nest (1975)
199,9,474,4.270312862079024,Dr. Strangelove or: How I Learned to Stop Worrying and Love the Bomb (1963)
199,10,654,4.267172698464304,Chinatown (1974)
277,1,1449,4.611388191994341,Pather Panchali (1955)
277,2,1512,4.4975034297325704,"World of Apu, The (Apur Sansar) (1959)"
277,3,318,4.346379022676968,Schindler's List (1993)
277,4,1467,4.336247303968569,"Saint of Fort Washington, The (1993)"
277,5,64,4.309228847726067,"Shawshank Redemption, The (1994)"
277,6,178,4.272024961772964,12 Angry Men (1957)
277,7,169,4.2542366551019,"Wrong Trousers, The (1993)"
277,8,320,4.239262571007187,Paradise Lost: The Child Murders at Robin Hood Hills (1996)
277,9,603,4.223078080095623,Rear Window (1954)
277,10,1189,4.218392363524668,Prefontaine (1997)
206,1,1467,3.8923761055272967,"Saint of Fort Washington, The (1993)"
206,2,1512,3.885984817249037,"World of Apu, The (Apur Sansar) (1959)"
206,3,1449,3.8384096168912802,Pather Panchali (1955)
206,4,1398,3.8288380034874896,Anna (1996)
206,5,1554,3.818896135680942,Safe Passage (1994)
206,6,64,3.7855389161216317,"Shawshank Redemption, The (1994)"
206,7,178,3.756297107873199,12 Angry Men (1957)
206,8,169,3.7472972288211706,"Wrong Trousers, The (1993)"
206,9,50,3.740626840355467,Star Wars (1977)
206,10,119,3.7395665718560873,Maya Lin: A Strong Clear Vision (1994)
314,1,1467,4.835414204088582,"Saint of Fort Washington, The (1993)"
314,2,313,4.771383163534815,Titanic (1997)
314,3,1189,4.743960479442784,Prefontaine (1997)
314,4,1449,4.7066112911750375,Pather Panchali (1955)
314,5,174,4.696640277667143,Raiders of the Lost Ark (1981)
314,6,1064,4.686037493651577,Crossfire (1947)
314,7,966,4.593855064020761,"Affair to Remember, An (1957)"
314,8,1450,4.579680798122046,Golden Earrings (1947)
314,9,867,4.57474442431349,"Whole Wide World, The (1996)"
314,10,79,4.571590046007016,"Fugitive, The (1993)"
61,1,1449,4.2677297705259205,Pather Panchali (1955)
61,2,1512,4.14925276446787,"World of Apu, The (Apur Sansar) (1959)"
61,3,169,4.122006239599013,"Wrong Trousers, The (1993)"
61,4,64,4.094823732004502,"Shawshank Redemption, The (1994)"
61,5,408,4.076745355022921,"Close Shave, A (1995)"
61,6,867,4.0666798676446625,"Whole Wide World, The (1996)"
61,7,318,4.0597496548793695,Schindler's List (1993)
61,8,1189,4.048037436070387,Prefontaine (1997)
61,9,1554,4.015337108957182,Safe Passage (1994)
61,10,50,4.000189630449637,Star Wars (1977)
4,1,169,5.0,"Wrong Trousers, The (1993)"
4,2,1449,5.0,Pather Panchali (1955)
4,3,114,5.0,Wallace & Gromit: The Best of Aardman Animation (1996)
4,4,408,5.0,"Close Shave, A (1995)"
4,5,1467,5.0,"Saint of Fort Washington, The (1993)"
4,6,1512,5.0,"World of Apu, The (Apur Sansar) (1959)"
4,7,12,5.0,"Usual Suspects, The (1995)"
4,8,1367,5.0,Faust (1994)
4,9,318,5.0,Schindler's List (1993)
4,10,1642,5.0,Some Mother's Son (1996)
304,1,1449,4.55369283111621,Pather Panchali (1955)
304,2,1467,4.540772541123807,"Saint of Fort Washington, The (1993)"
304,3,1189,4.5297479940882805,Prefontaine (1997)
304,4,174,4.499876446628864,Raiders of the Lost Ark (1981)
304,5,1554,4.464285214414357,Safe Passage (1994)
304,6,169,4.443657331335497,"Wrong Trousers, The (1993)"
304,7,867,4.422129657360923,"Whole Wide World, The (1996)"
304,8,64,4.411020033569905,"Shawshank Redemption, The (1994)"
304,9,1599,4.39882014387906,Someone Else's America (1995)
304,10,1064,4.3831469733123765,Crossfire (1947)
3,1,1512,4.314049628496609,"World of Apu, The (Apur Sansar) (1959)"
3,2,1449,4.292894189827205,Pather Panchali (1955)
3,3,1642,4.187103576912205,Some Mother's Son (1996)
3,4,1143,4.0953969866613935,Hard Eight (1996)
3,5,1467,4.090285902019043,"Saint of Fort Washington, The (1993)"
3,6,1131,4.085483323498876,Safe (1995)
3,7,169,4.080017937948777,"Wrong Trousers, The (1993)"
3,8,902,4.062983070231449,"Big Lebowski, The (1998)"
3,9,483,4.060002116656268,Casablanca (1942)
3,10,119,4.04760653970789,Maya Lin: A Strong Clear Vision (1994)
162,1,1449,4.5657706661649105,Pather Panchali (1955)
162,2,1467,4.5457887047131305,"Saint of Fort Washington, The (1993)"
162,3,1064,4.406546843933283,Crossfire (1947)
162,4,318,4.4020088599581255,Schindler's List (1993)
162,5,1189,4.359522246991277,Prefontaine (1997)
162,6,64,4.334824638684801,"Shawshank Redemption, The (1994)"
162,7,1512,4.327049880142268,"World of Apu, The (Apur Sansar) (1959)"
162,8,867,4.315906466885162,"Whole Wide World, The (1996)"
162,9,169,4.268316175905912,"Wrong Trousers, The (1993)"
162,10,1450,4.253115249883272,Golden Earrings (1947)
131,1,1449,4.870984759872389,Pather Panchali (1955)
131,2,1467,4.828572788696943,"Saint of Fort Washington, The (1993)"
131,3,1512,4.753267687169096,"World of Apu, The (Apur Sansar) (1959)"
131,4,318,4.740389918408406,Schindler's List (1993)
131,5,64,4.724573012521479,"Shawshank Redemption, The (1994)"
131,6,169,4.685709488941978,"Wrong Trousers, The (1993)"
131,7,1189,4.663854883540608,Prefontaine (1997)
131,8,408,4.628997331909039,"Close Shave, A (1995)"
131,9,178,4.61227785662559,12 Angry Men (1957)
131,10,1064,4.607917392239411,Crossfire (1947)
227,1,1449,4.60995322144973,Pather Panchali (1955)
227,2,1512,4.511052499377261,"World of Apu, The (Apur Sansar) (1959)"
227,3,408,4.379235980416775,"Close Shave, A (1995)"
227,4,1398,4.347746127336352,Anna (1996)
227,5,483,4.32866780827713,Casablanca (1942)
227,6,119,4.316123567162597,Maya Lin: A Strong Clear Vision (1994)
227,7,318,4.305793052736256,Schindler's List (1993)
227,8,1467,4.301596826132586,"Saint of Fort Washington, The (1993)"
227,9,178,4.296962933804671,12 Angry Men (1957)
227,10,169,4.2947704414167065,"Wrong Trousers, The (1993)"
252,1,603,5.0,Rear Window (1954)
252,2,1467,5.0,"Saint of Fort Washington, The (1993)"
252,3,64,5.0,"Shawshank Redemption, The (1994)"
252,4,1449,5.0,Pather Panchali (1955)
252,5,318,5.0,Schindler's List (1993)
252,6,1599,5.0,Someone Else's America (1995)
252,7,178,5.0,12 Angry Men (1957)
252,8,169,5.0,"Wrong Trousers, The (1993)"
252,9,1512,5.0,"World of Apu, The (Apur Sansar) (1959)"
252,10,127,5.0,"Godfather, The (1972)"
76,1,1512,4.5490344971814975,"World of Apu, The (Apur Sansar) (1959)"
76,2,1449,4.534827994951031,Pather Panchali (1955)
76,3,1599,4.4013400707169446,Someone Else's America (1995)
76,4,127,4.377959330614306,"Godfather, The (1972)"
76,5,169,4.330829155630705,"Wrong Trousers, The (1993)"
76,6,603,4.325316798389093,Rear Window (1954)
76,7,867,4.316975113579206,"Whole Wide World, The (1996)"
76,8,408,4.316613099719025,"Close Shave, A (1995)"
76,9,178,4.312083569803114,12 Angry Men (1957)
76,10,357,4.288007597246981,One Flew Over the Cuckoo's Nest (1975)
212,1,1064,4.607159359809129,Crossfire (1947)
212,2,1449,4.571417805658882,Pather Panchali (1955)
212,3,174,4.550852028316013,Raiders of the Lost Ark (1981)
212,4,1467,4.5488310919124615,"Saint of Fort Washington, The (1993)"
212,5,313,4.512467733576532,Titanic (1997)
212,6,64,4.506071007278393,"Shawshank Redemption, The (1994)"
212,7,169,4.491671903098748,"Wrong Trousers, The (1993)"
212,8,1450,4.4806471892049355,Golden Earrings (1947)
212,9,1189,4.478646930128497,Prefontaine (1997)
212,10,1554,4.449040888143687,Safe Passage (1994)
310,1,1512,5.0,"World of Apu, The (Apur Sansar) (1959)"
310,2,1449,4.8982689112098745,Pather Panchali (1955)
310,3,408,4.78236677095892,"Close Shave, A (1995)"
310,4,119,4.721281748194247,Maya Lin: A Strong Clear Vision (1994)
310,5,1599,4.717149255563497,Someone Else's America (1995)
310,6,242,4.69209037583444,Kolya (1996)
310,7,483,4.67842863312626,Casablanca (1942)
310,8,1467,4.665581640004485,"Saint of Fort Washington, The (1993)"
310,9,127,4.65558120116379,"Godfather, The (1972)"
310,10,178,4.652639609162412,12 Angry Men (1957)
35,1,1467,4.442624234887097,"Saint of Fort Washington, The (1993)"
35,2,313,4.205853454782901,Titanic (1997)
35,3,318,4.181992508458122,Schindler's List (1993)
35,4,64,4.151470732340799,"Shawshank Redemption, The (1994)"
35,5,1450,4.127858013921463,Golden Earrings (1947)
35,6,1449,4.124445858720782,Pather Panchali (1955)
35,7,174,4.123155313671017,Raiders of the Lost Ark (1981)
35,8,1064,4.103858715209544,Crossfire (1947)
35,9,169,4.090306240600407,"Wrong Trousers, The (1993)"
35,10,867,4.089999481248428,"Whole Wide World, The (1996)"
106,1,1449,4.6344954475865,Pather Panchali (1955)
106,2,1467,4.5807463891114395,"Saint of Fort Washington, The (1993)"
106,3,1512,4.57086732459372,"World of Apu, The (Apur Sansar) (1959)"
106,4,318,4.538787133834527,Schindler's List (1993)
106,5,1450,4.3806963207126195,Golden Earrings (1947)
106,6,178,4.380235340454884,12 Angry Men (1957)
106,7,1554,4.378476071315264,Safe Passage (1994)
106,8,1599,4.377444630328359,Someone Else's America (1995)
106,9,320,4.374234994087907,Paradise Lost: The Child Murders at Robin Hood Hills (1996)
106,10,1189,4.372804455603238,Prefontaine (1997)
147,1,1467,5.0,"Saint of Fort Washington, The (1993)"
147,2,318,5.0,Schindler's List (1993)
147,3,1512,5.0,"World of Apu, The (Apur Sansar) (1959)"
147,4,1449,5.0,Pather Panchali (1955)
147,5,1064,4.960627926805805,Crossfire (1947)
147,6,64,4.918478357021983,"Shawshank Redemption, The (1994)"
147,7,1189,4.9020108580992465,Prefontaine (1997)
147,8,1599,4.901121430527394,Someone Else's America (1995)
147,9,408,4.900104373992516,"Close Shave, A (1995)"
147,10,483,4.880593397713122,Casablanca (1942)
105,1,1449,4.626586166456008,Pather Panchali (1955)
105,2,1512,4.4661240368139765,"World of Apu, The (Apur Sansar) (1959)"
105,3,64,4.40760050844291,"Shawshank Redemption, The (1994)"
105,4,408,4.402702590352864,"Close Shave, A (1995)"
105,5,169,4.395989415965834,"Wrong Trousers, The (1993)"
105,6,318,4.378200979104998,Schindler's List (1993)
105,7,1467,4.374297370789495,"Saint of Fort Washington, The (1993)"
105,8,178,4.349603487303729,12 Angry Men (1957)
105,9,1398,4.311544854497049,Anna (1996)
105,10,1450,4.30736067946586,Golden Earrings (1947)
34,1,1368,5.0,Mina Tannenbaum (1994)
34,2,1512,5.0,"World of Apu, The (Apur Sansar) (1959)"
34,3,1449,5.0,Pather Panchali (1955)
34,4,408,4.973632766129218,"Close Shave, A (1995)"
34,5,1639,4.958475854004065,Bitter Sugar (Azucar Amargo) (1996)
34,6,1193,4.9452574745007025,Before the Rain (Pred dozhdot) (1994)
34,7,59,4.915972205830932,Three Colors: Red (1994)
34,8,1398,4.8882893485354035,Anna (1996)
34,9,285,4.865539332902159,Secrets & Lies (1996)
34,10,169,4.860501805601599,"Wrong Trousers, The (1993)"
265,1,1467,4.63345979876729,"Saint of Fort Washington, The (1993)"
265,2,1189,4.570721792070424,Prefontaine (1997)
265,3,1449,4.569868901119383,Pather Panchali (1955)
265,4,1064,4.538380542206803,Crossfire (1947)
265,5,64,4.481723085643429,"Shawshank Redemption, The (1994)"
265,6,318,4.477745115527037,Schindler's List (1993)
265,7,313,4.455511894968869,Titanic (1997)
265,8,1131,4.374582109831761,Safe (1995)
265,9,1512,4.37254450957966,"World of Apu, The (Apur Sansar) (1959)"
265,10,1651,4.3694903399306355,"Spanish Prisoner, The (1997)"
51,1,174,4.371461526283934,Raiders of the Lost Ark (1981)
51,2,1467,4.316151378298408,"Saint of Fort Washington, The (1993)"
51,3,172,4.235114702404183,"Empire Strikes Back, The (1980)"
51,4,1449,4.234313684049355,Pather Panchali (1955)
51,5,169,4.173325811316665,"Wrong Trousers, The (1993)"
51,6,867,4.111064495491931,"Whole Wide World, The (1996)"
51,7,318,4.105484577518602,Schindler's List (1993)
51,8,22,4.07977280714679,Braveheart (1995)
51,9,313,4.072635144189331,Titanic (1997)
51,10,1189,4.057310552371768,Prefontaine (1997)
204,1,1449,4.612457150439053,Pather Panchali (1955)
204,2,1512,4.488851533552906,"World of Apu, The (Apur Sansar) (1959)"
204,3,1463,4.473674936607248,"Boys, Les (1997)"
204,4,1599,4.420587018482238,Someone Else's America (1995)
204,5,408,4.400282740510965,"Close Shave, A (1995)"
204,6,483,4.38279827699823,Casablanca (1942)
204,7,1368,4.359062667954376,Mina Tannenbaum (1994)
204,8,480,4.355214982898746,North by Northwest (1959)
204,9,647,4.348004105915671,Ran (1985)
204,10,1398,4.345854392002085,Anna (1996)
315,1,1449,4.83131341535854,Pather Panchali (1955)
315,2,1512,4.7986311433240845,"World of Apu, The (Apur Sansar) (1959)"
315,3,408,4.675452275343587,"Close Shave, A (1995)"
315,4,119,4.618049028405727,Maya Lin: A Strong Clear Vision (1994)
315,5,169,4.587844078422481,"Wrong Trousers, The (1993)"
315,6,1599,4.573794220355818,Someone Else's America (1995)
315,7,1467,4.568294449634615,"Saint of Fort Washington, The (1993)"
315,8,114,4.56072684690941,Wallace & Gromit: The Best of Aardman Animation (1996)
315,9,483,4.543125362534029,Casablanca (1942)
315,10,357,4.517918988772907,One Flew Over the Cuckoo's Nest (1975)
31,1,1449,4.90096774550495,Pather Panchali (1955)
31,2,1512,4.837394220570928,"World of Apu, The (Apur Sansar) (1959)"
31,3,408,4.7023900087722765,"Close Shave, A (1995)"
31,4,169,4.6845565318907365,"Wrong Trousers, The (1993)"
31,5,867,4.67878050494654,"Whole Wide World, The (1996)"
31,6,1467,4.675140730358588,"Saint of Fort Washington, The (1993)"
31,7,1599,4.6668352098993955,Someone Else's America (1995)
31,8,1064,4.651779358117559,Crossfire (1947)
31,9,114,4.650661954134066,Wallace & Gromit: The Best of Aardman Animation (1996)
31,10,318,4.630870875518322,Schindler's List (1993)
316,1,1449,4.3584475105233755,Pather Panchali (1955)
316,2,1512,4.187276429549415,"World of Apu, The (Apur Sansar) (1959)"
316,3,1193,4.14113843584499,Before the Rain (Pred dozhdot) (1994)
316,4,851,4.097434162195274,Two or Three Things I Know About Her (1966)
316,5,408,4.093426174129447,"Close Shave, A (1995)"
316,6,1639,4.0406137785908625,Bitter Sugar (Azucar Amargo) (1996)
316,7,242,4.036124947013766,Kolya (1996)
316,8,589,3.9967432795346847,"Wild Bunch, The (1969)"
316,9,114,3.9954974449805856,Wallace & Gromit: The Best of Aardman Animation (1996)
316,10,57,3.99342598034039,Priest (1994)
318,1,1449,4.793018686281901,Pather Panchali (1955)
318,2,1467,4.649466702475859,"Saint of Fort Washington, The (1993)"
318,3,318,4.614907930030949,Schindler's List (1993)
318,4,1512,4.553584360162689,"World of Apu, The (Apur Sansar) (1959)"
318,5,178,4.478725705107871,12 Angry Men (1957)
318,6,320,4.466335945595094,Paradise Lost: The Child Murders at Robin Hood Hills (1996)
318,7,313,4.462704468698562,Titanic (1997)
318,8,1189,4.462550428256948,Prefontaine (1997)
318,9,483,4.4428398058569085,Casablanca (1942)
318,10,1064,4.440560801340136,Crossfire (1947)
30,1,1449,4.934292795913304,Pather Panchali (1955)
30,2,1512,4.75816311978564,"World of Apu, The (Apur Sansar) (1959)"
30,3,169,4.687057431695151,"Wrong Trousers, The (1993)"
30,4,318,4.665364740510406,Schindler's List (1993)
30,5,408,4.639143371941608,"Close Shave, A (1995)"
30,6,1467,4.6269992537584255,"Saint of Fort Washington, The (1993)"
30,7,603,4.616073936432232,Rear Window (1954)
30,8,64,4.613376830297361,"Shawshank Redemption, The (1994)"
30,9,178,4.597128579878682,12 Angry Men (1957)
30,10,114,4.577828889896288,Wallace & Gromit: The Best of Aardman Animation (1996)
108,1,1449,4.625150806901647,Pather Panchali (1955)
108,2,1512,4.540436887416671,"World of Apu, The (Apur Sansar) (1959)"
108,3,169,4.461331390747348,"Wrong Trousers, The (1993)"
108,4,408,4.458679511452568,"Close Shave, A (1995)"
108,5,1467,4.421625491330146,"Saint of Fort Washington, The (1993)"
108,6,114,4.409968736988097,Wallace & Gromit: The Best of Aardman Animation (1996)
108,7,603,4.390056060456949,Rear Window (1954)
108,8,1642,4.370319746337622,Some Mother's Son (1996)
108,9,867,4.362097952782668,"Whole Wide World, The (1996)"
108,10,178,4.360476438704724,12 Angry Men (1957)
120,1,1449,4.654080336921024,Pather Panchali (1955)
120,2,1512,4.522150152065699,"World of Apu, The (Apur Sansar) (1959)"
120,3,318,4.516765155628197,Schindler's List (1993)
120,4,408,4.4598487598023215,"Close Shave, A (1995)"
120,5,64,4.403402394534913,"Shawshank Redemption, The (1994)"
120,6,169,4.374075276305899,"Wrong Trousers, The (1993)"
120,7,178,4.364326708939518,12 Angry Men (1957)
120,8,114,4.352361716021175,Wallace & Gromit: The Best of Aardman Animation (1996)
120,9,483,4.347172726295912,Casablanca (1942)
120,10,1467,4.327306324486907,"Saint of Fort Washington, The (1993)"
137,1,1500,5.0,Santa with Muscles (1996)
137,2,867,5.0,"Whole Wide World, The (1996)"
137,3,1467,5.0,"Saint of Fort Washington, The (1993)"
137,4,1368,5.0,Mina Tannenbaum (1994)
137,5,1449,5.0,Pather Panchali (1955)
137,6,169,5.0,"Wrong Trousers, The (1993)"
137,7,1064,5.0,Crossfire (1947)
137,8,1189,4.9954058493659605,Prefontaine (1997)
137,9,1512,4.986245462834779,"World of Apu, The (Apur Sansar) (1959)"
137,10,1169,4.965331697577626,Fresh (1994)
251,1,1449,4.903255382649671,Pather Panchali (1955)
251,2,1512,4.879455668600751,"World of Apu, The (Apur Sansar) (1959)"
251,3,1467,4.810612861159135,"Saint of Fort Washington, The (1993)"
251,4,169,4.745561980593785,"Wrong Trousers, The (1993)"
251,5,1599,4.721824411265292,Someone Else's America (1995)
251,6,408,4.70600229684183,"Close Shave, A (1995)"
251,7,318,4.6988115310008345,Schindler's List (1993)
251,8,483,4.665606548664424,Casablanca (1942)
251,9,178,4.661018872798495,12 Angry Men (1957)
251,10,114,4.657688601455505,Wallace & Gromit: The Best of Aardman Animation (1996)
46,1,1449,5.0,Pather Panchali (1955)
46,2,1512,4.888304929137346,"World of Apu, The (Apur Sansar) (1959)"
46,3,408,4.76194452184405,"Close Shave, A (1995)"
46,4,851,4.760365052735703,Two or Three Things I Know About Her (1966)
46,5,867,4.7481965771471994,"Whole Wide World, The (1996)"
46,6,1064,4.746197797010421,Crossfire (1947)
46,7,1642,4.710407621802707,Some Mother's Son (1996)
46,8,1639,4.705763040028013,Bitter Sugar (Azucar Amargo) (1996)
46,9,318,4.688600721017678,Schindler's List (1993)
46,10,169,4.6878098365977525,"Wrong Trousers, The (1993)"
289,1,1449,4.1600525320541655,Pather Panchali (1955)
289,2,1512,3.9441596404637957,"World of Apu, The (Apur Sansar) (1959)"
289,3,174,3.9343784598569536,Raiders of the Lost Ark (1981)
289,4,64,3.9339737458974846,"Shawshank Redemption, The (1994)"
289,5,1189,3.9337305383464174,Prefontaine (1997)
289,6,169,3.929092236901996,"Wrong Trousers, The (1993)"
289,7,318,3.9214903521186675,Schindler's List (1993)
289,8,1064,3.9153935466596996,Crossfire (1947)
289,9,1467,3.898094936468856,"Saint of Fort Washington, The (1993)"
289,10,867,3.889958356580404,"Whole Wide World, The (1996)"
209,1,1449,4.143357274766201,Pather Panchali (1955)
209,2,1467,4.137978650144628,"Saint of Fort Washington, The (1993)"
209,3,1398,4.106479815159725,Anna (1996)
209,4,867,4.069933442233597,"Whole Wide World, The (1996)"
209,5,169,4.04222917255391,"Wrong Trousers, The (1993)"
209,6,1512,4.025136393801577,"World of Apu, The (Apur Sansar) (1959)"
209,7,318,4.004442375942499,Schindler's List (1993)
209,8,483,3.9844125278478573,Casablanca (1942)
209,9,1500,3.9801154447358034,Santa with Muscles (1996)
209,10,174,3.9614888873305842,Raiders of the Lost Ark (1981)
261,1,1467,5.0,"Saint of Fort Washington, The (1993)"
261,2,1449,5.0,Pather Panchali (1955)
261,3,1512,5.0,"World of Apu, The (Apur Sansar) (1959)"
261,4,318,5.0,Schindler's List (1993)
261,5,603,4.9931852338630485,Rear Window (1954)
261,6,1189,4.990252454817806,Prefontaine (1997)
261,7,64,4.9866733933481004,"Shawshank Redemption, The (1994)"
261,8,1599,4.978480932919764,Someone Else's America (1995)
261,9,1131,4.978212482018578,Safe (1995)
261,10,12,4.975772360249541,"Usual Suspects, The (1995)"
88,1,1467,5.0,"Saint of Fort Washington, The (1993)"
88,2,1449,4.937736916530395,Pather Panchali (1955)
88,3,1233,4.846380699320952,Nénette et Boni (1996)
88,4,318,4.8003680392430645,Schindler's List (1993)
88,5,1064,4.77689749273235,Crossfire (1947)
88,6,1639,4.767193778468455,Bitter Sugar (Azucar Amargo) (1996)
88,7,1512,4.748441828566886,"World of Apu, The (Apur Sansar) (1959)"
88,8,1418,4.686684585010578,"Joy Luck Club, The (1993)"
88,9,900,4.685014550449587,Kundun (1997)
88,10,64,4.6647075249351415,"Shawshank Redemption, The (1994)"
9,1,1467,5.0,"Saint of Fort Washington, The (1993)"
9,2,1449,5.0,Pather Panchali (1955)
9,3,1512,4.933946167735832,"World of Apu, The (Apur Sansar) (1959)"
9,4,169,4.819611629722637,"Wrong Trousers, The (1993)"
9,5,64,4.791312247178204,"Shawshank Redemption, The (1994)"
9,6,867,4.758627802515568,"Whole Wide World, The (1996)"
9,7,114,4.737893374597332,Wallace & Gromit: The Best of Aardman Animation (1996)
9,8,318,4.73520230180093,Schindler's List (1993)
9,9,1064,4.7348970039576965,Crossfire (1947)
9,10,174,4.7205029966878795,Raiders of the Lost Ark (1981)
103,1,1467,4.725361897303471,"Saint of Fort Washington, The (1993)"
103,2,1449,4.634488855099368,Pather Panchali (1955)
103,3,1512,4.596176544838275,"World of Apu, The (Apur Sansar) (1959)"
103,4,169,4.529894866173409,"Wrong Trousers, The (1993)"
103,5,318,4.461140484274807,Schindler's List (1993)
103,6,114,4.451793211594634,Wallace & Gromit: The Best of Aardman Animation (1996)
103,7,64,4.442621090519249,"Shawshank Redemption, The (1994)"
103,8,408,4.428388155345444,"Close Shave, A (1995)"
103,9,1642,4.4078529660676065,Some Mother's Son (1996)
103,10,178,4.386945073300801,12 Angry Men (1957)
321,1,1449,4.531319991988612,Pather Panchali (1955)
321,2,1512,4.34603444108881,"World of Apu, The (Apur Sansar) (1959)"
321,3,1467,4.28506601252591,"Saint of Fort Washington, The (1993)"
321,4,318,4.272449623037279,Schindler's List (1993)
321,5,169,4.251487815245497,"Wrong Trousers, The (1993)"
321,6,867,4.243225988469322,"Whole Wide World, The (1996)"
321,7,408,4.2337310053067965,"Close Shave, A (1995)"
321,8,1064,4.222987911397415,Crossfire (1947)
321,9,64,4.219350305231156,"Shawshank Redemption, The (1994)"
321,10,1189,4.216404581197396,Prefontaine (1997)
266,1,1512,4.359608351183998,"World of Apu, The (Apur Sansar) (1959)"
266,2,1449,4.35581723868542,Pather Panchali (1955)
266,3,408,4.197365045534271,"Close Shave, A (1995)"
266,4,320,4.188604239613828,Paradise Lost: The Child Murders at Robin Hood Hills (1996)
266,5,169,4.158062762938476,"Wrong Trousers, The (1993)"
266,6,1467,4.0962551446993665,"Saint of Fort Washington, The (1993)"
266,7,114,4.091462145258785,Wallace & Gromit: The Best of Aardman Animation (1996)
266,8,119,4.0753413696023655,Maya Lin: A Strong Clear Vision (1994)
266,9,318,4.071167138252088,Schindler's List (1993)
266,10,12,4.0591881702748225,"Usual Suspects, The (1995)"
74,1,1449,4.713384673575016,Pather Panchali (1955)
74,2,318,4.510394249916211,Schindler's List (1993)
74,3,1467,4.492510707562497,"Saint of Fort Washington, The (1993)"
74,4,1512,4.48517856038674,"World of Apu, The (Apur Sansar) (1959)"
74,5,64,4.4517104588840635,"Shawshank Redemption, The (1994)"
74,6,1189,4.433995662334926,Prefontaine (1997)
74,7,1064,4.426746492731666,Crossfire (1947)
74,8,1599,4.424374559576965,Someone Else's America (1995)
74,9,169,4.4192171434429826,"Wrong Trousers, The (1993)"
74,10,867,4.403192438211854,"Whole Wide World, The (1996)"
238,1,1449,4.487168601535389,Pather Panchali (1955)
238,2,1512,4.284483620860247,"World of Apu, The (Apur Sansar) (1959)"
238,3,318,4.251408788595878,Schindler's List (1993)
238,4,1467,4.234639567804027,"Saint of Fort Washington, The (1993)"
238,5,64,4.18971838764409,"Shawshank Redemption, The (1994)"
238,6,169,4.140354488407622,"Wrong Trousers, The (1993)"
238,7,1064,4.121845405671918,Crossfire (1947)
238,8,1189,4.106765020857708,Prefontaine (1997)
238,9,408,4.105700555214927,"Close Shave, A (1995)"
238,10,1450,4.088218274953966,Golden Earrings (1947)
159,1,1449,4.989220960300904,Pather Panchali (1955)
159,2,169,4.697388778507495,"Wrong Trousers, The (1993)"
159,3,313,4.683726299161352,Titanic (1997)
159,4,1512,4.667687342451239,"World of Apu, The (Apur Sansar) (1959)"
159,5,64,4.651927809634409,"Shawshank Redemption, The (1994)"
159,6,408,4.612578421588012,"Close Shave, A (1995)"
159,7,1599,4.606061748266142,Someone Else's America (1995)
159,8,318,4.600007873021616,Schindler's List (1993)
159,9,867,4.563576080930507,"Whole Wide World, The (1996)"
159,10,1623,4.557801874960661,"Cérémonie, La (1995)"
47,1,1449,4.776664433071103,Pather Panchali (1955)
47,2,1512,4.727566677145711,"World of Apu, The (Apur Sansar) (1959)"
47,3,169,4.5588960572295,"Wrong Trousers, The (1993)"
47,4,1642,4.536724719232132,Some Mother's Son (1996)
47,5,408,4.507303799674611,"Close Shave, A (1995)"
47,6,1398,4.493337256093335,Anna (1996)
47,7,320,4.470663222809625,Paradise Lost: The Child Murders at Robin Hood Hills (1996)
47,8,1524,4.460868467943556,Kaspar Hauser (1993)
47,9,119,4.459445257228558,Maya Lin: A Strong Clear Vision (1994)
47,10,603,4.458542329547231,Rear Window (1954)
323,1,1449,4.660600867861741,Pather Panchali (1955)
323,2,1512,4.652213064982589,"World of Apu, The (Apur Sansar) (1959)"
323,3,1467,4.574760293609799,"Saint of Fort Washington, The (1993)"
323,4,169,4.500010275520798,"Wrong Trousers, The (1993)"
323,5,12,4.429396819136496,"Usual Suspects, The (1995)"
323,6,318,4.4220943423506505,Schindler's List (1993)
323,7,867,4.411640257635894,"Whole Wide World, The (1996)"
323,8,408,4.406364343990856,"Close Shave, A (1995)"
323,9,178,4.4016054550737875,12 Angry Men (1957)
323,10,357,4.39150003730884,One Flew Over the Cuckoo's Nest (1975)
67,1,1449,5.0,Pather Panchali (1955)
67,2,1512,4.982926517850682,"World of Apu, The (Apur Sansar) (1959)"
67,3,169,4.957360759380561,"Wrong Trousers, The (1993)"
67,4,1467,4.9211958141749115,"Saint of Fort Washington, The (1993)"
67,5,1064,4.900756839907152,Crossfire (1947)
67,6,1599,4.856926606608825,Someone Else's America (1995)
67,7,318,4.843021417191335,Schindler's List (1993)
67,8,867,4.816804739720243,"Whole Wide World, The (1996)"
67,9,408,4.794862081811964,"Close Shave, A (1995)"
67,10,603,4.784618350585086,Rear Window (1954)
211,1,1449,4.341071951709962,Pather Panchali (1955)
211,2,1467,4.237583351836798,"Saint of Fort Washington, The (1993)"
211,3,318,4.161616458365358,Schindler's List (1993)
211,4,1512,4.077228038944962,"World of Apu, The (Apur Sansar) (1959)"
211,5,1064,4.0766993360377874,Crossfire (1947)
211,6,1398,4.061237872254767,Anna (1996)
211,7,64,4.0570791340848835,"Shawshank Redemption, The (1994)"
211,8,603,4.035810630329222,Rear Window (1954)
211,9,1599,4.035458335883654,Someone Else's America (1995)
211,10,867,4.023269310723521,"Whole Wide World, The (1996)"
71,1,1449,4.68507718535719,Pather Panchali (1955)
71,2,320,4.613409676235926,Paradise Lost: The Child Murders at Robin Hood Hills (1996)
71,3,1512,4.592683032232848,"World of Apu, The (Apur Sansar) (1959)"
71,4,603,4.439783154281991,Rear Window (1954)
71,5,318,4.439674356750398,Schindler's List (1993)
71,6,178,4.404731313598,12 Angry Men (1957)
71,7,1467,4.384622277905233,"Saint of Fort Washington, The (1993)"
71,8,1599,4.382652732653945,Someone Else's America (1995)
71,9,515,4.374267584178893,"Boot, Das (1981)"
71,10,1398,4.373360904731932,Anna (1996)
98,1,1449,4.6819513797887105,Pather Panchali (1955)
98,2,1512,4.609914753916309,"World of Apu, The (Apur Sansar) (1959)"
98,3,318,4.547816253136753,Schindler's List (1993)
98,4,1467,4.540133343996449,"Saint of Fort Washington, The (1993)"
98,5,178,4.503993000084167,12 Angry Men (1957)
98,6,64,4.5019912408678,"Shawshank Redemption, The (1994)"
98,7,320,4.473598339924581,Paradise Lost: The Child Murders at Robin Hood Hills (1996)
98,8,357,4.441418874196639,One Flew Over the Cuckoo's Nest (1975)
98,9,1064,4.42835656960044,Crossfire (1947)
98,10,98,4.419890303443096,"Silence of the Lambs, The (1991)"
228,1,318,4.0966685369947164,Schindler's List (1993)
228,2,1449,4.087740485798031,Pather Panchali (1955)
228,3,64,3.9599658391118155,"Shawshank Redemption, The (1994)"
228,4,1189,3.878886090824648,Prefontaine (1997)
228,5,178,3.8766174949163066,12 Angry Men (1957)
228,6,607,3.8644911100804644,Rebecca (1940)
228,7,1064,3.8470218245191825,Crossfire (1947)
228,8,1512,3.8449664435219972,"World of Apu, The (Apur Sansar) (1959)"
228,9,143,3.8447222312405818,"Sound of Music, The (1965)"
228,10,1467,3.828457012974907,"Saint of Fort Washington, The (1993)"
219,1,1512,4.918387468683862,"World of Apu, The (Apur Sansar) (1959)"
219,2,1449,4.772342953175076,Pather Panchali (1955)
219,3,1193,4.745399908811985,Before the Rain (Pred dozhdot) (1994)
219,4,851,4.715115532907676,Two or Three Things I Know About Her (1966)
219,5,408,4.712367447471286,"Close Shave, A (1995)"
219,6,1368,4.705869741376551,Mina Tannenbaum (1994)
219,7,169,4.684491413537032,"Wrong Trousers, The (1993)"
219,8,474,4.630995433792996,Dr. Strangelove or: How I Learned to Stop Worrying and Love the Bomb (1963)
219,9,134,4.618573205749324,Citizen Kane (1941)
219,10,1467,4.610464695818691,"Saint of Fort Washington, The (1993)"
325,1,1449,4.482231534441283,Pather Panchali (1955)
325,2,1512,4.343883706561444,"World of Apu, The (Apur Sansar) (1959)"
325,3,408,4.253601223314083,"Close Shave, A (1995)"
325,4,867,4.188610114317085,"Whole Wide World, The (1996)"
325,5,119,4.155794785153894,Maya Lin: A Strong Clear Vision (1994)
325,6,1599,4.1550362559517104,Someone Else's America (1995)
325,7,1398,4.13923161939047,Anna (1996)
325,8,603,4.124304724511263,Rear Window (1954)
325,9,851,4.121501950806599,Two or Three Things I Know About Her (1966)
325,10,513,4.110484419814561,"Third Man, The (1949)"
320,1,1449,4.866826356244363,Pather Panchali (1955)
320,2,1467,4.848747635532995,"Saint of Fort Washington, The (1993)"
320,3,64,4.745226129100341,"Shawshank Redemption, The (1994)"
320,4,318,4.739027111945354,Schindler's List (1993)
320,5,169,4.729093947011542,"Wrong Trousers, The (1993)"
320,6,1512,4.70958832437407,"World of Apu, The (Apur Sansar) (1959)"
320,7,1064,4.682624910382161,Crossfire (1947)
320,8,1189,4.679038402163861,Prefontaine (1997)
320,9,1450,4.676408683861776,Golden Earrings (1947)
320,10,867,4.6223987712895385,"Whole Wide World, The (1996)"
173,1,408,5.0,"Close Shave, A (1995)"
173,2,318,5.0,Schindler's List (1993)
173,3,64,5.0,"Shawshank Redemption, The (1994)"
173,4,1449,5.0,Pather Panchali (1955)
173,5,1599,5.0,Someone Else's America (1995)
173,6,1467,5.0,"Saint of Fort Washington, The (1993)"
173,7,119,5.0,Maya Lin: A Strong Clear Vision (1994)
173,8,12,5.0,"Usual Suspects, The (1995)"
173,9,867,5.0,"Whole Wide World, The (1996)"
173,10,169,5.0,"Wrong Trousers, The (1993)"
257,1,1449,4.992174278680967,Pather Panchali (1955)
257,2,1512,4.879510049245453,"World of Apu, The (Apur Sansar) (1959)"
257,3,1599,4.762363605957093,Someone Else's America (1995)
257,4,408,4.7298142803509515,"Close Shave, A (1995)"
257,5,169,4.7256901626621595,"Wrong Trousers, The (1993)"
257,6,178,4.692325764321641,12 Angry Men (1957)
257,7,1524,4.6768095236724685,Kaspar Hauser (1993)
257,8,603,4.668073111266926,Rear Window (1954)
257,9,1467,4.641810832502551,"Saint of Fort Washington, The (1993)"
257,10,114,4.634362503942767,Wallace & Gromit: The Best of Aardman Animation (1996)
179,1,1467,4.356776528342211,"Saint of Fort Washington, The (1993)"
179,2,313,4.326700515581199,Titanic (1997)
179,3,64,4.250826178728977,"Shawshank Redemption, The (1994)"
179,4,1449,4.158913855104865,Pather Panchali (1955)
179,5,318,4.105614338506232,Schindler's List (1993)
179,6,1398,4.066088819468636,Anna (1996)
179,7,1450,4.016514500229116,Golden Earrings (1947)
179,8,1189,3.975352918945966,Prefontaine (1997)
179,9,1636,3.9703007240393613,Brothers in Trouble (1995)
179,10,178,3.9684605705277,12 Angry Men (1957)
89,1,1467,4.895370928590726,"Saint of Fort Washington, The (1993)"
89,2,1449,4.786030766766423,Pather Panchali (1955)
89,3,1512,4.7300084562246205,"World of Apu, The (Apur Sansar) (1959)"
89,4,318,4.691866737529345,Schindler's List (1993)
89,5,64,4.68905770407359,"Shawshank Redemption, The (1994)"
89,6,169,4.687025185487372,"Wrong Trousers, The (1993)"
89,7,174,4.671820314148671,Raiders of the Lost Ark (1981)
89,8,1189,4.654031130232809,Prefontaine (1997)
89,9,1500,4.632682928524883,Santa with Muscles (1996)
89,10,178,4.618628075777293,12 Angry Men (1957)
319,1,1449,4.552304930273051,Pather Panchali (1955)
319,2,1467,4.499358790374413,"Saint of Fort Washington, The (1993)"
319,3,1512,4.4334651716600115,"World of Apu, The (Apur Sansar) (1959)"
319,4,64,4.352053475539913,"Shawshank Redemption, The (1994)"
319,5,169,4.351216729283711,"Wrong Trousers, The (1993)"
319,6,318,4.336945985103318,Schindler's List (1993)
319,7,867,4.32259768158983,"Whole Wide World, The (1996)"
319,8,1189,4.3151767922173265,Prefontaine (1997)
319,9,1064,4.3021277833725655,Crossfire (1947)
319,10,119,4.280373481236395,Maya Lin: A Strong Clear Vision (1994)
93,1,1064,4.379476256599835,Crossfire (1947)
93,2,1449,4.362901311692735,Pather Panchali (1955)
93,3,318,4.297873723280662,Schindler's List (1993)
93,4,1554,4.2330875121926885,Safe Passage (1994)
93,5,1467,4.197856082367696,"Saint of Fort Washington, The (1993)"
93,6,1189,4.184710674662984,Prefontaine (1997)
93,7,64,4.175487560695405,"Shawshank Redemption, The (1994)"
93,8,966,4.162695141417067,"Affair to Remember, An (1957)"
93,9,169,4.152853801086217,"Wrong Trousers, The (1993)"
93,10,313,4.150829077762583,Titanic (1997)
327,1,1449,4.23722503202421,Pather Panchali (1955)
327,2,1512,4.224500747140944,"World of Apu, The (Apur Sansar) (1959)"
327,3,1467,4.118611795157952,"Saint of Fort Washington, The (1993)"
327,4,1398,4.046395293146134,Anna (1996)
327,5,867,4.044677060329722,"Whole Wide World, The (1996)"
327,6,169,4.041594016438916,"Wrong Trousers, The (1993)"
327,7,1599,4.025237204811425,Someone Else's America (1995)
327,8,603,4.024852634322412,Rear Window (1954)
327,9,483,4.019796692408618,Casablanca (1942)
327,10,64,4.006592906089117,"Shawshank Redemption, The (1994)"
114,1,1449,4.3823800223845835,Pather Panchali (1955)
114,2,1467,4.179894359584936,"Saint of Fort Washington, The (1993)"
114,3,867,4.179595847903186,"Whole Wide World, The (1996)"
114,4,408,4.1765357673346095,"Close Shave, A (1995)"
114,5,169,4.159138440666763,"Wrong Trousers, The (1993)"
114,6,1512,4.155883575956474,"World of Apu, The (Apur Sansar) (1959)"
114,7,851,4.154612035382729,Two or Three Things I Know About Her (1966)
114,8,119,4.091074064500372,Maya Lin: A Strong Clear Vision (1994)
114,9,114,4.074572913786113,Wallace & Gromit: The Best of Aardman Animation (1996)
114,10,1064,4.063476526275773,Crossfire (1947)
113,1,1467,4.766604371736367,"Saint of Fort Washington, The (1993)"
113,2,1449,4.596271531933089,Pather Panchali (1955)
113,3,169,4.517760088039921,"Wrong Trousers, The (1993)"
113,4,1189,4.444056006008858,Prefontaine (1997)
113,5,64,4.423923775285554,"Shawshank Redemption, The (1994)"
113,6,867,4.418890308108146,"Whole Wide World, The (1996)"
113,7,1512,4.390026884499889,"World of Apu, The (Apur Sansar) (1959)"
113,8,1064,4.357181881021953,Crossfire (1947)
113,9,174,4.337931989525847,Raiders of the Lost Ark (1981)
113,10,114,4.32673160960399,Wallace & Gromit: The Best of Aardman Animation (1996)
328,1,1449,4.488547828889677,Pather Panchali (1955)
328,2,1512,4.328933971270932,"World of Apu, The (Apur Sansar) (1959)"
328,3,1467,4.292931037751356,"Saint of Fort Washington, The (1993)"
328,4,64,4.2824048619508295,"Shawshank Redemption, The (1994)"
328,5,169,4.243249811690411,"Wrong Trousers, The (1993)"
328,6,1189,4.196694232395255,Prefontaine (1997)
328,7,408,4.195776909494926,"Close Shave, A (1995)"
328,8,1064,4.194803787096441,Crossfire (1947)
328,9,867,4.187492355725168,"Whole Wide World, The (1996)"
328,10,174,4.17529855918662,Raiders of the Lost Ark (1981)
326,1,1449,4.313272582197467,Pather Panchali (1955)
326,2,1467,4.15091694358661,"Saint of Fort Washington, The (1993)"
326,3,1189,4.083559938132382,Prefontaine (1997)
326,4,169,4.0685793059720305,"Wrong Trousers, The (1993)"
326,5,174,4.0672898929828785,Raiders of the Lost Ark (1981)
326,6,1064,4.042352244883051,Crossfire (1947)
326,7,318,4.0256718553881194,Schindler's List (1993)
326,8,867,4.019493786728548,"Whole Wide World, The (1996)"
326,9,313,4.007758000203777,Titanic (1997)
326,10,408,3.9877909737432296,"Close Shave, A (1995)"
17,1,1512,4.140161109045339,"World of Apu, The (Apur Sansar) (1959)"
17,2,1449,4.127056922412492,Pather Panchali (1955)
17,3,169,4.1169028687638844,"Wrong Trousers, The (1993)"
17,4,320,4.096591190610787,Paradise Lost: The Child Murders at Robin Hood Hills (1996)
17,5,1467,4.083846846379326,"Saint of Fort Washington, The (1993)"
17,6,408,4.056141173340672,"Close Shave, A (1995)"
17,7,178,4.013149079630227,12 Angry Men (1957)
17,8,603,3.976763973592186,Rear Window (1954)
17,9,357,3.9744917449339834,One Flew Over the Cuckoo's Nest (1975)
17,10,50,3.973272273401455,Star Wars (1977)
322,1,1449,4.805469758100591,Pather Panchali (1955)
322,2,1512,4.773595035346408,"World of Apu, The (Apur Sansar) (1959)"
322,3,1599,4.667608033588118,Someone Else's America (1995)
322,4,867,4.604703357195447,"Whole Wide World, The (1996)"
322,5,1467,4.599628251574771,"Saint of Fort Washington, The (1993)"
322,6,119,4.576640431780333,Maya Lin: A Strong Clear Vision (1994)
322,7,408,4.573213068638256,"Close Shave, A (1995)"
322,8,169,4.557999153337419,"Wrong Trousers, The (1993)"
322,9,1398,4.525854614021503,Anna (1996)
322,10,178,4.525796414561145,12 Angry Men (1957)
330,1,1467,5.0,"Saint of Fort Washington, The (1993)"
330,2,867,5.0,"Whole Wide World, The (1996)"
330,3,1450,5.0,Golden Earrings (1947)
330,4,1064,5.0,Crossfire (1947)
330,5,1189,5.0,Prefontaine (1997)
330,6,1512,5.0,"World of Apu, The (Apur Sansar) (1959)"
330,7,169,5.0,"Wrong Trousers, The (1993)"
330,8,313,5.0,Titanic (1997)
330,9,1449,5.0,Pather Panchali (1955)
330,10,1554,5.0,Safe Passage (1994)
205,1,1449,3.8655549078307283,Pather Panchali (1955)
205,2,1467,3.8024876407809085,"Saint of Fort Washington, The (1993)"
205,3,318,3.795378159504267,Schindler's List (1993)
205,4,1398,3.7835676196586943,Anna (1996)
205,5,1512,3.7097141037097923,"World of Apu, The (Apur Sansar) (1959)"
205,6,867,3.7049601297562367,"Whole Wide World, The (1996)"
205,7,64,3.704899443749163,"Shawshank Redemption, The (1994)"
205,8,178,3.704661205829217,12 Angry Men (1957)
205,9,1189,3.6862598089153846,Prefontaine (1997)
205,10,169,3.6784663539679916,"Wrong Trousers, The (1993)"
143,1,1467,4.908435825820444,"Saint of Fort Washington, The (1993)"
143,2,174,4.736689259962229,Raiders of the Lost Ark (1981)
143,3,1449,4.711890840119786,Pather Panchali (1955)
143,4,1131,4.71095628523935,Safe (1995)
143,5,50,4.685805303002875,Star Wars (1977)
143,6,1642,4.681945677373954,Some Mother's Son (1996)
143,7,169,4.681487607714268,"Wrong Trousers, The (1993)"
143,8,1554,4.6801547538526265,Safe Passage (1994)
143,9,1064,4.664865363176568,Crossfire (1947)
143,10,172,4.659377336895129,"Empire Strikes Back, The (1980)"
183,1,1449,4.198244186699931,Pather Panchali (1955)
183,2,318,4.054341919088997,Schindler's List (1993)
183,3,1512,4.024874764091308,"World of Apu, The (Apur Sansar) (1959)"
183,4,1064,4.01250945566287,Crossfire (1947)
183,5,1189,3.986862877107865,Prefontaine (1997)
183,6,1467,3.9595944061778403,"Saint of Fort Washington, The (1993)"
183,7,64,3.952100969277853,"Shawshank Redemption, The (1994)"
183,8,1599,3.9203708119795295,Someone Else's America (1995)
183,9,603,3.9043692194384625,Rear Window (1954)
183,10,1398,3.9038228802411994,Anna (1996)
27,1,1449,4.4876230703539175,Pather Panchali (1955)
27,2,1512,4.4244971446682495,"World of Apu, The (Apur Sansar) (1959)"
27,3,1467,4.375226147661107,"Saint of Fort Washington, The (1993)"
27,4,169,4.331353614798357,"Wrong Trousers, The (1993)"
27,5,318,4.327048768914338,Schindler's List (1993)
27,6,408,4.3224206686041295,"Close Shave, A (1995)"
27,7,64,4.292466567976506,"Shawshank Redemption, The (1994)"
27,8,12,4.260315096769064,"Usual Suspects, The (1995)"
27,9,1064,4.252434227965995,Crossfire (1947)
27,10,114,4.242795250493299,Wallace & Gromit: The Best of Aardman Animation (1996)
331,1,1449,4.584430775679784,Pather Panchali (1955)
331,2,1512,4.3966189300483585,"World of Apu, The (Apur Sansar) (1959)"
331,3,408,4.326078857560482,"Close Shave, A (1995)"
331,4,867,4.296179873090702,"Whole Wide World, The (1996)"
331,5,169,4.274768211867335,"Wrong Trousers, The (1993)"
331,6,119,4.232682007188595,Maya Lin: A Strong Clear Vision (1994)
331,7,1499,4.20613190574787,Grosse Fatigue (1994)
331,8,483,4.188353193092827,Casablanca (1942)
331,9,1599,4.1809879990510685,Someone Else's America (1995)
331,10,923,4.160316962291515,Raise the Red Lantern (1991)
332,1,1449,5.0,Pather Panchali (1955)
332,2,1189,5.0,Prefontaine (1997)
332,3,1467,5.0,"Saint of Fort Washington, The (1993)"
332,4,318,5.0,Schindler's List (1993)
332,5,169,4.994492358267042,"Wrong Trousers, The (1993)"
332,6,1064,4.970758929239074,Crossfire (1947)
332,7,867,4.9443039096156784,"Whole Wide World, The (1996)"
332,8,1512,4.927224090509891,"World of Apu, The (Apur Sansar) (1959)"
332,9,1450,4.917027592424404,Golden Earrings (1947)
332,10,50,4.90758002308088,Star Wars (1977)
329,1,1449,4.400905390256985,Pather Panchali (1955)
329,2,1512,4.289316154628193,"World of Apu, The (Apur Sansar) (1959)"
329,3,408,4.175838925154887,"Close Shave, A (1995)"
329,4,867,4.10583748319469,"Whole Wide World, The (1996)"
329,5,483,4.094407328124201,Casablanca (1942)
329,6,1467,4.079761191188033,"Saint of Fort Washington, The (1993)"
329,7,318,4.075552261681723,Schindler's List (1993)
329,8,1599,4.062702626630788,Someone Else's America (1995)
329,9,114,4.0625136535284,Wallace & Gromit: The Best of Aardman Animation (1996)
329,10,119,4.061546406096687,Maya Lin: A Strong Clear Vision (1994)
86,1,1449,4.7106296306819155,Pather Panchali (1955)
86,2,1467,4.655048847107817,"Saint of Fort Washington, The (1993)"
86,3,1512,4.642642568702867,"World of Apu, The (Apur Sansar) (1959)"
86,4,114,4.504618153741725,Wallace & Gromit: The Best of Aardman Animation (1996)
86,5,169,4.469401456715773,"Wrong Trousers, The (1993)"
86,6,408,4.445452731523951,"Close Shave, A (1995)"
86,7,318,4.43464540233834,Schindler's List (1993)
86,8,603,4.4336831583035865,Rear Window (1954)
86,9,867,4.432562096885702,"Whole Wide World, The (1996)"
86,10,64,4.425257273842604,"Shawshank Redemption, The (1994)"
139,1,1449,4.818368693097043,Pather Panchali (1955)
139,2,1467,4.721276491306017,"Saint of Fort Washington, The (1993)"
139,3,1512,4.711247152337381,"World of Apu, The (Apur Sansar) (1959)"
139,4,867,4.646461235903339,"Whole Wide World, The (1996)"
139,5,1189,4.620342419658865,Prefontaine (1997)
139,6,169,4.5999520735940225,"Wrong Trousers, The (1993)"
139,7,64,4.56131641331615,"Shawshank Redemption, The (1994)"
139,8,12,4.552340412443534,"Usual Suspects, The (1995)"
139,9,1599,4.547860454320744,Someone Else's America (1995)
139,10,318,4.540914772304912,Schindler's List (1993)
136,1,1512,5.0,"World of Apu, The (Apur Sansar) (1959)"
136,2,1449,5.0,Pather Panchali (1955)
136,3,408,4.959333259542083,"Close Shave, A (1995)"
136,4,851,4.869291490910259,Two or Three Things I Know About Her (1966)
136,5,114,4.8481787188335215,Wallace & Gromit: The Best of Aardman Animation (1996)
136,6,169,4.846288256708371,"Wrong Trousers, The (1993)"
136,7,1642,4.841518597821848,Some Mother's Son (1996)
136,8,867,4.83764776869856,"Whole Wide World, The (1996)"
136,9,1193,4.827634974965143,Before the Rain (Pred dozhdot) (1994)
136,10,119,4.821214572291788,Maya Lin: A Strong Clear Vision (1994)
202,1,1449,3.6453089730461636,Pather Panchali (1955)
202,2,1189,3.484005449297635,Prefontaine (1997)
202,3,174,3.448555995188625,Raiders of the Lost Ark (1981)
202,4,1064,3.444946007510762,Crossfire (1947)
202,5,169,3.4145918586019737,"Wrong Trousers, The (1993)"
202,6,867,3.405252953440056,"Whole Wide World, The (1996)"
202,7,313,3.3663756079285814,Titanic (1997)
202,8,22,3.3352738405144446,Braveheart (1995)
202,9,1233,3.3288692490387763,Nénette et Boni (1996)
202,10,64,3.308505014539802,"Shawshank Redemption, The (1994)"
300,1,1467,4.921866608474681,"Saint of Fort Washington, The (1993)"
300,2,1449,4.823028152877297,Pather Panchali (1955)
300,3,1064,4.757849179067637,Crossfire (1947)
300,4,318,4.688009063807598,Schindler's List (1993)
300,5,1512,4.634063519050771,"World of Apu, The (Apur Sansar) (1959)"
300,6,1189,4.626649804253384,Prefontaine (1997)
300,7,1450,4.625525669895202,Golden Earrings (1947)
300,8,64,4.607762848212597,"Shawshank Redemption, The (1994)"
300,9,178,4.5808490812163525,12 Angry Men (1957)
300,10,1554,4.55595007849534,Safe Passage (1994)
247,1,1449,4.796927695476764,Pather Panchali (1955)
247,2,1467,4.731170391643119,"Saint of Fort Washington, The (1993)"
247,3,318,4.666898271596274,Schindler's List (1993)
247,4,867,4.606418320902111,"Whole Wide World, The (1996)"
247,5,1450,4.596104646791131,Golden Earrings (1947)
247,6,1189,4.580540623530361,Prefontaine (1997)
247,7,169,4.566286066428441,"Wrong Trousers, The (1993)"
247,8,1512,4.561549204578092,"World of Apu, The (Apur Sansar) (1959)"
247,9,1064,4.557572084840374,Crossfire (1947)
247,10,313,4.556258626884266,Titanic (1997)
163,1,1449,4.143919250779242,Pather Panchali (1955)
163,2,1467,3.9978663079721093,"Saint of Fort Washington, The (1993)"
163,3,1512,3.9529472251888667,"World of Apu, The (Apur Sansar) (1959)"
163,4,64,3.930151478591077,"Shawshank Redemption, The (1994)"
163,5,1189,3.8832267980893813,Prefontaine (1997)
163,6,1064,3.816510373615073,Crossfire (1947)
163,7,178,3.8032556035510026,12 Angry Men (1957)
163,8,1599,3.7805024855322507,Someone Else's America (1995)
163,9,169,3.779117901240111,"Wrong Trousers, The (1993)"
163,10,313,3.772817452639548,Titanic (1997)
333,1,313,4.548377107439968,Titanic (1997)
333,2,1449,4.529784078841489,Pather Panchali (1955)
333,3,1189,4.517933219178027,Prefontaine (1997)
333,4,966,4.4926195100043005,"Affair to Remember, An (1957)"
333,5,318,4.472293989148756,Schindler's List (1993)
333,6,64,4.47210037196534,"Shawshank Redemption, The (1994)"
333,7,22,4.4677747521830105,Braveheart (1995)
333,8,1467,4.459390435648535,"Saint of Fort Washington, The (1993)"
333,9,1233,4.447607605272081,Nénette et Boni (1996)
333,10,1554,4.42691588169445,Safe Passage (1994)
334,1,1449,4.618648116353072,Pather Panchali (1955)
334,2,1512,4.579218672140434,"World of Apu, The (Apur Sansar) (1959)"
334,3,1467,4.454183647964412,"Saint of Fort Washington, The (1993)"
334,4,169,4.440838342411007,"Wrong Trousers, The (1993)"
334,5,408,4.420273616566909,"Close Shave, A (1995)"
334,6,119,4.374912185522429,Maya Lin: A Strong Clear Vision (1994)
334,7,867,4.353842727674558,"Whole Wide World, The (1996)"
334,8,114,4.333474129190038,Wallace & Gromit: The Best of Aardman Animation (1996)
334,9,483,4.309593010007823,Casablanca (1942)
334,10,127,4.297541052864792,"Godfather, The (1972)"
39,1,867,4.55016914526472,"Whole Wide World, The (1996)"
39,2,1368,4.544301313986431,Mina Tannenbaum (1994)
39,3,1064,4.5271508291417915,Crossfire (1947)
39,4,1449,4.508251789046346,Pather Panchali (1955)
39,5,1467,4.478614834417534,"Saint of Fort Washington, The (1993)"
39,6,169,4.460986896396129,"Wrong Trousers, The (1993)"
39,7,1512,4.4567395968938435,"World of Apu, The (Apur Sansar) (1959)"
39,8,1642,4.435181591001441,Some Mother's Son (1996)
39,9,1500,4.425662821295512,Santa with Muscles (1996)
39,10,483,4.413699708215621,Casablanca (1942)
324,1,1189,5.0,Prefontaine (1997)
324,2,1449,5.0,Pather Panchali (1955)
324,3,169,5.0,"Wrong Trousers, The (1993)"
324,4,318,5.0,Schindler's List (1993)
324,5,1450,5.0,Golden Earrings (1947)
324,6,603,5.0,Rear Window (1954)
324,7,1642,5.0,Some Mother's Son (1996)
324,8,64,5.0,"Shawshank Redemption, The (1994)"
324,9,12,5.0,"Usual Suspects, The (1995)"
324,10,320,5.0,Paradise Lost: The Child Murders at Robin Hood Hills (1996)
335,1,1449,4.69717369883175,Pather Panchali (1955)
335,2,1512,4.6130625122840305,"World of Apu, The (Apur Sansar) (1959)"
335,3,318,4.578110822690909,Schindler's List (1993)
335,4,1467,4.569165609066945,"Saint of Fort Washington, The (1993)"
335,5,1189,4.530801740731986,Prefontaine (1997)
335,6,64,4.5055338131580385,"Shawshank Redemption, The (1994)"
335,7,1064,4.469382711993217,Crossfire (1947)
335,8,1642,4.458524329521114,Some Mother's Son (1996)
335,9,1463,4.4571698493742975,"Boys, Les (1997)"
335,10,178,4.454242806320693,12 Angry Men (1957)
149,1,1449,4.212268782476371,Pather Panchali (1955)
149,2,1512,4.126836844780343,"World of Apu, The (Apur Sansar) (1959)"
149,3,483,4.053413749100742,Casablanca (1942)
149,4,169,4.022750256228315,"Wrong Trousers, The (1993)"
149,5,318,4.019419944869141,Schindler's List (1993)
149,6,408,3.9956821516874106,"Close Shave, A (1995)"
149,7,178,3.981824729442916,12 Angry Men (1957)
149,8,1599,3.9817540200113775,Someone Else's America (1995)
149,9,1398,3.9720398423870202,Anna (1996)
149,10,1467,3.970928976424349,"Saint of Fort Washington, The (1993)"
338,1,1449,4.863255211321877,Pather Panchali (1955)
338,2,1512,4.737528758091136,"World of Apu, The (Apur Sansar) (1959)"
338,3,851,4.6085734645691465,Two or Three Things I Know About Her (1966)
338,4,1599,4.543658759680222,Someone Else's America (1995)
338,5,1193,4.537950184412763,Before the Rain (Pred dozhdot) (1994)
338,6,867,4.517891305937492,"Whole Wide World, The (1996)"
338,7,1398,4.4577222053151155,Anna (1996)
338,8,656,4.450515379993805,M (1931)
338,9,119,4.44281695023788,Maya Lin: A Strong Clear Vision (1994)
338,10,1064,4.430365195471771,Crossfire (1947)
339,1,1512,5.0,"World of Apu, The (Apur Sansar) (1959)"
339,2,1449,5.0,Pather Panchali (1955)
339,3,408,4.815839242550176,"Close Shave, A (1995)"
339,4,1467,4.788019002570423,"Saint of Fort Washington, The (1993)"
339,5,169,4.782541303849607,"Wrong Trousers, The (1993)"
339,6,119,4.735648178101025,Maya Lin: A Strong Clear Vision (1994)
339,7,1599,4.7322974532651765,Someone Else's America (1995)
339,8,1398,4.724630502723034,Anna (1996)
339,9,114,4.719494180113609,Wallace & Gromit: The Best of Aardman Animation (1996)
339,10,320,4.695625777503635,Paradise Lost: The Child Murders at Robin Hood Hills (1996)
169,1,1449,4.78309409719756,Pather Panchali (1955)
169,2,1467,4.732757664806204,"Saint of Fort Washington, The (1993)"
169,3,169,4.6148532430536156,"Wrong Trousers, The (1993)"
169,4,318,4.600881170529912,Schindler's List (1993)
169,5,1512,4.591641902168945,"World of Apu, The (Apur Sansar) (1959)"
169,6,64,4.5780166973270235,"Shawshank Redemption, The (1994)"
169,7,1189,4.544496252912937,Prefontaine (1997)
169,8,867,4.540454071511456,"Whole Wide World, The (1996)"
169,9,1064,4.539865199553981,Crossfire (1947)
169,10,408,4.524706907988926,"Close Shave, A (1995)"
12,1,1449,4.968824458413539,Pather Panchali (1955)
12,2,1467,4.823496165700333,"Saint of Fort Washington, The (1993)"
12,3,64,4.803848299615283,"Shawshank Redemption, The (1994)"
12,4,1064,4.779386351336362,Crossfire (1947)
12,5,1189,4.762973077756097,Prefontaine (1997)
12,6,313,4.745059999677806,Titanic (1997)
12,7,169,4.739651510495824,"Wrong Trousers, The (1993)"
12,8,1450,4.724913499088338,Golden Earrings (1947)
12,9,22,4.702356959483415,Braveheart (1995)
12,10,1512,4.694627346111881,"World of Apu, The (Apur Sansar) (1959)"
342,1,1467,4.3753477148614985,"Saint of Fort Washington, The (1993)"
342,2,1449,4.340887351780078,Pather Panchali (1955)
342,3,1512,4.326597122453413,"World of Apu, The (Apur Sansar) (1959)"
342,4,169,4.314887575039341,"Wrong Trousers, The (1993)"
342,5,483,4.25026223659274,Casablanca (1942)
342,6,1398,4.247762757284459,Anna (1996)
342,7,1642,4.22981287181391,Some Mother's Son (1996)
342,8,867,4.227145185851961,"Whole Wide World, The (1996)"
342,9,1189,4.218958338973641,Prefontaine (1997)
342,10,318,4.218091328557464,Schindler's List (1993)
336,1,1512,4.562613748348404,"World of Apu, The (Apur Sansar) (1959)"
336,2,1467,4.492843101846236,"Saint of Fort Washington, The (1993)"
336,3,1449,4.467098550789551,Pather Panchali (1955)
336,4,64,4.412054575296774,"Shawshank Redemption, The (1994)"
336,5,169,4.381997730844199,"Wrong Trousers, The (1993)"
336,6,641,4.356619049331356,Paths of Glory (1957)
336,7,318,4.34315520452665,Schindler's List (1993)
336,8,12,4.297444781076172,"Usual Suspects, The (1995)"
336,9,178,4.292076449102567,12 Angry Men (1957)
336,10,408,4.276722518624058,"Close Shave, A (1995)"
340,1,966,4.694056187726965,"Affair to Remember, An (1957)"
340,2,313,4.675370520472601,Titanic (1997)
340,3,318,4.64737059800555,Schindler's List (1993)
340,4,1233,4.645322820693994,Nénette et Boni (1996)
340,5,1554,4.640115002611653,Safe Passage (1994)
340,6,22,4.609871662102659,Braveheart (1995)
340,7,64,4.562225683148888,"Shawshank Redemption, The (1994)"
340,8,1450,4.5575521473423395,Golden Earrings (1947)
340,9,496,4.554737485643762,It's a Wonderful Life (1946)
340,10,1467,4.539249811199272,"Saint of Fort Washington, The (1993)"
40,1,1449,3.9894454754669604,Pather Panchali (1955)
40,2,1467,3.9692813182415896,"Saint of Fort Washington, The (1993)"
40,3,867,3.9642157906228186,"Whole Wide World, The (1996)"
40,4,169,3.8955055509870062,"Wrong Trousers, The (1993)"
40,5,1189,3.791057810903547,Prefontaine (1997)
40,6,1500,3.790173348618392,Santa with Muscles (1996)
40,7,408,3.7886449013583925,"Close Shave, A (1995)"
40,8,1064,3.7788221443125023,Crossfire (1947)
40,9,1512,3.766843706112111,"World of Apu, The (Apur Sansar) (1959)"
40,10,318,3.7510648004815415,Schindler's List (1993)
317,1,1467,4.75660159145321,"Saint of Fort Washington, The (1993)"
317,2,1449,4.750879546846377,Pather Panchali (1955)
317,3,1512,4.741714821469185,"World of Apu, The (Apur Sansar) (1959)"
317,4,318,4.6764473242115985,Schindler's List (1993)
317,5,1398,4.625702849665055,Anna (1996)
317,6,1639,4.605741210754894,Bitter Sugar (Azucar Amargo) (1996)
317,7,64,4.595095783203706,"Shawshank Redemption, The (1994)"
317,8,483,4.592825586006511,Casablanca (1942)
317,9,1368,4.588013266823576,Mina Tannenbaum (1994)
317,10,867,4.58162233053499,"Whole Wide World, The (1996)"
341,1,1449,4.987967718524993,Pather Panchali (1955)
341,2,1512,4.983565870483151,"World of Apu, The (Apur Sansar) (1959)"
341,3,1467,4.831277963169727,"Saint of Fort Washington, The (1993)"
341,4,318,4.81781778723742,Schindler's List (1993)
341,5,408,4.7738747258685175,"Close Shave, A (1995)"
341,6,1064,4.767226295973705,Crossfire (1947)
341,7,178,4.755396676229279,12 Angry Men (1957)
341,8,64,4.744231899605163,"Shawshank Redemption, The (1994)"
341,9,867,4.6987135623585345,"Whole Wide World, The (1996)"
341,10,169,4.697339232094989,"Wrong Trousers, The (1993)"
343,1,1512,5.0,"World of Apu, The (Apur Sansar) (1959)"
343,2,1449,5.0,Pather Panchali (1955)
343,3,1467,4.797743931146734,"Saint of Fort Washington, The (1993)"
343,4,114,4.780040027531009,Wallace & Gromit: The Best of Aardman Animation (1996)
343,5,119,4.765779409379512,Maya Lin: A Strong Clear Vision (1994)
343,6,867,4.759024990189147,"Whole Wide World, The (1996)"
343,7,178,4.741204875363429,12 Angry Men (1957)
343,8,603,4.725933595689366,Rear Window (1954)
343,9,1599,4.725924028526204,Someone Else's America (1995)
343,10,1398,4.707729684529587,Anna (1996)
344,1,1449,4.714620812459735,Pather Panchali (1955)
344,2,1512,4.712635638382754,"World of Apu, The (Apur Sansar) (1959)"
344,3,408,4.507481447399131,"Close Shave, A (1995)"
344,4,1467,4.478316431802098,"Saint of Fort Washington, The (1993)"
344,5,169,4.469739460530147,"Wrong Trousers, The (1993)"
344,6,867,4.456812875228607,"Whole Wide World, The (1996)"
344,7,1599,4.444478860957622,Someone Else's America (1995)
344,8,1398,4.42130682938701,Anna (1996)
344,9,603,4.394969471373822,Rear Window (1954)
344,10,483,4.39017613999912,Casablanca (1942)
345,1,1449,4.776595221007598,Pather Panchali (1955)
345,2,1512,4.699875338922176,"World of Apu, The (Apur Sansar) (1959)"
345,3,1467,4.5452693348558295,"Saint of Fort Washington, The (1993)"
345,4,169,4.541628512822706,"Wrong Trousers, The (1993)"
345,5,408,4.5283048308484055,"Close Shave, A (1995)"
345,6,318,4.492843624940952,Schindler's List (1993)
345,7,483,4.487066442315648,Casablanca (1942)
345,8,114,4.476292946235254,Wallace & Gromit: The Best of Aardman Animation (1996)
345,9,178,4.474268459983356,12 Angry Men (1957)
345,10,603,4.462975809103423,Rear Window (1954)
346,1,1449,4.418795555935707,Pather Panchali (1955)
346,2,1467,4.3658036823186785,"Saint of Fort Washington, The (1993)"
346,3,867,4.31278374860716,"Whole Wide World, The (1996)"
346,4,1512,4.23560622469398,"World of Apu, The (Apur Sansar) (1959)"
346,5,1189,4.207878423266649,Prefontaine (1997)
346,6,169,4.1785724557493396,"Wrong Trousers, The (1993)"
346,7,408,4.177465580250253,"Close Shave, A (1995)"
346,8,50,4.161979289894658,Star Wars (1977)
346,9,114,4.1395529570537954,Wallace & Gromit: The Best of Aardman Animation (1996)
346,10,483,4.129273089967597,Casablanca (1942)
347,1,1467,4.622283080465417,"Saint of Fort Washington, The (1993)"
347,2,1512,4.581469157718829,"World of Apu, The (Apur Sansar) (1959)"
347,3,64,4.558136323441011,"Shawshank Redemption, The (1994)"
347,4,1449,4.549941333889286,Pather Panchali (1955)
347,5,174,4.535953239224604,Raiders of the Lost Ark (1981)
347,6,1189,4.462385080037509,Prefontaine (1997)
347,7,169,4.405262373516954,"Wrong Trousers, The (1993)"
347,8,313,4.398169154970933,Titanic (1997)
347,9,1599,4.35798538317112,Someone Else's America (1995)
347,10,641,4.349375970814842,Paths of Glory (1957)
273,1,1449,4.472913812291387,Pather Panchali (1955)
273,2,1512,4.349500329652387,"World of Apu, The (Apur Sansar) (1959)"
273,3,1642,4.347216094567831,Some Mother's Son (1996)
273,4,867,4.307638115500512,"Whole Wide World, The (1996)"
273,5,408,4.302988305710577,"Close Shave, A (1995)"
273,6,169,4.299999216676197,"Wrong Trousers, The (1993)"
273,7,483,4.293018083622256,Casablanca (1942)
273,8,119,4.244203361196371,Maya Lin: A Strong Clear Vision (1994)
273,9,318,4.213540585746382,Schindler's List (1993)
273,10,603,4.212975475250715,Rear Window (1954)
55,1,1467,4.460203004234945,"Saint of Fort Washington, The (1993)"
55,2,1449,4.303665304426135,Pather Panchali (1955)
55,3,1512,4.217788563288279,"World of Apu, The (Apur Sansar) (1959)"
55,4,169,4.203993464139034,"Wrong Trousers, The (1993)"
55,5,64,4.160262021888932,"Shawshank Redemption, The (1994)"
55,6,114,4.1469391648640705,Wallace & Gromit: The Best of Aardman Animation (1996)
55,7,174,4.1418083495508435,Raiders of the Lost Ark (1981)
55,8,318,4.13741832427635,Schindler's List (1993)
55,9,408,4.1046641847317655,"Close Shave, A (1995)"
55,10,172,4.102612112849214,"Empire Strikes Back, The (1980)"
349,1,1512,4.734935217441891,"World of Apu, The (Apur Sansar) (1959)"
349,2,1449,4.713285189772846,Pather Panchali (1955)
349,3,718,4.422492705325695,In the Bleak Midwinter (1995)
349,4,119,4.417858651153032,Maya Lin: A Strong Clear Vision (1994)
349,5,127,4.404337908523431,"Godfather, The (1972)"
349,6,1524,4.380374728936322,Kaspar Hauser (1993)
349,7,1193,4.376464582223859,Before the Rain (Pred dozhdot) (1994)
349,8,1467,4.369246678797473,"Saint of Fort Washington, The (1993)"
349,9,178,4.346471684817948,12 Angry Men (1957)
349,10,603,4.328545071203812,Rear Window (1954)
348,1,1467,5.0,"Saint of Fort Washington, The (1993)"
348,2,1449,5.0,Pather Panchali (1955)
348,3,318,4.873496818663836,Schindler's List (1993)
348,4,1064,4.868590072958056,Crossfire (1947)
348,5,64,4.843452435794133,"Shawshank Redemption, The (1994)"
348,6,1189,4.818613935749727,Prefontaine (1997)
348,7,1450,4.79143682266807,Golden Earrings (1947)
348,8,867,4.7853844954658005,"Whole Wide World, The (1996)"
348,9,1512,4.761974020772275,"World of Apu, The (Apur Sansar) (1959)"
348,10,174,4.753003268545196,Raiders of the Lost Ark (1981)
354,1,1449,4.6005539792473265,Pather Panchali (1955)
354,2,1512,4.477983764649206,"World of Apu, The (Apur Sansar) (1959)"
354,3,408,4.39481453841985,"Close Shave, A (1995)"
354,4,1467,4.343416958493085,"Saint of Fort Washington, The (1993)"
354,5,867,4.338214189460668,"Whole Wide World, The (1996)"
354,6,1368,4.321746141589423,Mina Tannenbaum (1994)
354,7,114,4.317389767436184,Wallace & Gromit: The Best of Aardman Animation (1996)
354,8,1639,4.287001736928971,Bitter Sugar (Azucar Amargo) (1996)
354,9,1193,4.27042774334604,Before the Rain (Pred dozhdot) (1994)
354,10,1642,4.26300840938338,Some Mother's Son (1996)
171,1,1449,4.419933408598686,Pather Panchali (1955)
171,2,1467,4.312568932972889,"Saint of Fort Washington, The (1993)"
171,3,1512,4.284082227250365,"World of Apu, The (Apur Sansar) (1959)"
171,4,169,4.228644848214406,"Wrong Trousers, The (1993)"
171,5,867,4.197123297902618,"Whole Wide World, The (1996)"
171,6,408,4.174925991232832,"Close Shave, A (1995)"
171,7,114,4.159289805673434,Wallace & Gromit: The Best of Aardman Animation (1996)
171,8,64,4.155831243922399,"Shawshank Redemption, The (1994)"
171,9,1189,4.15488063174014,Prefontaine (1997)
171,10,318,4.1458259791546785,Schindler's List (1993)
351,1,1233,5.0,Nénette et Boni (1996)
351,2,1449,5.0,Pather Panchali (1955)
351,3,318,4.912801725355276,Schindler's List (1993)
351,4,1064,4.896598926937577,Crossfire (1947)
351,5,1639,4.880794781127283,Bitter Sugar (Azucar Amargo) (1996)
351,6,1450,4.865284682851136,Golden Earrings (1947)
351,7,1467,4.849955879203593,"Saint of Fort Washington, The (1993)"
351,8,408,4.843163766932118,"Close Shave, A (1995)"
351,9,169,4.836760057894725,"Wrong Trousers, The (1993)"
351,10,867,4.822582826407426,"Whole Wide World, The (1996)"
358,1,1449,4.545674962944098,Pather Panchali (1955)
358,2,1512,4.4442452674458774,"World of Apu, The (Apur Sansar) (1959)"
358,3,1467,4.356471341728096,"Saint of Fort Washington, The (1993)"
358,4,1599,4.294608267848572,Someone Else's America (1995)
358,5,1064,4.289439953624856,Crossfire (1947)
358,6,603,4.284299237375707,Rear Window (1954)
358,7,1398,4.269967923330694,Anna (1996)
358,8,408,4.250119368970676,"Close Shave, A (1995)"
358,9,657,4.247807851052421,"Manchurian Candidate, The (1962)"
358,10,1193,4.237690964964329,Before the Rain (Pred dozhdot) (1994)
352,1,1449,4.335091312713511,Pather Panchali (1955)
352,2,1467,4.276212297807149,"Saint of Fort Washington, The (1993)"
352,3,64,4.246122182785775,"Shawshank Redemption, The (1994)"
352,4,318,4.243635022278196,Schindler's List (1993)
352,5,313,4.215986148943353,Titanic (1997)
352,6,1189,4.15454870660371,Prefontaine (1997)
352,7,22,4.1524183891205055,Braveheart (1995)
352,8,1512,4.139674724126041,"World of Apu, The (Apur Sansar) (1959)"
352,9,169,4.139212427906521,"Wrong Trousers, The (1993)"
352,10,172,4.118064214417929,"Empire Strikes Back, The (1980)"
360,1,1449,4.8035975747704605,Pather Panchali (1955)
360,2,1512,4.756588274103935,"World of Apu, The (Apur Sansar) (1959)"
360,3,408,4.585498379996597,"Close Shave, A (1995)"
360,4,1599,4.539108436139249,Someone Else's America (1995)
360,5,1398,4.520947292028053,Anna (1996)
360,6,603,4.515508895905446,Rear Window (1954)
360,7,169,4.512457851987248,"Wrong Trousers, The (1993)"
360,8,178,4.510050642415029,12 Angry Men (1957)
360,9,867,4.501391911996328,"Whole Wide World, The (1996)"
360,10,1467,4.501344159218495,"Saint of Fort Washington, The (1993)"
363,1,1449,4.348719633445647,Pather Panchali (1955)
363,2,1512,4.31663887964281,"World of Apu, The (Apur Sansar) (1959)"
363,3,1467,4.184365911000308,"Saint of Fort Washington, The (1993)"
363,4,867,4.152572276156994,"Whole Wide World, The (1996)"
363,5,64,4.125323155861304,"Shawshank Redemption, The (1994)"
363,6,1599,4.118365933518316,Someone Else's America (1995)
363,7,119,4.109292177668512,Maya Lin: A Strong Clear Vision (1994)
363,8,1189,4.103319143738681,Prefontaine (1997)
363,9,483,4.088356067208097,Casablanca (1942)
363,10,318,4.086843686191185,Schindler's List (1993)
355,1,1467,5.0,"Saint of Fort Washington, The (1993)"
355,2,867,5.0,"Whole Wide World, The (1996)"
355,3,318,5.0,Schindler's List (1993)
355,4,1064,5.0,Crossfire (1947)
355,5,64,5.0,"Shawshank Redemption, The (1994)"
355,6,1449,5.0,Pather Panchali (1955)
355,7,1450,4.992444285218573,Golden Earrings (1947)
355,8,1189,4.9758971073697325,Prefontaine (1997)
355,9,169,4.948323392538092,"Wrong Trousers, The (1993)"
355,10,178,4.945901533083831,12 Angry Men (1957)
362,1,1449,4.7823495314906515,Pather Panchali (1955)
362,2,318,4.7330950778581755,Schindler's List (1993)
362,3,272,4.692629165341297,Good Will Hunting (1997)
362,4,1512,4.664678460676477,"World of Apu, The (Apur Sansar) (1959)"
362,5,1554,4.649000543363965,Safe Passage (1994)
362,6,64,4.617033094190508,"Shawshank Redemption, The (1994)"
362,7,1398,4.614735347658582,Anna (1996)
362,8,178,4.611370001792313,12 Angry Men (1957)
362,9,408,4.604610868297251,"Close Shave, A (1995)"
362,10,1467,4.5776770451462125,"Saint of Fort Washington, The (1993)"
356,1,1449,4.676903808041729,Pather Panchali (1955)
356,2,1467,4.581862884962917,"Saint of Fort Washington, The (1993)"
356,3,1512,4.565963809030823,"World of Apu, The (Apur Sansar) (1959)"
356,4,1064,4.528667723788123,Crossfire (1947)
356,5,318,4.516679457860272,Schindler's List (1993)
356,6,64,4.501908338129383,"Shawshank Redemption, The (1994)"
356,7,1554,4.414121106020768,Safe Passage (1994)
356,8,1450,4.405934242907436,Golden Earrings (1947)
356,9,169,4.390658955494829,"Wrong Trousers, The (1993)"
356,10,178,4.389781724087013,12 Angry Men (1957)
361,1,1449,4.730985054090436,Pather Panchali (1955)
361,2,1512,4.6518823494939054,"World of Apu, The (Apur Sansar) (1959)"
361,3,1467,4.473105597504487,"Saint of Fort Washington, The (1993)"
361,4,169,4.457650958145091,"Wrong Trousers, The (1993)"
361,5,408,4.450074094240048,"Close Shave, A (1995)"
361,6,483,4.433636180699906,Casablanca (1942)
361,7,318,4.4314512210231545,Schindler's List (1993)
361,8,603,4.422428195813183,Rear Window (1954)
361,9,114,4.41186674743338,Wallace & Gromit: The Best of Aardman Animation (1996)
361,10,1599,4.408694011596482,Someone Else's America (1995)
365,1,1449,4.623213448949176,Pather Panchali (1955)
365,2,1512,4.588293763294641,"World of Apu, The (Apur Sansar) (1959)"
365,3,318,4.420890967192231,Schindler's List (1993)
365,4,64,4.4162265436669665,"Shawshank Redemption, The (1994)"
365,5,178,4.403804821901773,12 Angry Men (1957)
365,6,1142,4.373937125485105,When We Were Kings (1996)
365,7,357,4.373162456306298,One Flew Over the Cuckoo's Nest (1975)
365,8,320,4.362663093017697,Paradise Lost: The Child Murders at Robin Hood Hills (1996)
365,9,98,4.361026690635494,"Silence of the Lambs, The (1991)"
365,10,1398,4.353946252841705,Anna (1996)
350,1,1449,4.942500610329756,Pather Panchali (1955)
350,2,1512,4.899999258268753,"World of Apu, The (Apur Sansar) (1959)"
350,3,1467,4.7286973041242915,"Saint of Fort Washington, The (1993)"
350,4,1599,4.719575805062344,Someone Else's America (1995)
350,5,867,4.69315727319343,"Whole Wide World, The (1996)"
350,6,408,4.679694956541077,"Close Shave, A (1995)"
350,7,318,4.6718278469045895,Schindler's List (1993)
350,8,178,4.667884098350951,12 Angry Men (1957)
350,9,1398,4.6669024247197175,Anna (1996)
350,10,169,4.6657837378320375,"Wrong Trousers, The (1993)"
258,1,1467,4.943936319388322,"Saint of Fort Washington, The (1993)"
258,2,1449,4.874900216670836,Pather Panchali (1955)
258,3,1512,4.804982970467336,"World of Apu, The (Apur Sansar) (1959)"
258,4,318,4.77690420506305,Schindler's List (1993)
258,5,169,4.725748314989245,"Wrong Trousers, The (1993)"
258,6,313,4.670440883266456,Titanic (1997)
258,7,867,4.6652861734458835,"Whole Wide World, The (1996)"
258,8,1064,4.660591123159053,Crossfire (1947)
258,9,64,4.6563907485163245,"Shawshank Redemption, The (1994)"
258,10,1189,4.627611887555751,Prefontaine (1997)
357,1,1189,5.0,Prefontaine (1997)
357,2,867,5.0,"Whole Wide World, The (1996)"
357,3,1449,5.0,Pather Panchali (1955)
357,4,64,5.0,"Shawshank Redemption, The (1994)"
357,5,174,5.0,Raiders of the Lost Ark (1981)
357,6,318,5.0,Schindler's List (1993)
357,7,1467,5.0,"Saint of Fort Washington, The (1993)"
357,8,169,5.0,"Wrong Trousers, The (1993)"
357,9,1064,4.994485128058522,Crossfire (1947)
357,10,50,4.991782543646732,Star Wars (1977)
367,1,1449,5.0,Pather Panchali (1955)
367,2,169,5.0,"Wrong Trousers, The (1993)"
367,3,867,5.0,"Whole Wide World, The (1996)"
367,4,1512,5.0,"World of Apu, The (Apur Sansar) (1959)"
367,5,1467,5.0,"Saint of Fort Washington, The (1993)"
367,6,318,5.0,Schindler's List (1993)
367,7,1398,5.0,Anna (1996)
367,8,320,4.993848254038989,Paradise Lost: The Child Murders at Robin Hood Hills (1996)
367,9,408,4.98354214076005,"Close Shave, A (1995)"
367,10,603,4.974891798716184,Rear Window (1954)
132,1,1449,4.396308892463959,Pather Panchali (1955)
132,2,1512,4.235020916264116,"World of Apu, The (Apur Sansar) (1959)"
132,3,1467,4.188885386640356,"Saint of Fort Washington, The (1993)"
132,4,318,4.090061926729444,Schindler's List (1993)
132,5,169,4.077512871506533,"Wrong Trousers, The (1993)"
132,6,1064,4.071950578335752,Crossfire (1947)
132,7,1599,4.062396724421972,Someone Else's America (1995)
132,8,603,4.05077408431569,Rear Window (1954)
132,9,64,4.0464613911730645,"Shawshank Redemption, The (1994)"
132,10,408,4.035814297721048,"Close Shave, A (1995)"
373,1,1467,4.652649304230683,"Saint of Fort Washington, The (1993)"
373,2,1449,4.599443743703193,Pather Panchali (1955)
373,3,318,4.555410694198888,Schindler's List (1993)
373,4,1450,4.488317387033204,Golden Earrings (1947)
373,5,1189,4.449166687775198,Prefontaine (1997)
373,6,1512,4.4255782429325246,"World of Apu, The (Apur Sansar) (1959)"
373,7,1554,4.400337253256933,Safe Passage (1994)
373,8,1064,4.399694937759665,Crossfire (1947)
373,9,1639,4.399607932915339,Bitter Sugar (Azucar Amargo) (1996)
373,10,1642,4.392076126389109,Some Mother's Son (1996)
370,1,1449,4.576406952034311,Pather Panchali (1955)
370,2,1512,4.338851107912191,"World of Apu, The (Apur Sansar) (1959)"
370,3,318,4.303495892502551,Schindler's List (1993)
370,4,1064,4.289477968627065,Crossfire (1947)
370,5,1398,4.263089140044924,Anna (1996)
370,6,1467,4.233394584073286,"Saint of Fort Washington, The (1993)"
370,7,483,4.22992910608773,Casablanca (1942)
370,8,178,4.205511285437499,12 Angry Men (1957)
370,9,867,4.1941194942432185,"Whole Wide World, The (1996)"
370,10,1599,4.18994999593144,Someone Else's America (1995)
371,1,1449,4.674611841793232,Pather Panchali (1955)
371,2,318,4.616961752970313,Schindler's List (1993)
371,3,1467,4.608683924438851,"Saint of Fort Washington, The (1993)"
371,4,313,4.53646147078736,Titanic (1997)
371,5,1189,4.51914633447322,Prefontaine (1997)
371,6,169,4.468804553551937,"Wrong Trousers, The (1993)"
371,7,1554,4.467825152097382,Safe Passage (1994)
371,8,1064,4.452996259003756,Crossfire (1947)
371,9,1512,4.437141247450739,"World of Apu, The (Apur Sansar) (1959)"
371,10,867,4.42067457570738,"Whole Wide World, The (1996)"
374,1,1467,4.366107612022504,"Saint of Fort Washington, The (1993)"
374,2,1449,4.271033001662263,Pather Panchali (1955)
374,3,1189,4.24548050233055,Prefontaine (1997)
374,4,313,4.216109876199963,Titanic (1997)
374,5,1064,4.1876386174659626,Crossfire (1947)
374,6,169,4.148333261732531,"Wrong Trousers, The (1993)"
374,7,867,4.096852216748079,"Whole Wide World, The (1996)"
374,8,1512,4.080143163416457,"World of Apu, The (Apur Sansar) (1959)"
374,9,22,4.080102546222593,Braveheart (1995)
374,10,172,4.050561817981556,"Empire Strikes Back, The (1980)"
372,1,1512,5.0,"World of Apu, The (Apur Sansar) (1959)"
372,2,318,5.0,Schindler's List (1993)
372,3,1450,5.0,Golden Earrings (1947)
372,4,1467,5.0,"Saint of Fort Washington, The (1993)"
372,5,1064,5.0,Crossfire (1947)
372,6,1189,5.0,Prefontaine (1997)
372,7,64,5.0,"Shawshank Redemption, The (1994)"
372,8,1449,5.0,Pather Panchali (1955)
372,9,1554,4.978788121324789,Safe Passage (1994)
372,10,867,4.974936934268835,"Whole Wide World, The (1996)"
337,1,1449,4.921211235001354,Pather Panchali (1955)
337,2,1467,4.918388986837782,"Saint of Fort Washington, The (1993)"
337,3,64,4.913732268181887,"Shawshank Redemption, The (1994)"
337,4,318,4.87956253799372,Schindler's List (1993)
337,5,1512,4.812971836872195,"World of Apu, The (Apur Sansar) (1959)"
337,6,1450,4.783047141480221,Golden Earrings (1947)
337,7,174,4.768455399063154,Raiders of the Lost Ark (1981)
337,8,169,4.757761951713258,"Wrong Trousers, The (1993)"
337,9,313,4.750199836148167,Titanic (1997)
337,10,1064,4.745430279761928,Crossfire (1947)
378,1,1449,4.539547930951051,Pather Panchali (1955)
378,2,1512,4.449021523939096,"World of Apu, The (Apur Sansar) (1959)"
378,3,1467,4.397835012031984,"Saint of Fort Washington, The (1993)"
378,4,318,4.367295710987222,Schindler's List (1993)
378,5,169,4.340719168152303,"Wrong Trousers, The (1993)"
378,6,408,4.327066791140041,"Close Shave, A (1995)"
378,7,64,4.316610430905005,"Shawshank Redemption, The (1994)"
378,8,483,4.288353739802077,Casablanca (1942)
378,9,867,4.268773961124415,"Whole Wide World, The (1996)"
378,10,178,4.264781729337327,12 Angry Men (1957)
366,1,12,5.0,"Usual Suspects, The (1995)"
366,2,1450,5.0,Golden Earrings (1947)
366,3,318,5.0,Schindler's List (1993)
366,4,1467,5.0,"Saint of Fort Washington, The (1993)"
366,5,1512,5.0,"World of Apu, The (Apur Sansar) (1959)"
366,6,64,5.0,"Shawshank Redemption, The (1994)"
366,7,1449,5.0,Pather Panchali (1955)
366,8,320,5.0,Paradise Lost: The Child Murders at Robin Hood Hills (1996)
366,9,1131,5.0,Safe (1995)
366,10,1639,5.0,Bitter Sugar (Azucar Amargo) (1996)
368,1,1449,4.407166554060813,Pather Panchali (1955)
368,2,169,4.353092721832842,"Wrong Trousers, The (1993)"
368,3,1512,4.325989393795361,"World of Apu, The (Apur Sansar) (1959)"
368,4,408,4.282743626042827,"Close Shave, A (1995)"
368,5,1467,4.22296372222776,"Saint of Fort Washington, The (1993)"
368,6,318,4.191083028536453,Schindler's List (1993)
368,7,867,4.184422885134697,"Whole Wide World, The (1996)"
368,8,114,4.168769447698374,Wallace & Gromit: The Best of Aardman Animation (1996)
368,9,64,4.16012879836573,"Shawshank Redemption, The (1994)"
368,10,1554,4.144344288223815,Safe Passage (1994)
377,1,1449,4.822059079118834,Pather Panchali (1955)
377,2,1467,4.771324647898108,"Saint of Fort Washington, The (1993)"
377,3,1512,4.763813161939392,"World of Apu, The (Apur Sansar) (1959)"
377,4,318,4.725749732026829,Schindler's List (1993)
377,5,64,4.697398543865953,"Shawshank Redemption, The (1994)"
377,6,169,4.674627011126621,"Wrong Trousers, The (1993)"
377,7,408,4.632585728843488,"Close Shave, A (1995)"
377,8,178,4.624201771350396,12 Angry Men (1957)
377,9,1064,4.619787108380243,Crossfire (1947)
377,10,603,4.610310926043464,Rear Window (1954)
359,1,1449,4.9708950421380536,Pather Panchali (1955)
359,2,169,4.788695636649953,"Wrong Trousers, The (1993)"
359,3,318,4.784372990068548,Schindler's List (1993)
359,4,1512,4.780104526712915,"World of Apu, The (Apur Sansar) (1959)"
359,5,1467,4.772225399649043,"Saint of Fort Washington, The (1993)"
359,6,64,4.729895243254272,"Shawshank Redemption, The (1994)"
359,7,867,4.699930267085617,"Whole Wide World, The (1996)"
359,8,483,4.675377021738638,Casablanca (1942)
359,9,114,4.672515094173164,Wallace & Gromit: The Best of Aardman Animation (1996)
359,10,1599,4.663511424408381,Someone Else's America (1995)
379,1,1449,5.0,Pather Panchali (1955)
379,2,1512,4.979251448928244,"World of Apu, The (Apur Sansar) (1959)"
379,3,408,4.808469506477744,"Close Shave, A (1995)"
379,4,169,4.792379700817846,"Wrong Trousers, The (1993)"
379,5,1467,4.7889982336319905,"Saint of Fort Washington, The (1993)"
379,6,318,4.771576659090989,Schindler's List (1993)
379,7,1599,4.756755390725707,Someone Else's America (1995)
379,8,867,4.748849593862989,"Whole Wide World, The (1996)"
379,9,483,4.735336046488109,Casablanca (1942)
379,10,119,4.733886737913557,Maya Lin: A Strong Clear Vision (1994)
380,1,1449,4.230519339642276,Pather Panchali (1955)
380,2,1512,4.151719127993409,"World of Apu, The (Apur Sansar) (1959)"
380,3,408,3.983995805567974,"Close Shave, A (1995)"
380,4,1467,3.9727771222356467,"Saint of Fort Washington, The (1993)"
380,5,169,3.966191287034742,"Wrong Trousers, The (1993)"
380,6,1599,3.9095014781379036,Someone Else's America (1995)
380,7,603,3.905394586793341,Rear Window (1954)
380,8,178,3.8985511816026124,12 Angry Men (1957)
380,9,867,3.855170097493279,"Whole Wide World, The (1996)"
380,10,1398,3.850507095011019,Anna (1996)
375,1,1449,4.7495218169238544,Pather Panchali (1955)
375,2,318,4.666404669699551,Schindler's List (1993)
375,3,1467,4.650566015402151,"Saint of Fort Washington, The (1993)"
375,4,64,4.64515502583368,"Shawshank Redemption, The (1994)"
375,5,174,4.63901157079726,Raiders of the Lost Ark (1981)
375,6,50,4.622092068151997,Star Wars (1977)
375,7,1512,4.599712989867478,"World of Apu, The (Apur Sansar) (1959)"
375,8,1554,4.597301537655252,Safe Passage (1994)
375,9,1189,4.5970677170990735,Prefontaine (1997)
375,10,1064,4.5713925553613874,Crossfire (1947)
381,1,1449,4.731280845880214,Pather Panchali (1955)
381,2,1512,4.7019842069236,"World of Apu, The (Apur Sansar) (1959)"
381,3,1599,4.6168488161982015,Someone Else's America (1995)
381,4,408,4.615305625549901,"Close Shave, A (1995)"
381,5,867,4.60341523176026,"Whole Wide World, The (1996)"
381,6,119,4.586228777544729,Maya Lin: A Strong Clear Vision (1994)
381,7,169,4.565901183712692,"Wrong Trousers, The (1993)"
381,8,1467,4.55361538462792,"Saint of Fort Washington, The (1993)"
381,9,114,4.552477658447268,Wallace & Gromit: The Best of Aardman Animation (1996)
381,10,603,4.544990572970863,Rear Window (1954)
385,1,1512,4.208601249042719,"World of Apu, The (Apur Sansar) (1959)"
385,2,1193,4.1695605985838196,Before the Rain (Pred dozhdot) (1994)
385,3,408,4.156537122288218,"Close Shave, A (1995)"
385,4,1599,4.149334629391982,Someone Else's America (1995)
385,5,513,4.094252792139237,"Third Man, The (1949)"
385,6,856,4.085232322553907,Night on Earth (1991)
385,7,647,4.055979379589417,Ran (1985)
385,8,60,4.055562028129665,Three Colors: Blue (1993)
385,9,867,4.048510910512612,"Whole Wide World, The (1996)"
385,10,119,3.999853937351453,Maya Lin: A Strong Clear Vision (1994)
387,1,1512,4.416101098512199,"World of Apu, The (Apur Sansar) (1959)"
387,2,1449,4.374509821496013,Pather Panchali (1955)
387,3,1467,4.211967555456666,"Saint of Fort Washington, The (1993)"
387,4,1524,4.189999197168029,Kaspar Hauser (1993)
387,5,119,4.165916042468836,Maya Lin: A Strong Clear Vision (1994)
387,6,127,4.141705253883133,"Godfather, The (1972)"
387,7,1398,4.10078932041168,Anna (1996)
387,8,1367,4.096963024756933,Faust (1994)
387,9,89,4.0956197557337966,Blade Runner (1982)
387,10,134,4.090171308277939,Citizen Kane (1941)
364,1,1449,4.947395361221844,Pather Panchali (1955)
364,2,1467,4.88314519859509,"Saint of Fort Washington, The (1993)"
364,3,1512,4.7748465904809745,"World of Apu, The (Apur Sansar) (1959)"
364,4,64,4.690758950328059,"Shawshank Redemption, The (1994)"
364,5,1064,4.656774625426588,Crossfire (1947)
364,6,169,4.646467924315447,"Wrong Trousers, The (1993)"
364,7,318,4.646128999886981,Schindler's List (1993)
364,8,1599,4.63697621491033,Someone Else's America (1995)
364,9,408,4.590864269009473,"Close Shave, A (1995)"
364,10,1450,4.590207302275822,Golden Earrings (1947)
388,1,1554,5.0,Safe Passage (1994)
388,2,1467,5.0,"Saint of Fort Washington, The (1993)"
388,3,64,5.0,"Shawshank Redemption, The (1994)"
388,4,318,5.0,Schindler's List (1993)
388,5,1450,4.9919837312725,Golden Earrings (1947)
388,6,1449,4.939050917345637,Pather Panchali (1955)
388,7,1064,4.921701680374426,Crossfire (1947)
388,8,174,4.91429673553101,Raiders of the Lost Ark (1981)
388,9,1189,4.896803302850731,Prefontaine (1997)
388,10,320,4.896234928671529,Paradise Lost: The Child Murders at Robin Hood Hills (1996)
386,1,1449,4.80669939278903,Pather Panchali (1955)
386,2,1512,4.62509469499286,"World of Apu, The (Apur Sansar) (1959)"
386,3,867,4.559395954386455,"Whole Wide World, The (1996)"
386,4,1599,4.542003174414082,Someone Else's America (1995)
386,5,408,4.524049967789797,"Close Shave, A (1995)"
386,6,1467,4.5182481269083485,"Saint of Fort Washington, The (1993)"
386,7,1064,4.516332863523849,Crossfire (1947)
386,8,318,4.513306216843747,Schindler's List (1993)
386,9,169,4.4757928759382555,"Wrong Trousers, The (1993)"
386,10,603,4.447176175998955,Rear Window (1954)
389,1,1449,4.741776959150082,Pather Panchali (1955)
389,2,1512,4.707982633922049,"World of Apu, The (Apur Sansar) (1959)"
389,3,1599,4.515063691406695,Someone Else's America (1995)
389,4,1467,4.509489960294377,"Saint of Fort Washington, The (1993)"
389,5,169,4.482426237528056,"Wrong Trousers, The (1993)"
389,6,119,4.479832581134568,Maya Lin: A Strong Clear Vision (1994)
389,7,408,4.464594790664476,"Close Shave, A (1995)"
389,8,867,4.448356878294329,"Whole Wide World, The (1996)"
389,9,178,4.44265784152251,12 Angry Men (1957)
389,10,12,4.429617163059917,"Usual Suspects, The (1995)"
309,1,1449,4.501427237837815,Pather Panchali (1955)
309,2,1467,4.483672373734042,"Saint of Fort Washington, The (1993)"
309,3,64,4.426369215194333,"Shawshank Redemption, The (1994)"
309,4,1450,4.418478687855617,Golden Earrings (1947)
309,5,318,4.3961970598059965,Schindler's List (1993)
309,6,1064,4.370886971589175,Crossfire (1947)
309,7,1554,4.369292097746157,Safe Passage (1994)
309,8,1642,4.343302470334428,Some Mother's Son (1996)
309,9,867,4.338641188769569,"Whole Wide World, The (1996)"
309,10,1189,4.337775929274513,Prefontaine (1997)
383,1,1449,5.0,Pather Panchali (1955)
383,2,1512,4.961939007501342,"World of Apu, The (Apur Sansar) (1959)"
383,3,1467,4.811919432665666,"Saint of Fort Washington, The (1993)"
383,4,1599,4.768726445808599,Someone Else's America (1995)
383,5,408,4.7300608802287325,"Close Shave, A (1995)"
383,6,318,4.7297381733798005,Schindler's List (1993)
383,7,867,4.728734323034938,"Whole Wide World, The (1996)"
383,8,1398,4.714655791697336,Anna (1996)
383,9,169,4.704874785447474,"Wrong Trousers, The (1993)"
383,10,64,4.701173477511887,"Shawshank Redemption, The (1994)"
390,1,1449,4.829151773875067,Pather Panchali (1955)
390,2,1467,4.7256650629573835,"Saint of Fort Washington, The (1993)"
390,3,174,4.72118054173536,Raiders of the Lost Ark (1981)
390,4,318,4.699559609910443,Schindler's List (1993)
390,5,1189,4.6830282989394085,Prefontaine (1997)
390,6,867,4.6718896204175175,"Whole Wide World, The (1996)"
390,7,1512,4.666435291040685,"World of Apu, The (Apur Sansar) (1959)"
390,8,64,4.661877452535672,"Shawshank Redemption, The (1994)"
390,9,1233,4.643314315696099,Nénette et Boni (1996)
390,10,50,4.635639447317845,Star Wars (1977)
382,1,1467,4.3757350194303,"Saint of Fort Washington, The (1993)"
382,2,1368,4.371088540020473,Mina Tannenbaum (1994)
382,3,1599,4.368965131959401,Someone Else's America (1995)
382,4,1449,4.367170096635391,Pather Panchali (1955)
382,5,1512,4.365228524564497,"World of Apu, The (Apur Sansar) (1959)"
382,6,867,4.3536643211130235,"Whole Wide World, The (1996)"
382,7,169,4.319372351694726,"Wrong Trousers, The (1993)"
382,8,851,4.291577932314515,Two or Three Things I Know About Her (1966)
382,9,1398,4.288938697279345,Anna (1996)
382,10,114,4.277051025977657,Wallace & Gromit: The Best of Aardman Animation (1996)
392,1,1449,4.908434608305558,Pather Panchali (1955)
392,2,1512,4.875343549165282,"World of Apu, The (Apur Sansar) (1959)"
392,3,867,4.745593860344361,"Whole Wide World, The (1996)"
392,4,1398,4.743125240638119,Anna (1996)
392,5,483,4.731070482101411,Casablanca (1942)
392,6,169,4.727159251094629,"Wrong Trousers, The (1993)"
392,7,1467,4.715075400985958,"Saint of Fort Washington, The (1993)"
392,8,119,4.696765212244146,Maya Lin: A Strong Clear Vision (1994)
392,9,408,4.664985456632066,"Close Shave, A (1995)"
392,10,12,4.647937575266453,"Usual Suspects, The (1995)"
376,1,1449,4.563582336922209,Pather Panchali (1955)
376,2,1512,4.423266700728882,"World of Apu, The (Apur Sansar) (1959)"
376,3,1467,4.393680527900794,"Saint of Fort Washington, The (1993)"
376,4,318,4.3411594197418575,Schindler's List (1993)
376,5,169,4.324298376318235,"Wrong Trousers, The (1993)"
376,6,408,4.315173048813873,"Close Shave, A (1995)"
376,7,483,4.291343825712375,Casablanca (1942)
376,8,867,4.277444142152067,"Whole Wide World, The (1996)"
376,9,64,4.26759992901214,"Shawshank Redemption, The (1994)"
376,10,1398,4.251281998619142,Anna (1996)
393,1,1449,4.56578789718211,Pather Panchali (1955)
393,2,1467,4.501544795768553,"Saint of Fort Washington, The (1993)"
393,3,318,4.396548504043021,Schindler's List (1993)
393,4,867,4.3812296943882805,"Whole Wide World, The (1996)"
393,5,1189,4.376252621539693,Prefontaine (1997)
393,6,1064,4.36248173414966,Crossfire (1947)
393,7,1512,4.320463093240997,"World of Apu, The (Apur Sansar) (1959)"
393,8,1450,4.280293894351685,Golden Earrings (1947)
393,9,174,4.2704087407666105,Raiders of the Lost Ark (1981)
393,10,1554,4.2452539134036575,Safe Passage (1994)
394,1,1449,5.0,Pather Panchali (1955)
394,2,1512,4.910125475874148,"World of Apu, The (Apur Sansar) (1959)"
394,3,1467,4.893483511362668,"Saint of Fort Washington, The (1993)"
394,4,169,4.835845641402204,"Wrong Trousers, The (1993)"
394,5,64,4.797059273835808,"Shawshank Redemption, The (1994)"
394,6,318,4.7747715894945495,Schindler's List (1993)
394,7,408,4.7710676323113095,"Close Shave, A (1995)"
394,8,867,4.72792431378024,"Whole Wide World, The (1996)"
394,9,114,4.696211358152752,Wallace & Gromit: The Best of Aardman Animation (1996)
394,10,1189,4.6927370385822975,Prefontaine (1997)
391,1,1449,4.658200380588308,Pather Panchali (1955)
391,2,1512,4.5345711832559115,"World of Apu, The (Apur Sansar) (1959)"
391,3,408,4.344514810826425,"Close Shave, A (1995)"
391,4,867,4.338921080318174,"Whole Wide World, The (1996)"
391,5,178,4.338819091262746,12 Angry Men (1957)
391,6,1599,4.32631938050706,Someone Else's America (1995)
391,7,603,4.309077292412229,Rear Window (1954)
391,8,1398,4.292069036958012,Anna (1996)
391,9,119,4.28006442933988,Maya Lin: A Strong Clear Vision (1994)
391,10,1467,4.27348342545912,"Saint of Fort Washington, The (1993)"
398,1,1449,4.503758670783564,Pather Panchali (1955)
398,2,1467,4.45947383295453,"Saint of Fort Washington, The (1993)"
398,3,318,4.4054582465861545,Schindler's List (1993)
398,4,1512,4.377233136238478,"World of Apu, The (Apur Sansar) (1959)"
398,5,1554,4.2867377394232795,Safe Passage (1994)
398,6,1189,4.278182358589058,Prefontaine (1997)
398,7,169,4.2737149522642826,"Wrong Trousers, The (1993)"
398,8,313,4.244429636514254,Titanic (1997)
398,9,1064,4.239128634954364,Crossfire (1947)
398,10,12,4.227472553810766,"Usual Suspects, The (1995)"
397,1,1449,4.790010619137381,Pather Panchali (1955)
397,2,1512,4.787885369231383,"World of Apu, The (Apur Sansar) (1959)"
397,3,127,4.662511630934954,"Godfather, The (1972)"
397,4,169,4.661810380606564,"Wrong Trousers, The (1993)"
397,5,408,4.622600632227803,"Close Shave, A (1995)"
397,6,187,4.614241850159752,"Godfather: Part II, The (1974)"
397,7,1467,4.607555566379766,"Saint of Fort Washington, The (1993)"
397,8,1142,4.577255088692773,When We Were Kings (1996)
397,9,119,4.569211048302294,Maya Lin: A Strong Clear Vision (1994)
397,10,64,4.56586240098309,"Shawshank Redemption, The (1994)"
396,1,1449,4.492417556779483,Pather Panchali (1955)
396,2,1467,4.4474171417458646,"Saint of Fort Washington, The (1993)"
396,3,1189,4.409304746727674,Prefontaine (1997)
396,4,318,4.392708533861277,Schindler's List (1993)
396,5,1064,4.372545081187458,Crossfire (1947)
396,6,64,4.345883957000818,"Shawshank Redemption, The (1994)"
396,7,867,4.339648634260419,"Whole Wide World, The (1996)"
396,8,174,4.293450804746282,Raiders of the Lost Ark (1981)
396,9,966,4.291764857703209,"Affair to Remember, An (1957)"
396,10,313,4.284450830727403,Titanic (1997)
369,1,1449,5.0,Pather Panchali (1955)
369,2,1467,4.948494803419095,"Saint of Fort Washington, The (1993)"
369,3,1512,4.939397576120998,"World of Apu, The (Apur Sansar) (1959)"
369,4,169,4.910498976937078,"Wrong Trousers, The (1993)"
369,5,318,4.870370148806729,Schindler's List (1993)
369,6,64,4.868567505195379,"Shawshank Redemption, The (1994)"
369,7,1189,4.8512999745850935,Prefontaine (1997)
369,8,408,4.811590654349925,"Close Shave, A (1995)"
369,9,174,4.80848551302554,Raiders of the Lost Ark (1981)
369,10,1450,4.790369188224915,Golden Earrings (1947)
401,1,1449,4.018025122261028,Pather Panchali (1955)
401,2,1467,3.888916094999594,"Saint of Fort Washington, The (1993)"
401,3,1064,3.831091458478878,Crossfire (1947)
401,4,1189,3.785063580993616,Prefontaine (1997)
401,5,1554,3.784221537387912,Safe Passage (1994)
401,6,1512,3.7676121718907494,"World of Apu, The (Apur Sansar) (1959)"
401,7,1639,3.751441210050178,Bitter Sugar (Azucar Amargo) (1996)
401,8,320,3.740870490328596,Paradise Lost: The Child Murders at Robin Hood Hills (1996)
401,9,483,3.721629670612895,Casablanca (1942)
401,10,313,3.7132365925361777,Titanic (1997)
399,1,1449,4.138772108694136,Pather Panchali (1955)
399,2,1467,4.032053018046349,"Saint of Fort Washington, The (1993)"
399,3,1512,3.975523689153588,"World of Apu, The (Apur Sansar) (1959)"
399,4,1064,3.885268191302214,Crossfire (1947)
399,5,169,3.8829429979990664,"Wrong Trousers, The (1993)"
399,6,867,3.878707837070804,"Whole Wide World, The (1996)"
399,7,1599,3.859827742586577,Someone Else's America (1995)
399,8,1189,3.85080725243019,Prefontaine (1997)
399,9,408,3.8326672361223033,"Close Shave, A (1995)"
399,10,483,3.827221328270611,Casablanca (1942)
402,1,1449,4.843589734503328,Pather Panchali (1955)
402,2,1512,4.717270918014452,"World of Apu, The (Apur Sansar) (1959)"
402,3,318,4.716424241190847,Schindler's List (1993)
402,4,1467,4.712923137677664,"Saint of Fort Washington, The (1993)"
402,5,64,4.68237140302051,"Shawshank Redemption, The (1994)"
402,6,1189,4.636088342336542,Prefontaine (1997)
402,7,169,4.628006231355564,"Wrong Trousers, The (1993)"
402,8,174,4.6219091532126635,Raiders of the Lost Ark (1981)
402,9,867,4.6113644704000984,"Whole Wide World, The (1996)"
402,10,178,4.565102847635045,12 Angry Men (1957)
384,1,1467,5.0,"Saint of Fort Washington, The (1993)"
384,2,1449,5.0,Pather Panchali (1955)
384,3,867,4.952226410135847,"Whole Wide World, The (1996)"
384,4,318,4.942919327298769,Schindler's List (1993)
384,5,1512,4.928951239690613,"World of Apu, The (Apur Sansar) (1959)"
384,6,64,4.885777630811482,"Shawshank Redemption, The (1994)"
384,7,1599,4.884939096187164,Someone Else's America (1995)
384,8,169,4.883160140488095,"Wrong Trousers, The (1993)"
384,9,408,4.87575028574218,"Close Shave, A (1995)"
384,10,1398,4.85808759038239,Anna (1996)
395,1,1449,4.8485716207331375,Pather Panchali (1955)
395,2,1512,4.651362975115652,"World of Apu, The (Apur Sansar) (1959)"
395,3,408,4.634616691730848,"Close Shave, A (1995)"
395,4,483,4.631659309314937,Casablanca (1942)
395,5,169,4.605748009761434,"Wrong Trousers, The (1993)"
395,6,867,4.597426710688101,"Whole Wide World, The (1996)"
395,7,114,4.51706235408457,Wallace & Gromit: The Best of Aardman Animation (1996)
395,8,1189,4.516951059592298,Prefontaine (1997)
395,9,119,4.516021111934314,Maya Lin: A Strong Clear Vision (1994)
395,10,1467,4.502474054457677,"Saint of Fort Washington, The (1993)"
353,1,1449,4.7974425212597795,Pather Panchali (1955)
353,2,1512,4.743950644749918,"World of Apu, The (Apur Sansar) (1959)"
353,3,318,4.621816903864432,Schindler's List (1993)
353,4,64,4.564980049550192,"Shawshank Redemption, The (1994)"
353,5,178,4.560516412917813,12 Angry Men (1957)
353,6,408,4.498549236577316,"Close Shave, A (1995)"
353,7,603,4.479826615771166,Rear Window (1954)
353,8,1467,4.470503279775564,"Saint of Fort Washington, The (1993)"
353,9,357,4.465503076669151,One Flew Over the Cuckoo's Nest (1975)
353,10,1398,4.465089455873543,Anna (1996)
403,1,1449,4.582826058418159,Pather Panchali (1955)
403,2,1467,4.485036014189877,"Saint of Fort Washington, The (1993)"
403,3,318,4.431003876353149,Schindler's List (1993)
403,4,174,4.417920308628309,Raiders of the Lost Ark (1981)
403,5,64,4.4007673918555215,"Shawshank Redemption, The (1994)"
403,6,1064,4.381255282273789,Crossfire (1947)
403,7,867,4.379958081797891,"Whole Wide World, The (1996)"
403,8,1512,4.371251251971057,"World of Apu, The (Apur Sansar) (1959)"
403,9,966,4.362680771706743,"Affair to Remember, An (1957)"
403,10,1554,4.361829095734265,Safe Passage (1994)
405,1,1189,3.259094790801889,Prefontaine (1997)
405,2,1467,3.2297759611875905,"Saint of Fort Washington, The (1993)"
405,3,1450,3.1715663119362043,Golden Earrings (1947)
405,4,496,3.1450810872387627,It's a Wonderful Life (1946)
405,5,22,3.097753217352564,Braveheart (1995)
405,6,613,3.0946408967775163,My Man Godfrey (1936)
405,7,143,3.0691465902403885,"Sound of Music, The (1965)"
405,8,96,3.0668849432947316,Terminator 2: Judgment Day (1991)
405,9,1449,3.060440305075171,Pather Panchali (1955)
405,10,83,3.0509843672679486,Much Ado About Nothing (1993)
400,1,1449,4.7878420867136695,Pather Panchali (1955)
400,2,1467,4.699608255359678,"Saint of Fort Washington, The (1993)"
400,3,64,4.635379931661105,"Shawshank Redemption, The (1994)"
400,4,169,4.623175706092287,"Wrong Trousers, The (1993)"
400,5,1512,4.616546270131704,"World of Apu, The (Apur Sansar) (1959)"
400,6,318,4.6027441701663365,Schindler's List (1993)
400,7,867,4.568784882427616,"Whole Wide World, The (1996)"
400,8,408,4.549050462315487,"Close Shave, A (1995)"
400,9,178,4.535637920034847,12 Angry Men (1957)
400,10,1189,4.534729260679807,Prefontaine (1997)
406,1,1449,4.538166862518954,Pather Panchali (1955)
406,2,1512,4.487712822194508,"World of Apu, The (Apur Sansar) (1959)"
406,3,1467,4.485993990179971,"Saint of Fort Washington, The (1993)"
406,4,169,4.317608010858338,"Wrong Trousers, The (1993)"
406,5,1064,4.284033553951457,Crossfire (1947)
406,6,1599,4.268281038644975,Someone Else's America (1995)
406,7,1398,4.2523198352897635,Anna (1996)
406,8,603,4.2458387235675135,Rear Window (1954)
406,9,867,4.244049153432289,"Whole Wide World, The (1996)"
406,10,178,4.243592065907384,12 Angry Men (1957)
407,1,1449,4.569925328164034,Pather Panchali (1955)
407,2,1512,4.533455794367503,"World of Apu, The (Apur Sansar) (1959)"
407,3,1467,4.432646801899397,"Saint of Fort Washington, The (1993)"
407,4,114,4.3371249522533875,Wallace & Gromit: The Best of Aardman Animation (1996)
407,5,12,4.318462199383349,"Usual Suspects, The (1995)"
407,6,867,4.307443950019188,"Whole Wide World, The (1996)"
407,7,318,4.3018468850608444,Schindler's List (1993)
407,8,64,4.290614956672192,"Shawshank Redemption, The (1994)"
407,9,1599,4.281083194425368,Someone Else's America (1995)
407,10,119,4.26726368174692,Maya Lin: A Strong Clear Vision (1994)
404,1,1449,4.7089118678364095,Pather Panchali (1955)
404,2,169,4.4818953371283,"Wrong Trousers, The (1993)"
404,3,1467,4.46107928934931,"Saint of Fort Washington, The (1993)"
404,4,1233,4.458439419417574,Nénette et Boni (1996)
404,5,1512,4.438320632333281,"World of Apu, The (Apur Sansar) (1959)"
404,6,318,4.43674458826808,Schindler's List (1993)
404,7,64,4.405809036097142,"Shawshank Redemption, The (1994)"
404,8,1189,4.384156983899201,Prefontaine (1997)
404,9,174,4.349105595155448,Raiders of the Lost Ark (1981)
404,10,12,4.332386005197803,"Usual Suspects, The (1995)"
409,1,169,4.333048144996225,"Wrong Trousers, The (1993)"
409,2,408,4.28129071029872,"Close Shave, A (1995)"
409,3,64,4.230257116947154,"Shawshank Redemption, The (1994)"
409,4,1467,4.22328278822518,"Saint of Fort Washington, The (1993)"
409,5,114,4.219119655383161,Wallace & Gromit: The Best of Aardman Animation (1996)
409,6,272,4.210836887383605,Good Will Hunting (1997)
409,7,867,4.206466124284006,"Whole Wide World, The (1996)"
409,8,1599,4.202186819179871,Someone Else's America (1995)
409,9,1398,4.201054805409694,Anna (1996)
409,10,1189,4.19823392239277,Prefontaine (1997)
413,1,1449,4.695217138554626,Pather Panchali (1955)
413,2,1512,4.564908904994671,"World of Apu, The (Apur Sansar) (1959)"
413,3,408,4.539189136367703,"Close Shave, A (1995)"
413,4,483,4.50936240861693,Casablanca (1942)
413,5,318,4.506082131483315,Schindler's List (1993)
413,6,169,4.431776487610768,"Wrong Trousers, The (1993)"
413,7,867,4.429500046072125,"Whole Wide World, The (1996)"
413,8,114,4.4073736484392425,Wallace & Gromit: The Best of Aardman Animation (1996)
413,9,1398,4.391674742467433,Anna (1996)
413,10,242,4.388364264802457,Kolya (1996)
416,1,1449,4.936023644163455,Pather Panchali (1955)
416,2,1467,4.794332427547787,"Saint of Fort Washington, The (1993)"
416,3,1512,4.737364129601644,"World of Apu, The (Apur Sansar) (1959)"
416,4,169,4.6792214933465335,"Wrong Trousers, The (1993)"
416,5,313,4.660006137423028,Titanic (1997)
416,6,1554,4.648931072702015,Safe Passage (1994)
416,7,483,4.642033455687003,Casablanca (1942)
416,8,1064,4.634604278638456,Crossfire (1947)
416,9,408,4.613356134600716,"Close Shave, A (1995)"
416,10,1450,4.604930880968493,Golden Earrings (1947)
408,1,867,4.73050780599354,"Whole Wide World, The (1996)"
408,2,1449,4.703909489949591,Pather Panchali (1955)
408,3,1467,4.64316228772037,"Saint of Fort Washington, The (1993)"
408,4,169,4.6175545548305035,"Wrong Trousers, The (1993)"
408,5,1398,4.581408717516913,Anna (1996)
408,6,119,4.545066439453803,Maya Lin: A Strong Clear Vision (1994)
408,7,483,4.53467582220007,Casablanca (1942)
408,8,1599,4.5249104497823005,Someone Else's America (1995)
408,9,50,4.524908984818009,Star Wars (1977)
408,10,1642,4.501853686516734,Some Mother's Son (1996)
410,1,1467,4.327981413674142,"Saint of Fort Washington, The (1993)"
410,2,1449,4.2521987617003845,Pather Panchali (1955)
410,3,318,4.207890785814358,Schindler's List (1993)
410,4,1512,4.19559892269407,"World of Apu, The (Apur Sansar) (1959)"
410,5,1599,4.165491750718275,Someone Else's America (1995)
410,6,64,4.140337519512219,"Shawshank Redemption, The (1994)"
410,7,1189,4.1164049017602435,Prefontaine (1997)
410,8,867,4.099141229013529,"Whole Wide World, The (1996)"
410,9,12,4.08519425971701,"Usual Suspects, The (1995)"
410,10,169,4.0655104520169365,"Wrong Trousers, The (1993)"
417,1,1449,4.426511643421535,Pather Panchali (1955)
417,2,1467,4.408500301847217,"Saint of Fort Washington, The (1993)"
417,3,1512,4.3563695907136815,"World of Apu, The (Apur Sansar) (1959)"
417,4,318,4.327591640243955,Schindler's List (1993)
417,5,1189,4.213929807875417,Prefontaine (1997)
417,6,408,4.197287085434507,"Close Shave, A (1995)"
417,7,1450,4.194712568055717,Golden Earrings (1947)
417,8,1064,4.17200649736363,Crossfire (1947)
417,9,867,4.1634867122823485,"Whole Wide World, The (1996)"
417,10,114,4.1561010392951045,Wallace & Gromit: The Best of Aardman Animation (1996)
412,1,1449,4.659836677088756,Pather Panchali (1955)
412,2,1467,4.5969447216416555,"Saint of Fort Washington, The (1993)"
412,3,1512,4.540255947789223,"World of Apu, The (Apur Sansar) (1959)"
412,4,1642,4.406632981241167,Some Mother's Son (1996)
412,5,1064,4.393562410425748,Crossfire (1947)
412,6,50,4.3917108720889,Star Wars (1977)
412,7,1189,4.387771757109889,Prefontaine (1997)
412,8,483,4.376105452515586,Casablanca (1942)
412,9,12,4.371995830772547,"Usual Suspects, The (1995)"
412,10,1450,4.348667923480213,Golden Earrings (1947)
420,1,1449,4.900256888156913,Pather Panchali (1955)
420,2,1512,4.8635554001248185,"World of Apu, The (Apur Sansar) (1959)"
420,3,169,4.642406559396012,"Wrong Trousers, The (1993)"
420,4,1398,4.6297543983908005,Anna (1996)
420,5,1467,4.596263701413359,"Saint of Fort Washington, The (1993)"
420,6,1193,4.5919270317130225,Before the Rain (Pred dozhdot) (1994)
420,7,318,4.590802457894327,Schindler's List (1993)
420,8,483,4.582386215319555,Casablanca (1942)
420,9,851,4.580651980781071,Two or Three Things I Know About Her (1966)
420,10,114,4.577048664178237,Wallace & Gromit: The Best of Aardman Animation (1996)
422,1,1449,4.741535879971454,Pather Panchali (1955)
422,2,1512,4.613975138383666,"World of Apu, The (Apur Sansar) (1959)"
422,3,318,4.4708523467074395,Schindler's List (1993)
422,4,169,4.449074575082024,"Wrong Trousers, The (1993)"
422,5,1599,4.447773936890046,Someone Else's America (1995)
422,6,603,4.433108998019252,Rear Window (1954)
422,7,64,4.428140258161592,"Shawshank Redemption, The (1994)"
422,8,178,4.424776814490022,12 Angry Men (1957)
422,9,408,4.417819621329474,"Close Shave, A (1995)"
422,10,1467,4.417173027625058,"Saint of Fort Washington, The (1993)"
411,1,1449,4.534755573877637,Pather Panchali (1955)
411,2,1467,4.417365802711103,"Saint of Fort Washington, The (1993)"
411,3,64,4.381577571928645,"Shawshank Redemption, The (1994)"
411,4,1512,4.372358471029145,"World of Apu, The (Apur Sansar) (1959)"
411,5,1554,4.370083491199414,Safe Passage (1994)
411,6,867,4.360215002150149,"Whole Wide World, The (1996)"
411,7,169,4.354107577705645,"Wrong Trousers, The (1993)"
411,8,1189,4.320675851924125,Prefontaine (1997)
411,9,408,4.304069420212155,"Close Shave, A (1995)"
411,10,1064,4.292359966602064,Crossfire (1947)
425,1,1449,4.1720957515343535,Pather Panchali (1955)
425,2,1512,4.143613331007986,"World of Apu, The (Apur Sansar) (1959)"
425,3,119,3.9725669613528427,Maya Lin: A Strong Clear Vision (1994)
425,4,1467,3.94943046906564,"Saint of Fort Washington, The (1993)"
425,5,169,3.9463700620016917,"Wrong Trousers, The (1993)"
425,6,867,3.9287687578796033,"Whole Wide World, The (1996)"
425,7,320,3.899249871521428,Paradise Lost: The Child Murders at Robin Hood Hills (1996)
425,8,408,3.8893278128833484,"Close Shave, A (1995)"
425,9,1398,3.8886998318420454,Anna (1996)
425,10,603,3.871497700669579,Rear Window (1954)
419,1,1449,4.713855652260702,Pather Panchali (1955)
419,2,1467,4.7017333380389745,"Saint of Fort Washington, The (1993)"
419,3,318,4.663347019060343,Schindler's List (1993)
419,4,1512,4.642992595637825,"World of Apu, The (Apur Sansar) (1959)"
419,5,64,4.625534992856426,"Shawshank Redemption, The (1994)"
419,6,1189,4.582073069541376,Prefontaine (1997)
419,7,169,4.561574756321553,"Wrong Trousers, The (1993)"
419,8,1599,4.552250824840962,Someone Else's America (1995)
419,9,1554,4.546800686940184,Safe Passage (1994)
419,10,178,4.540544558561432,12 Angry Men (1957)
415,1,1512,4.867417935844781,"World of Apu, The (Apur Sansar) (1959)"
415,2,1449,4.862338504295326,Pather Panchali (1955)
415,3,1467,4.788501489395816,"Saint of Fort Washington, The (1993)"
415,4,169,4.746499689941393,"Wrong Trousers, The (1993)"
415,5,1642,4.725892183545927,Some Mother's Son (1996)
415,6,318,4.667199713092499,Schindler's List (1993)
415,7,1639,4.659729390091069,Bitter Sugar (Azucar Amargo) (1996)
415,8,119,4.647866911959536,Maya Lin: A Strong Clear Vision (1994)
415,9,408,4.6445364412938375,"Close Shave, A (1995)"
415,10,114,4.624608270330828,Wallace & Gromit: The Best of Aardman Animation (1996)
423,1,1449,4.903111133821191,Pather Panchali (1955)
423,2,1512,4.836146919138619,"World of Apu, The (Apur Sansar) (1959)"
423,3,408,4.670529289223388,"Close Shave, A (1995)"
423,4,318,4.630516971896476,Schindler's List (1993)
423,5,1467,4.6139528805814765,"Saint of Fort Washington, The (1993)"
423,6,867,4.597765613136578,"Whole Wide World, The (1996)"
423,7,483,4.596076754657541,Casablanca (1942)
423,8,169,4.588143647321876,"Wrong Trousers, The (1993)"
423,9,178,4.587332588804411,12 Angry Men (1957)
423,10,1599,4.580756214881206,Someone Else's America (1995)
429,1,1449,4.508828644040848,Pather Panchali (1955)
429,2,1512,4.456717881420447,"World of Apu, The (Apur Sansar) (1959)"
429,3,1467,4.339331824132227,"Saint of Fort Washington, The (1993)"
429,4,169,4.289960302403707,"Wrong Trousers, The (1993)"
429,5,408,4.237133170580062,"Close Shave, A (1995)"
429,6,867,4.199623910232618,"Whole Wide World, The (1996)"
429,7,1599,4.197518057667642,Someone Else's America (1995)
429,8,483,4.192612829220574,Casablanca (1942)
429,9,119,4.1670710371611825,Maya Lin: A Strong Clear Vision (1994)
429,10,1189,4.1558796950114445,Prefontaine (1997)
428,1,1449,4.963735452542108,Pather Panchali (1955)
428,2,1467,4.952058956351236,"Saint of Fort Washington, The (1993)"
428,3,318,4.893491426935453,Schindler's List (1993)
428,4,408,4.885018662348849,"Close Shave, A (1995)"
428,5,64,4.864143621963795,"Shawshank Redemption, The (1994)"
428,6,867,4.847998142471791,"Whole Wide World, The (1996)"
428,7,169,4.826479086438094,"Wrong Trousers, The (1993)"
428,8,1450,4.800617238481595,Golden Earrings (1947)
428,9,1189,4.797064095027162,Prefontaine (1997)
428,10,1512,4.7700215014418434,"World of Apu, The (Apur Sansar) (1959)"
427,1,1131,5.0,Safe (1995)
427,2,646,5.0,Once Upon a Time in the West (1969)
427,3,408,5.0,"Close Shave, A (1995)"
427,4,317,5.0,In the Name of the Father (1993)
427,5,1158,5.0,"Fille seule, La (A Single Girl) (1995)"
427,6,701,5.0,"Wonderful, Horrible Life of Leni Riefenstahl, The (1993)"
427,7,251,5.0,Shall We Dance? (1996)
427,8,1122,5.0,They Made Me a Criminal (1939)
427,9,134,5.0,Citizen Kane (1941)
427,10,641,5.0,Paths of Glory (1957)
418,1,1467,3.965133806226349,"Saint of Fort Washington, The (1993)"
418,2,1398,3.8384629486242963,Anna (1996)
418,3,1512,3.741830958479307,"World of Apu, The (Apur Sansar) (1959)"
418,4,272,3.7378228637049773,Good Will Hunting (1997)
418,5,867,3.7359671095949096,"Whole Wide World, The (1996)"
418,6,64,3.7095625113476167,"Shawshank Redemption, The (1994)"
418,7,1449,3.679075492940854,Pather Panchali (1955)
418,8,178,3.677495619000722,12 Angry Men (1957)
418,9,127,3.6417686208749984,"Godfather, The (1972)"
418,10,1189,3.6337983422712634,Prefontaine (1997)
424,1,1449,4.6072405172929685,Pather Panchali (1955)
424,2,1599,4.386705114055351,Someone Else's America (1995)
424,3,1189,4.367031362976154,Prefontaine (1997)
424,4,512,4.311236220127106,Wings of Desire (1987)
424,5,1512,4.2917572957047385,"World of Apu, The (Apur Sansar) (1959)"
424,6,1064,4.280880659699928,Crossfire (1947)
424,7,1367,4.277709104747181,Faust (1994)
424,8,318,4.263174701619739,Schindler's List (1993)
424,9,114,4.260110253587464,Wallace & Gromit: The Best of Aardman Animation (1996)
424,10,408,4.260064722424293,"Close Shave, A (1995)"
432,1,1449,4.737999870580091,Pather Panchali (1955)
432,2,318,4.6810350512990695,Schindler's List (1993)
432,3,1189,4.662514100207748,Prefontaine (1997)
432,4,64,4.640775676260859,"Shawshank Redemption, The (1994)"
432,5,1467,4.62025748706086,"Saint of Fort Washington, The (1993)"
432,6,1450,4.559953985243744,Golden Earrings (1947)
432,7,1064,4.547160382057652,Crossfire (1947)
432,8,1512,4.541070011506478,"World of Apu, The (Apur Sansar) (1959)"
432,9,174,4.496842867126259,Raiders of the Lost Ark (1981)
432,10,178,4.478109132190329,12 Angry Men (1957)
421,1,1449,4.538992215077601,Pather Panchali (1955)
421,2,1467,4.475524080724601,"Saint of Fort Washington, The (1993)"
421,3,169,4.447710879175436,"Wrong Trousers, The (1993)"
421,4,1189,4.376024310571037,Prefontaine (1997)
421,5,64,4.336930191736745,"Shawshank Redemption, The (1994)"
421,6,867,4.315312210528756,"Whole Wide World, The (1996)"
421,7,313,4.314075428334618,Titanic (1997)
421,8,1512,4.310645044765222,"World of Apu, The (Apur Sansar) (1959)"
421,9,1064,4.3042381205572,Crossfire (1947)
421,10,50,4.299268132380143,Star Wars (1977)
435,1,1449,4.591300414130453,Pather Panchali (1955)
435,2,1512,4.572089457268886,"World of Apu, The (Apur Sansar) (1959)"
435,3,1467,4.473477922554125,"Saint of Fort Washington, The (1993)"
435,4,408,4.3512313751192675,"Close Shave, A (1995)"
435,5,114,4.336789739755103,Wallace & Gromit: The Best of Aardman Animation (1996)
435,6,50,4.281712935550547,Star Wars (1977)
435,7,178,4.280463598633086,12 Angry Men (1957)
435,8,867,4.279302340605415,"Whole Wide World, The (1996)"
435,9,1189,4.2604469686913395,Prefontaine (1997)
435,10,272,4.2475518810651725,Good Will Hunting (1997)
433,1,1512,4.86130366723413,"World of Apu, The (Apur Sansar) (1959)"
433,2,1449,4.791352483458765,Pather Panchali (1955)
433,3,408,4.706609723029503,"Close Shave, A (1995)"
433,4,169,4.584431546767343,"Wrong Trousers, The (1993)"
433,5,114,4.5694825143848545,Wallace & Gromit: The Best of Aardman Animation (1996)
433,6,483,4.517837824387808,Casablanca (1942)
433,7,654,4.487300746925458,Chinatown (1974)
433,8,127,4.465822161846865,"Godfather, The (1972)"
433,9,474,4.465188055563452,Dr. Strangelove or: How I Learned to Stop Worrying and Love the Bomb (1963)
433,10,511,4.460158862381482,Lawrence of Arabia (1962)
436,1,1449,4.798797852515013,Pather Panchali (1955)
436,2,1512,4.643589115522045,"World of Apu, The (Apur Sansar) (1959)"
436,3,1467,4.638028198067491,"Saint of Fort Washington, The (1993)"
436,4,169,4.570923625948078,"Wrong Trousers, The (1993)"
436,5,64,4.563681009153264,"Shawshank Redemption, The (1994)"
436,6,1450,4.54326321043193,Golden Earrings (1947)
436,7,1064,4.530760805335551,Crossfire (1947)
436,8,318,4.521283883927025,Schindler's List (1993)
436,9,12,4.485025182212358,"Usual Suspects, The (1995)"
436,10,1189,4.464050039257134,Prefontaine (1997)
430,1,1449,4.3777802419216485,Pather Panchali (1955)
430,2,1467,4.310094907830349,"Saint of Fort Washington, The (1993)"
430,3,1512,4.253114681088679,"World of Apu, The (Apur Sansar) (1959)"
430,4,1599,4.248336571446299,Someone Else's America (1995)
430,5,867,4.235277539983046,"Whole Wide World, The (1996)"
430,6,408,4.215162621264922,"Close Shave, A (1995)"
430,7,483,4.189615116098453,Casablanca (1942)
430,8,1189,4.186219844471126,Prefontaine (1997)
430,9,169,4.177523799945719,"Wrong Trousers, The (1993)"
430,10,1064,4.157236898932684,Crossfire (1947)
426,1,1449,4.542790782736277,Pather Panchali (1955)
426,2,1512,4.401723355883564,"World of Apu, The (Apur Sansar) (1959)"
426,3,1467,4.348652436606394,"Saint of Fort Washington, The (1993)"
426,4,169,4.337747236077434,"Wrong Trousers, The (1993)"
426,5,64,4.29509201345375,"Shawshank Redemption, The (1994)"
426,6,1064,4.2866212920407545,Crossfire (1947)
426,7,408,4.266481944661824,"Close Shave, A (1995)"
426,8,867,4.261170738849413,"Whole Wide World, The (1996)"
426,9,1599,4.245551437428461,Someone Else's America (1995)
426,10,178,4.242854599935932,12 Angry Men (1957)
437,1,1449,4.491681918583277,Pather Panchali (1955)
437,2,1512,4.395560033562224,"World of Apu, The (Apur Sansar) (1959)"
437,3,867,4.308336169537254,"Whole Wide World, The (1996)"
437,4,1554,4.304027068866027,Safe Passage (1994)
437,5,408,4.2907371588519565,"Close Shave, A (1995)"
437,6,1189,4.2737633883042685,Prefontaine (1997)
437,7,178,4.25520019595831,12 Angry Men (1957)
437,8,169,4.234861347112257,"Wrong Trousers, The (1993)"
437,9,1064,4.220058525971031,Crossfire (1947)
437,10,119,4.207363682330342,Maya Lin: A Strong Clear Vision (1994)
438,1,1189,4.981584464610801,Prefontaine (1997)
438,2,1467,4.961834469834106,"Saint of Fort Washington, The (1993)"
438,3,1449,4.94593604000308,Pather Panchali (1955)
438,4,174,4.9359203219021035,Raiders of the Lost Ark (1981)
438,5,313,4.885747395446556,Titanic (1997)
438,6,64,4.875533173174294,"Shawshank Redemption, The (1994)"
438,7,867,4.860474865458932,"Whole Wide World, The (1996)"
438,8,1064,4.860124561824003,Crossfire (1947)
438,9,966,4.859281464612753,"Affair to Remember, An (1957)"
438,10,318,4.852419679123372,Schindler's List (1993)
431,1,1467,4.499693078119792,"Saint of Fort Washington, The (1993)"
431,2,1449,4.447134811059664,Pather Panchali (1955)
431,3,318,4.362546439656721,Schindler's List (1993)
431,4,64,4.334984005082024,"Shawshank Redemption, The (1994)"
431,5,169,4.295557607184093,"Wrong Trousers, The (1993)"
431,6,1189,4.294253717483919,Prefontaine (1997)
431,7,1512,4.2844323126840465,"World of Apu, The (Apur Sansar) (1959)"
431,8,1450,4.281852562998468,Golden Earrings (1947)
431,9,313,4.259987052904936,Titanic (1997)
431,10,1064,4.247815898628023,Crossfire (1947)
434,1,1467,4.993253846372278,"Saint of Fort Washington, The (1993)"
434,2,313,4.877407351836443,Titanic (1997)
434,3,1233,4.7942428492016775,Nénette et Boni (1996)
434,4,64,4.742048589924881,"Shawshank Redemption, The (1994)"
434,5,1636,4.74157611621088,Brothers in Trouble (1995)
434,6,867,4.714287260677311,"Whole Wide World, The (1996)"
434,7,1500,4.703487597231728,Santa with Muscles (1996)
434,8,318,4.702770042739132,Schindler's List (1993)
434,9,1189,4.6739649845300635,Prefontaine (1997)
434,10,1064,4.651588761426825,Crossfire (1947)
442,1,1449,4.375898703262296,Pather Panchali (1955)
442,2,1512,4.334088080490344,"World of Apu, The (Apur Sansar) (1959)"
442,3,1467,4.242032176800578,"Saint of Fort Washington, The (1993)"
442,4,169,4.196375326020975,"Wrong Trousers, The (1993)"
442,5,408,4.1399561330274,"Close Shave, A (1995)"
442,6,114,4.129122806377014,Wallace & Gromit: The Best of Aardman Animation (1996)
442,7,119,4.104016194915996,Maya Lin: A Strong Clear Vision (1994)
442,8,1599,4.102402438682529,Someone Else's America (1995)
442,9,603,4.102107650161323,Rear Window (1954)
442,10,178,4.100244822924656,12 Angry Men (1957)
440,1,1449,5.0,Pather Panchali (1955)
440,2,1512,5.0,"World of Apu, The (Apur Sansar) (1959)"
440,3,1639,4.899294926221041,Bitter Sugar (Azucar Amargo) (1996)
440,4,408,4.86633777532068,"Close Shave, A (1995)"
440,5,1467,4.861095824665512,"Saint of Fort Washington, The (1993)"
440,6,320,4.785446305949809,Paradise Lost: The Child Murders at Robin Hood Hills (1996)
440,7,318,4.782316297896532,Schindler's List (1993)
440,8,178,4.736323662242605,12 Angry Men (1957)
440,9,169,4.727519179782827,"Wrong Trousers, The (1993)"
440,10,1398,4.710183766147843,Anna (1996)
445,1,1449,3.372675122861034,Pather Panchali (1955)
445,2,1512,3.2885048849888467,"World of Apu, The (Apur Sansar) (1959)"
445,3,318,3.193381308741448,Schindler's List (1993)
445,4,1467,3.1498330012176607,"Saint of Fort Washington, The (1993)"
445,5,1642,3.135753127485979,Some Mother's Son (1996)
445,6,483,3.1027755448907257,Casablanca (1942)
445,7,357,3.102425968112976,One Flew Over the Cuckoo's Nest (1975)
445,8,169,3.070606726501984,"Wrong Trousers, The (1993)"
445,9,178,3.0684794752574667,12 Angry Men (1957)
445,10,603,3.0536324238809454,Rear Window (1954)
447,1,1449,4.581662991906946,Pather Panchali (1955)
447,2,1467,4.492181481250669,"Saint of Fort Washington, The (1993)"
447,3,1512,4.458285184088041,"World of Apu, The (Apur Sansar) (1959)"
447,4,169,4.445121952087834,"Wrong Trousers, The (1993)"
447,5,64,4.400019397587826,"Shawshank Redemption, The (1994)"
447,6,318,4.35269169895103,Schindler's List (1993)
447,7,408,4.348468503596384,"Close Shave, A (1995)"
447,8,867,4.345433585747853,"Whole Wide World, The (1996)"
447,9,172,4.329929018808476,"Empire Strikes Back, The (1980)"
447,10,1189,4.327535879769378,Prefontaine (1997)
449,1,1449,4.86675618992218,Pather Panchali (1955)
449,2,1512,4.819667727602014,"World of Apu, The (Apur Sansar) (1959)"
449,3,408,4.712637007421981,"Close Shave, A (1995)"
449,4,851,4.676693170926317,Two or Three Things I Know About Her (1966)
449,5,512,4.6282715673881425,Wings of Desire (1987)
449,6,119,4.576734350364654,Maya Lin: A Strong Clear Vision (1994)
449,7,474,4.564514228753032,Dr. Strangelove or: How I Learned to Stop Worrying and Love the Bomb (1963)
449,8,1599,4.551118630987845,Someone Else's America (1995)
449,9,169,4.538962147025453,"Wrong Trousers, The (1993)"
449,10,1021,4.534966247390143,8 1/2 (1963)
450,1,1449,4.902503611126984,Pather Panchali (1955)
450,2,1467,4.797380613724227,"Saint of Fort Washington, The (1993)"
450,3,1512,4.722568049839738,"World of Apu, The (Apur Sansar) (1959)"
450,4,867,4.659346306294866,"Whole Wide World, The (1996)"
450,5,1189,4.648995148791165,Prefontaine (1997)
450,6,1064,4.635178270804918,Crossfire (1947)
450,7,408,4.607316476440774,"Close Shave, A (1995)"
450,8,12,4.569462945910332,"Usual Suspects, The (1995)"
450,9,1599,4.569329778374338,Someone Else's America (1995)
450,10,1398,4.569285071454276,Anna (1996)
446,1,1449,4.040247114964861,Pather Panchali (1955)
446,2,867,3.9275683551442855,"Whole Wide World, The (1996)"
446,3,1512,3.8832172722511,"World of Apu, The (Apur Sansar) (1959)"
446,4,408,3.866304248911966,"Close Shave, A (1995)"
446,5,1398,3.841438644550943,Anna (1996)
446,6,318,3.812770966639208,Schindler's List (1993)
446,7,1599,3.8062564967868684,Someone Else's America (1995)
446,8,483,3.786664826184422,Casablanca (1942)
446,9,169,3.7792018717508498,"Wrong Trousers, The (1993)"
446,10,1467,3.765479140315468,"Saint of Fort Washington, The (1993)"
439,1,1449,4.736980202968797,Pather Panchali (1955)
439,2,1512,4.609754448554058,"World of Apu, The (Apur Sansar) (1959)"
439,3,408,4.561339413119898,"Close Shave, A (1995)"
439,4,318,4.544042734089014,Schindler's List (1993)
439,5,1467,4.532736173574248,"Saint of Fort Washington, The (1993)"
439,6,169,4.527874532130207,"Wrong Trousers, The (1993)"
439,7,483,4.496412572252919,Casablanca (1942)
439,8,178,4.483607038222164,12 Angry Men (1957)
439,9,867,4.476451405465174,"Whole Wide World, The (1996)"
439,10,1599,4.47459018596991,Someone Else's America (1995)
451,1,1467,4.4407137093379445,"Saint of Fort Washington, The (1993)"
451,2,313,4.377553014144349,Titanic (1997)
451,3,1449,4.324972942499251,Pather Panchali (1955)
451,4,1450,4.292621762674576,Golden Earrings (1947)
451,5,64,4.253595740736785,"Shawshank Redemption, The (1994)"
451,6,1189,4.208004417840427,Prefontaine (1997)
451,7,1064,4.198118344110127,Crossfire (1947)
451,8,169,4.1516818991528055,"Wrong Trousers, The (1993)"
451,9,318,4.150802296651379,Schindler's List (1993)
451,10,641,4.109165139696244,Paths of Glory (1957)
452,1,1449,4.3192087554621175,Pather Panchali (1955)
452,2,1467,4.2493271415865435,"Saint of Fort Washington, The (1993)"
452,3,1512,4.184740327395856,"World of Apu, The (Apur Sansar) (1959)"
452,4,408,4.101811757940376,"Close Shave, A (1995)"
452,5,114,4.084083047156382,Wallace & Gromit: The Best of Aardman Animation (1996)
452,6,169,4.081087067307088,"Wrong Trousers, The (1993)"
452,7,1368,4.07890967732072,Mina Tannenbaum (1994)
452,8,1639,4.0748683677531155,Bitter Sugar (Azucar Amargo) (1996)
452,9,1122,4.048625777965755,They Made Me a Criminal (1939)
452,10,1642,4.039604957181637,Some Mother's Son (1996)
454,1,1467,3.769333462408597,"Saint of Fort Washington, The (1993)"
454,2,1449,3.741503551315217,Pather Panchali (1955)
454,3,1189,3.699774282158992,Prefontaine (1997)
454,4,64,3.6994765130421015,"Shawshank Redemption, The (1994)"
454,5,1064,3.657003767003632,Crossfire (1947)
454,6,1554,3.6412274788266212,Safe Passage (1994)
454,7,867,3.6168267941578933,"Whole Wide World, The (1996)"
454,8,22,3.5834997007757283,Braveheart (1995)
454,9,1450,3.5728432935405996,Golden Earrings (1947)
454,10,1368,3.5371493326718,Mina Tannenbaum (1994)
453,1,1449,4.507623831383055,Pather Panchali (1955)
453,2,1512,4.476079935773896,"World of Apu, The (Apur Sansar) (1959)"
453,3,1467,4.432453352151268,"Saint of Fort Washington, The (1993)"
453,4,169,4.395297862360961,"Wrong Trousers, The (1993)"
453,5,64,4.294288210992711,"Shawshank Redemption, The (1994)"
453,6,114,4.272796556626304,Wallace & Gromit: The Best of Aardman Animation (1996)
453,7,408,4.271884190143773,"Close Shave, A (1995)"
453,8,178,4.261623794815074,12 Angry Men (1957)
453,9,12,4.260352261092675,"Usual Suspects, The (1995)"
453,10,119,4.2360443197098405,Maya Lin: A Strong Clear Vision (1994)
414,1,1512,5.0,"World of Apu, The (Apur Sansar) (1959)"
414,2,1449,5.0,Pather Panchali (1955)
414,3,1467,4.920750627584161,"Saint of Fort Washington, The (1993)"
414,4,408,4.915615791970755,"Close Shave, A (1995)"
414,5,119,4.901211547638676,Maya Lin: A Strong Clear Vision (1994)
414,6,1398,4.887379661800006,Anna (1996)
414,7,169,4.875936792471309,"Wrong Trousers, The (1993)"
414,8,178,4.870984560509569,12 Angry Men (1957)
414,9,64,4.86570005208473,"Shawshank Redemption, The (1994)"
414,10,357,4.855313504800272,One Flew Over the Cuckoo's Nest (1975)
455,1,1449,4.5557074476688335,Pather Panchali (1955)
455,2,1512,4.392582807709631,"World of Apu, The (Apur Sansar) (1959)"
455,3,1467,4.368402850446447,"Saint of Fort Washington, The (1993)"
455,4,169,4.285600098373885,"Wrong Trousers, The (1993)"
455,5,867,4.2835693510224075,"Whole Wide World, The (1996)"
455,6,1189,4.253012528050983,Prefontaine (1997)
455,7,408,4.249669581730206,"Close Shave, A (1995)"
455,8,483,4.2379600405830065,Casablanca (1942)
455,9,1599,4.230463177065076,Someone Else's America (1995)
455,10,1064,4.2291840539368835,Crossfire (1947)
444,1,1449,4.80540641367991,Pather Panchali (1955)
444,2,1512,4.728366060219914,"World of Apu, The (Apur Sansar) (1959)"
444,3,408,4.653911481390896,"Close Shave, A (1995)"
444,4,1599,4.650846739440001,Someone Else's America (1995)
444,5,169,4.615423958375145,"Wrong Trousers, The (1993)"
444,6,1398,4.60563152946121,Anna (1996)
444,7,119,4.596557954646227,Maya Lin: A Strong Clear Vision (1994)
444,8,483,4.583379449764357,Casablanca (1942)
444,9,867,4.583077710017689,"Whole Wide World, The (1996)"
444,10,318,4.575991936690648,Schindler's List (1993)
448,1,851,4.385961892893977,Two or Three Things I Know About Her (1966)
448,2,1449,4.297557460189722,Pather Panchali (1955)
448,3,867,4.277943790666807,"Whole Wide World, The (1996)"
448,4,483,4.243444139868546,Casablanca (1942)
448,5,1642,4.237518559715853,Some Mother's Son (1996)
448,6,169,4.207025401108295,"Wrong Trousers, The (1993)"
448,7,647,4.19617983455353,Ran (1985)
448,8,408,4.1908912400604175,"Close Shave, A (1995)"
448,9,657,4.160410644643674,"Manchurian Candidate, The (1962)"
448,10,512,4.122508431661647,Wings of Desire (1987)
457,1,1449,5.0,Pather Panchali (1955)
457,2,1512,5.0,"World of Apu, The (Apur Sansar) (1959)"
457,3,1467,4.914754456782395,"Saint of Fort Washington, The (1993)"
457,4,408,4.900840011298827,"Close Shave, A (1995)"
457,5,114,4.804026611648461,Wallace & Gromit: The Best of Aardman Animation (1996)
457,6,119,4.80300918643544,Maya Lin: A Strong Clear Vision (1994)
457,7,178,4.798931888627004,12 Angry Men (1957)
457,8,867,4.793939172308238,"Whole Wide World, The (1996)"
457,9,603,4.787211534879654,Rear Window (1954)
457,10,1398,4.771489501418601,Anna (1996)
456,1,1449,4.5647832802957335,Pather Panchali (1955)
456,2,1512,4.496511928952597,"World of Apu, The (Apur Sansar) (1959)"
456,3,1599,4.334839687454168,Someone Else's America (1995)
456,4,169,4.308689883718408,"Wrong Trousers, The (1993)"
456,5,1467,4.303161475171927,"Saint of Fort Washington, The (1993)"
456,6,408,4.296985434108064,"Close Shave, A (1995)"
456,7,178,4.244668312066789,12 Angry Men (1957)
456,8,867,4.232683527663986,"Whole Wide World, The (1996)"
456,9,1524,4.2299316198752,Kaspar Hauser (1993)
456,10,318,4.224471402708812,Schindler's List (1993)
458,1,1449,4.6437767572601985,Pather Panchali (1955)
458,2,1512,4.616522542529957,"World of Apu, The (Apur Sansar) (1959)"
458,3,408,4.431929171832221,"Close Shave, A (1995)"
458,4,1467,4.3859190272086375,"Saint of Fort Washington, The (1993)"
458,5,114,4.384289835370368,Wallace & Gromit: The Best of Aardman Animation (1996)
458,6,1599,4.3536930257297906,Someone Else's America (1995)
458,7,119,4.326636904772967,Maya Lin: A Strong Clear Vision (1994)
458,8,867,4.323191155813416,"Whole Wide World, The (1996)"
458,9,480,4.294241891879084,North by Northwest (1959)
458,10,318,4.285792325243472,Schindler's List (1993)
462,1,313,5.0,Titanic (1997)
462,2,1467,4.990064263062949,"Saint of Fort Washington, The (1993)"
462,3,64,4.975484696798036,"Shawshank Redemption, The (1994)"
462,4,1450,4.90825235684786,Golden Earrings (1947)
462,5,318,4.884390854359829,Schindler's List (1993)
462,6,1449,4.842962995015334,Pather Panchali (1955)
462,7,1189,4.7618984524534,Prefontaine (1997)
462,8,174,4.72529657348711,Raiders of the Lost Ark (1981)
462,9,1398,4.720057661506949,Anna (1996)
462,10,169,4.676498754972437,"Wrong Trousers, The (1993)"
461,1,1449,4.279889158345212,Pather Panchali (1955)
461,2,1512,4.19739255728399,"World of Apu, The (Apur Sansar) (1959)"
461,3,169,4.020804153931064,"Wrong Trousers, The (1993)"
461,4,114,3.9961167365356522,Wallace & Gromit: The Best of Aardman Animation (1996)
461,5,408,3.992533364234345,"Close Shave, A (1995)"
461,6,119,3.979463025571903,Maya Lin: A Strong Clear Vision (1994)
461,7,1467,3.9766564236510895,"Saint of Fort Washington, The (1993)"
461,8,1599,3.9347246179599185,Someone Else's America (1995)
461,9,1642,3.928932226341844,Some Mother's Son (1996)
461,10,318,3.9279397983114177,Schindler's List (1993)
460,1,1449,4.449033213816146,Pather Panchali (1955)
460,2,1512,4.285964089219374,"World of Apu, The (Apur Sansar) (1959)"
460,3,408,4.233211175987807,"Close Shave, A (1995)"
460,4,318,4.141728360986936,Schindler's List (1993)
460,5,119,4.132926132919477,Maya Lin: A Strong Clear Vision (1994)
460,6,114,4.122933725696622,Wallace & Gromit: The Best of Aardman Animation (1996)
460,7,483,4.116669248517386,Casablanca (1942)
460,8,169,4.108914267937212,"Wrong Trousers, The (1993)"
460,9,320,4.102946175935456,Paradise Lost: The Child Murders at Robin Hood Hills (1996)
460,10,1467,4.100684352805332,"Saint of Fort Washington, The (1993)"
459,1,1467,4.507425292781826,"Saint of Fort Washington, The (1993)"
459,2,1449,4.44035516523191,Pather Panchali (1955)
459,3,1189,4.357438283256818,Prefontaine (1997)
459,4,318,4.344852836978581,Schindler's List (1993)
459,5,169,4.342222362226012,"Wrong Trousers, The (1993)"
459,6,64,4.311154173147609,"Shawshank Redemption, The (1994)"
459,7,867,4.303121903886316,"Whole Wide World, The (1996)"
459,8,1512,4.278556168701788,"World of Apu, The (Apur Sansar) (1959)"
459,9,313,4.26813193571785,Titanic (1997)
459,10,1554,4.222580085223602,Safe Passage (1994)
467,1,1512,4.637448282445883,"World of Apu, The (Apur Sansar) (1959)"
467,2,1449,4.627162241826871,Pather Panchali (1955)
467,3,1467,4.532708947868845,"Saint of Fort Washington, The (1993)"
467,4,119,4.45403028050824,Maya Lin: A Strong Clear Vision (1994)
467,5,169,4.440205425176322,"Wrong Trousers, The (1993)"
467,6,867,4.401755430384669,"Whole Wide World, The (1996)"
467,7,408,4.3868332279425,"Close Shave, A (1995)"
467,8,1599,4.3791400705778765,Someone Else's America (1995)
467,9,483,4.368202585898215,Casablanca (1942)
467,10,178,4.365361227044076,12 Angry Men (1957)
468,1,1449,4.883111455903918,Pather Panchali (1955)
468,2,1512,4.85824646523293,"World of Apu, The (Apur Sansar) (1959)"
468,3,1467,4.73803750907523,"Saint of Fort Washington, The (1993)"
468,4,169,4.6907871787389,"Wrong Trousers, The (1993)"
468,5,408,4.6724858851639555,"Close Shave, A (1995)"
468,6,483,4.67242593879107,Casablanca (1942)
468,7,1599,4.6601423761500635,Someone Else's America (1995)
468,8,1554,4.63348483684678,Safe Passage (1994)
468,9,119,4.621769200078139,Maya Lin: A Strong Clear Vision (1994)
468,10,12,4.620954889098604,"Usual Suspects, The (1995)"
465,1,1449,4.262410015118143,Pather Panchali (1955)
465,2,1512,4.144744811024665,"World of Apu, The (Apur Sansar) (1959)"
465,3,1467,4.122446500571535,"Saint of Fort Washington, The (1993)"
465,4,318,4.102668613946515,Schindler's List (1993)
465,5,1064,4.027830490739281,Crossfire (1947)
465,6,1554,3.973813435119042,Safe Passage (1994)
465,7,1639,3.9737255765002324,Bitter Sugar (Azucar Amargo) (1996)
465,8,320,3.9640647416727877,Paradise Lost: The Child Murders at Robin Hood Hills (1996)
465,9,119,3.954503467473316,Maya Lin: A Strong Clear Vision (1994)
465,10,1450,3.953548232849237,Golden Earrings (1947)
463,1,1449,4.366555305538052,Pather Panchali (1955)
463,2,1512,4.286114289856401,"World of Apu, The (Apur Sansar) (1959)"
463,3,408,4.216725295206313,"Close Shave, A (1995)"
463,4,119,4.175084394867008,Maya Lin: A Strong Clear Vision (1994)
463,5,867,4.103812473672619,"Whole Wide World, The (1996)"
463,6,169,4.100707795516782,"Wrong Trousers, The (1993)"
463,7,1599,4.004418600870908,Someone Else's America (1995)
463,8,114,3.987789678561698,Wallace & Gromit: The Best of Aardman Animation (1996)
463,9,483,3.9848921284115737,Casablanca (1942)
463,10,318,3.980812190841199,Schindler's List (1993)
472,1,483,5.0,Casablanca (1942)
472,2,1169,5.0,Fresh (1994)
472,3,1368,5.0,Mina Tannenbaum (1994)
472,4,114,5.0,Wallace & Gromit: The Best of Aardman Animation (1996)
472,5,1467,5.0,"Saint of Fort Washington, The (1993)"
472,6,408,5.0,"Close Shave, A (1995)"
472,7,1131,5.0,Safe (1995)
472,8,1554,5.0,Safe Passage (1994)
472,9,1639,5.0,Bitter Sugar (Azucar Amargo) (1996)
472,10,1293,5.0,Star Kid (1997)
474,1,1449,4.965438391594061,Pather Panchali (1955)
474,2,1512,4.84667204148735,"World of Apu, The (Apur Sansar) (1959)"
474,3,1467,4.733052573437379,"Saint of Fort Washington, The (1993)"
474,4,169,4.718227115121917,"Wrong Trousers, The (1993)"
474,5,408,4.699319620764893,"Close Shave, A (1995)"
474,6,867,4.677144718714888,"Whole Wide World, The (1996)"
474,7,1599,4.646643598034335,Someone Else's America (1995)
474,8,1189,4.619195569712748,Prefontaine (1997)
474,9,114,4.617961436856439,Wallace & Gromit: The Best of Aardman Animation (1996)
474,10,119,4.6168465307361535,Maya Lin: A Strong Clear Vision (1994)
471,1,1651,4.31367419489483,"Spanish Prisoner, The (1997)"
471,2,1189,4.126177448675784,Prefontaine (1997)
471,3,318,4.101991921949923,Schindler's List (1993)
471,4,1639,4.001325701452079,Bitter Sugar (Azucar Amargo) (1996)
471,5,1449,3.9929444380118375,Pather Panchali (1955)
471,6,1131,3.9748711166538637,Safe (1995)
471,7,1368,3.964165801900663,Mina Tannenbaum (1994)
471,8,96,3.958989168527938,Terminator 2: Judgment Day (1991)
471,9,1293,3.9573358028169325,Star Kid (1997)
471,10,1418,3.9486649570635315,"Joy Luck Club, The (1993)"
466,1,1449,4.508377982047313,Pather Panchali (1955)
466,2,1512,4.373605775024596,"World of Apu, The (Apur Sansar) (1959)"
466,3,318,4.335405193099046,Schindler's List (1993)
466,4,1467,4.309700303162696,"Saint of Fort Washington, The (1993)"
466,5,408,4.304730855250155,"Close Shave, A (1995)"
466,6,169,4.294904416789543,"Wrong Trousers, The (1993)"
466,7,64,4.276602229629133,"Shawshank Redemption, The (1994)"
466,8,1368,4.22615052963099,Mina Tannenbaum (1994)
466,9,483,4.224571175278027,Casablanca (1942)
466,10,174,4.223113963792959,Raiders of the Lost Ark (1981)
469,1,1449,5.0,Pather Panchali (1955)
469,2,1512,4.996662648322111,"World of Apu, The (Apur Sansar) (1959)"
469,3,318,4.886144800759967,Schindler's List (1993)
469,4,1467,4.857319114959367,"Saint of Fort Washington, The (1993)"
469,5,408,4.837610125748865,"Close Shave, A (1995)"
469,6,1064,4.832116664396399,Crossfire (1947)
469,7,169,4.81446704033472,"Wrong Trousers, The (1993)"
469,8,178,4.79334063356135,12 Angry Men (1957)
469,9,1599,4.786899665888499,Someone Else's America (1995)
469,10,1642,4.786318364012026,Some Mother's Son (1996)
464,1,1449,5.0,Pather Panchali (1955)
464,2,1512,4.973255140993313,"World of Apu, The (Apur Sansar) (1959)"
464,3,1467,4.954123665919129,"Saint of Fort Washington, The (1993)"
464,4,867,4.871231273985657,"Whole Wide World, The (1996)"
464,5,1398,4.864339219539565,Anna (1996)
464,6,169,4.859059295665499,"Wrong Trousers, The (1993)"
464,7,318,4.843428297683953,Schindler's List (1993)
464,8,1189,4.828012334452779,Prefontaine (1997)
464,9,408,4.824899543245576,"Close Shave, A (1995)"
464,10,64,4.820876286178144,"Shawshank Redemption, The (1994)"
476,1,1449,4.6007629297251365,Pather Panchali (1955)
476,2,1467,4.563684242418241,"Saint of Fort Washington, The (1993)"
476,3,1512,4.560217563672435,"World of Apu, The (Apur Sansar) (1959)"
476,4,169,4.485383634145788,"Wrong Trousers, The (1993)"
476,5,408,4.475684753778783,"Close Shave, A (1995)"
476,6,64,4.444722424172569,"Shawshank Redemption, The (1994)"
476,7,318,4.415132758661862,Schindler's List (1993)
476,8,12,4.406712435735665,"Usual Suspects, The (1995)"
476,9,1599,4.39901754797085,Someone Else's America (1995)
476,10,867,4.380440787140786,"Whole Wide World, The (1996)"
478,1,1449,4.471772061385616,Pather Panchali (1955)
478,2,1512,4.447838825577245,"World of Apu, The (Apur Sansar) (1959)"
478,3,1467,4.328321294627438,"Saint of Fort Washington, The (1993)"
478,4,1599,4.29751109484154,Someone Else's America (1995)
478,5,178,4.283539684400619,12 Angry Men (1957)
478,6,127,4.259477975519135,"Godfather, The (1972)"
478,7,603,4.2502851736672325,Rear Window (1954)
478,8,483,4.2194654838769,Casablanca (1942)
478,9,408,4.204224743974553,"Close Shave, A (1995)"
478,10,480,4.1959427826168865,North by Northwest (1959)
473,1,1449,4.78468058943298,Pather Panchali (1955)
473,2,1512,4.737892520379106,"World of Apu, The (Apur Sansar) (1959)"
473,3,64,4.621094618275624,"Shawshank Redemption, The (1994)"
473,4,1467,4.597345337326149,"Saint of Fort Washington, The (1993)"
473,5,169,4.5574612060908235,"Wrong Trousers, The (1993)"
473,6,318,4.549977247709284,Schindler's List (1993)
473,7,1189,4.547653806656121,Prefontaine (1997)
473,8,408,4.535768792087376,"Close Shave, A (1995)"
473,9,1599,4.493588845627003,Someone Else's America (1995)
473,10,867,4.492706054339135,"Whole Wide World, The (1996)"
470,1,1449,4.581386887356993,Pather Panchali (1955)
470,2,318,4.429427671700686,Schindler's List (1993)
470,3,1512,4.423377315352499,"World of Apu, The (Apur Sansar) (1959)"
470,4,1467,4.411314635030503,"Saint of Fort Washington, The (1993)"
470,5,1064,4.376984554205607,Crossfire (1947)
470,6,1189,4.351728242521365,Prefontaine (1997)
470,7,64,4.346930365222594,"Shawshank Redemption, The (1994)"
470,8,1599,4.330786992774608,Someone Else's America (1995)
470,9,867,4.324972996476624,"Whole Wide World, The (1996)"
470,10,1398,4.3197066316528465,Anna (1996)
480,1,1449,4.49844090253189,Pather Panchali (1955)
480,2,1512,4.414700145648939,"World of Apu, The (Apur Sansar) (1959)"
480,3,1467,4.269724810942968,"Saint of Fort Washington, The (1993)"
480,4,1398,4.230112875110286,Anna (1996)
480,5,408,4.229529252954509,"Close Shave, A (1995)"
480,6,318,4.213710421618387,Schindler's List (1993)
480,7,169,4.207028179620079,"Wrong Trousers, The (1993)"
480,8,1639,4.169928905800088,Bitter Sugar (Azucar Amargo) (1996)
480,9,1064,4.164097731093453,Crossfire (1947)
480,10,657,4.156314122188605,"Manchurian Candidate, The (1962)"
441,1,1449,4.680520312350424,Pather Panchali (1955)
441,2,1467,4.626869769442877,"Saint of Fort Washington, The (1993)"
441,3,169,4.569157569787399,"Wrong Trousers, The (1993)"
441,4,1512,4.550062583381931,"World of Apu, The (Apur Sansar) (1959)"
441,5,867,4.524784373297849,"Whole Wide World, The (1996)"
441,6,1189,4.490650037373377,Prefontaine (1997)
441,7,1642,4.487212427833218,Some Mother's Son (1996)
441,8,1064,4.48605582802105,Crossfire (1947)
441,9,318,4.483285279415943,Schindler's List (1993)
441,10,64,4.47806529881214,"Shawshank Redemption, The (1994)"
479,1,1449,4.44311452740663,Pather Panchali (1955)
479,2,169,4.378460266535304,"Wrong Trousers, The (1993)"
479,3,1512,4.343670207797395,"World of Apu, The (Apur Sansar) (1959)"
479,4,408,4.322351898668343,"Close Shave, A (1995)"
479,5,1467,4.303479036906146,"Saint of Fort Washington, The (1993)"
479,6,867,4.250957936299573,"Whole Wide World, The (1996)"
479,7,114,4.228861728889384,Wallace & Gromit: The Best of Aardman Animation (1996)
479,8,64,4.214947548042348,"Shawshank Redemption, The (1994)"
479,9,12,4.204383631865737,"Usual Suspects, The (1995)"
479,10,119,4.193899350420599,Maya Lin: A Strong Clear Vision (1994)
484,1,1449,4.788582559222105,Pather Panchali (1955)
484,2,1467,4.7661418539966816,"Saint of Fort Washington, The (1993)"
484,3,867,4.684361454545442,"Whole Wide World, The (1996)"
484,4,64,4.664075120752775,"Shawshank Redemption, The (1994)"
484,5,1189,4.654136481760703,Prefontaine (1997)
484,6,169,4.650875412113117,"Wrong Trousers, The (1993)"
484,7,172,4.611569499513964,"Empire Strikes Back, The (1980)"
484,8,1064,4.603121293143384,Crossfire (1947)
484,9,1554,4.578828037893102,Safe Passage (1994)
484,10,1512,4.5732355444772885,"World of Apu, The (Apur Sansar) (1959)"
486,1,1449,4.454557455389239,Pather Panchali (1955)
486,2,1512,4.409740626193677,"World of Apu, The (Apur Sansar) (1959)"
486,3,1467,4.386686198464578,"Saint of Fort Washington, The (1993)"
486,4,169,4.270717390510765,"Wrong Trousers, The (1993)"
486,5,1398,4.235739583064847,Anna (1996)
486,6,119,4.229609399247563,Maya Lin: A Strong Clear Vision (1994)
486,7,64,4.219080271868007,"Shawshank Redemption, The (1994)"
486,8,318,4.2173063123750305,Schindler's List (1993)
486,9,178,4.202705022561693,12 Angry Men (1957)
486,10,127,4.201418559219316,"Godfather, The (1972)"
487,1,1449,4.656926789948835,Pather Panchali (1955)
487,2,1467,4.572371610044673,"Saint of Fort Washington, The (1993)"
487,3,1189,4.492208847426269,Prefontaine (1997)
487,4,867,4.490932287341385,"Whole Wide World, The (1996)"
487,5,169,4.482863231651455,"Wrong Trousers, The (1993)"
487,6,1512,4.440341197179888,"World of Apu, The (Apur Sansar) (1959)"
487,7,114,4.378648804622728,Wallace & Gromit: The Best of Aardman Animation (1996)
487,8,1064,4.364200334575019,Crossfire (1947)
487,9,408,4.354282101041777,"Close Shave, A (1995)"
487,10,483,4.336646038907083,Casablanca (1942)
482,1,1449,4.520089465794681,Pather Panchali (1955)
482,2,1467,4.481323007524872,"Saint of Fort Washington, The (1993)"
482,3,867,4.3846544483801315,"Whole Wide World, The (1996)"
482,4,1512,4.364046248074408,"World of Apu, The (Apur Sansar) (1959)"
482,5,169,4.358415906981694,"Wrong Trousers, The (1993)"
482,6,318,4.341524344669296,Schindler's List (1993)
482,7,174,4.3305041338182,Raiders of the Lost Ark (1981)
482,8,1064,4.329565526842464,Crossfire (1947)
482,9,1189,4.306123850491575,Prefontaine (1997)
482,10,64,4.273859844727174,"Shawshank Redemption, The (1994)"
481,1,1449,4.805973648721921,Pather Panchali (1955)
481,2,1467,4.59038961977919,"Saint of Fort Washington, The (1993)"
481,3,1512,4.5814558948525015,"World of Apu, The (Apur Sansar) (1959)"
481,4,169,4.569022445756496,"Wrong Trousers, The (1993)"
481,5,867,4.554011166243941,"Whole Wide World, The (1996)"
481,6,408,4.497292031802535,"Close Shave, A (1995)"
481,7,1189,4.461593897531643,Prefontaine (1997)
481,8,64,4.447004324404848,"Shawshank Redemption, The (1994)"
481,9,483,4.443613921687103,Casablanca (1942)
481,10,12,4.427079624465729,"Usual Suspects, The (1995)"
492,1,1449,4.305733441148274,Pather Panchali (1955)
492,2,1512,4.201935687564841,"World of Apu, The (Apur Sansar) (1959)"
492,3,169,4.146459624249128,"Wrong Trousers, The (1993)"
492,4,1467,4.132212469013488,"Saint of Fort Washington, The (1993)"
492,5,867,4.129218205126575,"Whole Wide World, The (1996)"
492,6,408,4.106917827758424,"Close Shave, A (1995)"
492,7,64,4.070913103285341,"Shawshank Redemption, The (1994)"
492,8,114,4.067625557573823,Wallace & Gromit: The Best of Aardman Animation (1996)
492,9,12,4.039799817835804,"Usual Suspects, The (1995)"
492,10,1599,4.032435797165305,Someone Else's America (1995)
489,1,1449,4.97084060238685,Pather Panchali (1955)
489,2,1064,4.897670806202409,Crossfire (1947)
489,3,1554,4.875523993095341,Safe Passage (1994)
489,4,1368,4.814400302943255,Mina Tannenbaum (1994)
489,5,169,4.8109317022230496,"Wrong Trousers, The (1993)"
489,6,318,4.781633373441115,Schindler's List (1993)
489,7,867,4.760458317701645,"Whole Wide World, The (1996)"
489,8,1467,4.747593422262473,"Saint of Fort Washington, The (1993)"
489,9,50,4.743691944891474,Star Wars (1977)
489,10,1642,4.743211026528365,Some Mother's Son (1996)
483,1,1449,4.059618667696357,Pather Panchali (1955)
483,2,867,4.038637512836349,"Whole Wide World, The (1996)"
483,3,174,4.017035652077002,Raiders of the Lost Ark (1981)
483,4,169,3.998364262083267,"Wrong Trousers, The (1993)"
483,5,1467,3.9704612989991905,"Saint of Fort Washington, The (1993)"
483,6,1189,3.944314486899273,Prefontaine (1997)
483,7,1064,3.89974749273972,Crossfire (1947)
483,8,1500,3.8954720718095115,Santa with Muscles (1996)
483,9,408,3.895044740144761,"Close Shave, A (1995)"
483,10,64,3.8915087472071486,"Shawshank Redemption, The (1994)"
490,1,1512,3.9465965198586255,"World of Apu, The (Apur Sansar) (1959)"
490,2,169,3.915788915942426,"Wrong Trousers, The (1993)"
490,3,1449,3.8611593939427844,Pather Panchali (1955)
490,4,1467,3.849911145431201,"Saint of Fort Washington, The (1993)"
490,5,12,3.7879636101567984,"Usual Suspects, The (1995)"
490,6,50,3.785140792880291,Star Wars (1977)
490,7,408,3.7803827137685078,"Close Shave, A (1995)"
490,8,187,3.773517899594158,"Godfather: Part II, The (1974)"
490,9,641,3.7648009840296046,Paths of Glory (1957)
490,10,119,3.760269761456284,Maya Lin: A Strong Clear Vision (1994)
494,1,1449,4.666373472808465,Pather Panchali (1955)
494,2,1467,4.59252714900156,"Saint of Fort Washington, The (1993)"
494,3,313,4.551352677991148,Titanic (1997)
494,4,318,4.517009099131676,Schindler's List (1993)
494,5,1512,4.511857804681487,"World of Apu, The (Apur Sansar) (1959)"
494,6,1554,4.489665633125095,Safe Passage (1994)
494,7,169,4.459269707492255,"Wrong Trousers, The (1993)"
494,8,1189,4.450329497659275,Prefontaine (1997)
494,9,172,4.4306053544657225,"Empire Strikes Back, The (1980)"
494,10,1064,4.4282842220128895,Crossfire (1947)
495,1,1449,4.939707770965183,Pather Panchali (1955)
495,2,1467,4.911680504518366,"Saint of Fort Washington, The (1993)"
495,3,1512,4.862709505030838,"World of Apu, The (Apur Sansar) (1959)"
495,4,169,4.773889815176307,"Wrong Trousers, The (1993)"
495,5,1398,4.73706939047002,Anna (1996)
495,6,12,4.728006314379992,"Usual Suspects, The (1995)"
495,7,867,4.726243048531578,"Whole Wide World, The (1996)"
495,8,1189,4.717238272099589,Prefontaine (1997)
495,9,1064,4.677043943126589,Crossfire (1947)
495,10,1639,4.671842448050178,Bitter Sugar (Azucar Amargo) (1996)
493,1,174,4.703095685464088,Raiders of the Lost Ark (1981)
493,2,313,4.604152959309449,Titanic (1997)
493,3,50,4.563049742817419,Star Wars (1977)
493,4,64,4.550655466669383,"Shawshank Redemption, The (1994)"
493,5,1449,4.547846281382334,Pather Panchali (1955)
493,6,169,4.538832154457576,"Wrong Trousers, The (1993)"
493,7,1189,4.532604362104787,Prefontaine (1997)
493,8,172,4.5132595496396934,"Empire Strikes Back, The (1980)"
493,9,1467,4.478461731710131,"Saint of Fort Washington, The (1993)"
493,10,867,4.459864630732762,"Whole Wide World, The (1996)"
497,1,1449,4.442170395769467,Pather Panchali (1955)
497,2,1467,4.367478594231395,"Saint of Fort Washington, The (1993)"
497,3,1512,4.2837975734781715,"World of Apu, The (Apur Sansar) (1959)"
497,4,169,4.283730269694854,"Wrong Trousers, The (1993)"
497,5,867,4.225654010570016,"Whole Wide World, The (1996)"
497,6,64,4.199456890848125,"Shawshank Redemption, The (1994)"
497,7,318,4.197532326843349,Schindler's List (1993)
497,8,1450,4.163995722008352,Golden Earrings (1947)
497,9,1064,4.161359266443136,Crossfire (1947)
497,10,1189,4.145491132606234,Prefontaine (1997)
488,1,1467,4.165764207076343,"Saint of Fort Washington, The (1993)"
488,2,1449,4.131279488725732,Pather Panchali (1955)
488,3,1189,4.044548657327513,Prefontaine (1997)
488,4,313,4.001919042070245,Titanic (1997)
488,5,169,3.975285568128526,"Wrong Trousers, The (1993)"
488,6,1064,3.955000298000848,Crossfire (1947)
488,7,1554,3.9515520444664336,Safe Passage (1994)
488,8,50,3.9380307016006677,Star Wars (1977)
488,9,1512,3.9275980581954317,"World of Apu, The (Apur Sansar) (1959)"
488,10,1450,3.917952629573052,Golden Earrings (1947)
498,1,1449,4.268694628787117,Pather Panchali (1955)
498,2,1512,4.187047657541163,"World of Apu, The (Apur Sansar) (1959)"
498,3,408,3.9951036833700035,"Close Shave, A (1995)"
498,4,851,3.9896567257606668,Two or Three Things I Know About Her (1966)
498,5,1599,3.988632130112635,Someone Else's America (1995)
498,6,867,3.9883907903037716,"Whole Wide World, The (1996)"
498,7,1467,3.986298892144129,"Saint of Fort Washington, The (1993)"
498,8,169,3.975399213796086,"Wrong Trousers, The (1993)"
498,9,1524,3.9254624016388893,Kaspar Hauser (1993)
498,10,114,3.923379337619256,Wallace & Gromit: The Best of Aardman Animation (1996)
496,1,1467,4.286258158405636,"Saint of Fort Washington, The (1993)"
496,2,1449,4.224201115726833,Pather Panchali (1955)
496,3,1512,4.211440601200131,"World of Apu, The (Apur Sansar) (1959)"
496,4,169,4.201092396326909,"Wrong Trousers, The (1993)"
496,5,320,4.167860606651802,Paradise Lost: The Child Murders at Robin Hood Hills (1996)
496,6,114,4.103665665540256,Wallace & Gromit: The Best of Aardman Animation (1996)
496,7,408,4.076747020021401,"Close Shave, A (1995)"
496,8,1639,4.063016062655135,Bitter Sugar (Azucar Amargo) (1996)
496,9,1240,4.057294165133845,Ghost in the Shell (Kokaku kidotai) (1995)
496,10,1019,4.034007649192696,"Die xue shuang xiong (Killer, The) (1989)"
499,1,1449,4.650775687558817,Pather Panchali (1955)
499,2,1512,4.486111088027729,"World of Apu, The (Apur Sansar) (1959)"
499,3,408,4.47520715978041,"Close Shave, A (1995)"
499,4,867,4.414370549046274,"Whole Wide World, The (1996)"
499,5,169,4.387686047970508,"Wrong Trousers, The (1993)"
499,6,114,4.375588709114495,Wallace & Gromit: The Best of Aardman Animation (1996)
499,7,64,4.337369794230127,"Shawshank Redemption, The (1994)"
499,8,1599,4.332758215706529,Someone Else's America (1995)
499,9,1398,4.324427508839176,Anna (1996)
499,10,1467,4.319568496048316,"Saint of Fort Washington, The (1993)"
491,1,1512,4.732848209574538,"World of Apu, The (Apur Sansar) (1959)"
491,2,1449,4.728139638104994,Pather Panchali (1955)
491,3,1467,4.496146847451418,"Saint of Fort Washington, The (1993)"
491,4,114,4.492618070725988,Wallace & Gromit: The Best of Aardman Animation (1996)
491,5,169,4.491913125792032,"Wrong Trousers, The (1993)"
491,6,1599,4.490671626306806,Someone Else's America (1995)
491,7,867,4.4804569657442155,"Whole Wide World, The (1996)"
491,8,480,4.445883605447859,North by Northwest (1959)
491,9,127,4.42064719128678,"Godfather, The (1972)"
491,10,1398,4.414336628573514,Anna (1996)
477,1,867,5.0,"Whole Wide World, The (1996)"
477,2,963,5.0,Some Folks Call It a Sling Blade (1993)
477,3,190,5.0,Henry V (1989)
477,4,498,5.0,"African Queen, The (1951)"
477,5,1512,5.0,"World of Apu, The (Apur Sansar) (1959)"
477,6,64,5.0,"Shawshank Redemption, The (1994)"
477,7,357,5.0,One Flew Over the Cuckoo's Nest (1975)
477,8,657,5.0,"Manchurian Candidate, The (1962)"
477,9,83,5.0,Much Ado About Nothing (1993)
477,10,496,5.0,It's a Wonderful Life (1946)
500,1,1449,4.5676565637732836,Pather Panchali (1955)
500,2,1512,4.44341710239387,"World of Apu, The (Apur Sansar) (1959)"
500,3,1467,4.381138085723871,"Saint of Fort Washington, The (1993)"
500,4,169,4.306907234575434,"Wrong Trousers, The (1993)"
500,5,603,4.263582527077708,Rear Window (1954)
500,6,867,4.245720485832704,"Whole Wide World, The (1996)"
500,7,408,4.24171320912636,"Close Shave, A (1995)"
500,8,1064,4.238832535943924,Crossfire (1947)
500,9,119,4.236598882484536,Maya Lin: A Strong Clear Vision (1994)
500,10,12,4.2268869398261755,"Usual Suspects, The (1995)"
502,1,320,4.436434950142125,Paradise Lost: The Child Murders at Robin Hood Hills (1996)
502,2,1467,4.395422848034977,"Saint of Fort Washington, The (1993)"
502,3,1512,4.304913710343868,"World of Apu, The (Apur Sansar) (1959)"
502,4,1449,4.2963890157312585,Pather Panchali (1955)
502,5,1131,4.274798250237519,Safe (1995)
502,6,318,4.2553317142136615,Schindler's List (1993)
502,7,64,4.240200004406695,"Shawshank Redemption, The (1994)"
502,8,1398,4.209515026914116,Anna (1996)
502,9,12,4.194697042814108,"Usual Suspects, The (1995)"
502,10,1064,4.1902222082923455,Crossfire (1947)
503,1,1449,4.922335686274156,Pather Panchali (1955)
503,2,1512,4.896682328495126,"World of Apu, The (Apur Sansar) (1959)"
503,3,1467,4.870139852171093,"Saint of Fort Washington, The (1993)"
503,4,483,4.757836448931974,Casablanca (1942)
503,5,1368,4.723927523572714,Mina Tannenbaum (1994)
503,6,119,4.7189520781939125,Maya Lin: A Strong Clear Vision (1994)
503,7,1639,4.710560872508958,Bitter Sugar (Azucar Amargo) (1996)
503,8,1398,4.708808424908477,Anna (1996)
503,9,169,4.692948534708302,"Wrong Trousers, The (1993)"
503,10,178,4.689960831856066,12 Angry Men (1957)
504,1,1449,4.767622861540154,Pather Panchali (1955)
504,2,1467,4.605150405769292,"Saint of Fort Washington, The (1993)"
504,3,1064,4.546407319452679,Crossfire (1947)
504,4,64,4.510889399697082,"Shawshank Redemption, The (1994)"
504,5,1512,4.494884346470169,"World of Apu, The (Apur Sansar) (1959)"
504,6,867,4.464005076520323,"Whole Wide World, The (1996)"
504,7,1189,4.453262477297442,Prefontaine (1997)
504,8,169,4.437944051925358,"Wrong Trousers, The (1993)"
504,9,408,4.399304136941195,"Close Shave, A (1995)"
504,10,1450,4.39899420854315,Golden Earrings (1947)
505,1,1449,4.213936304851292,Pather Panchali (1955)
505,2,318,4.18411937369559,Schindler's List (1993)
505,3,1467,4.178114947010508,"Saint of Fort Washington, The (1993)"
505,4,1064,4.097465238979886,Crossfire (1947)
505,5,966,4.087362865274846,"Affair to Remember, An (1957)"
505,6,1189,4.063174172310372,Prefontaine (1997)
505,7,64,4.045376827180284,"Shawshank Redemption, The (1994)"
505,8,1233,4.003180851474359,Nénette et Boni (1996)
505,9,1450,3.997785640391392,Golden Earrings (1947)
505,10,1554,3.996529230447758,Safe Passage (1994)
443,1,1449,4.752803482774434,Pather Panchali (1955)
443,2,318,4.696280740291113,Schindler's List (1993)
443,3,64,4.655561369874102,"Shawshank Redemption, The (1994)"
443,4,1642,4.607736394656119,Some Mother's Son (1996)
443,5,1512,4.6001672529485225,"World of Apu, The (Apur Sansar) (1959)"
443,6,272,4.582225634334702,Good Will Hunting (1997)
443,7,178,4.566785233500316,12 Angry Men (1957)
443,8,169,4.547731262444507,"Wrong Trousers, The (1993)"
443,9,1064,4.525444913762389,Crossfire (1947)
443,10,357,4.51311368505399,One Flew Over the Cuckoo's Nest (1975)
506,1,1449,4.7210407549340365,Pather Panchali (1955)
506,2,1467,4.678011596941017,"Saint of Fort Washington, The (1993)"
506,3,1189,4.655121458735526,Prefontaine (1997)
506,4,64,4.607078755664761,"Shawshank Redemption, The (1994)"
506,5,1512,4.601436400081502,"World of Apu, The (Apur Sansar) (1959)"
506,6,318,4.591077773774189,Schindler's List (1993)
506,7,313,4.519597374093414,Titanic (1997)
506,8,1064,4.508153653334388,Crossfire (1947)
506,9,867,4.481658647446886,"Whole Wide World, The (1996)"
506,10,169,4.478711056962132,"Wrong Trousers, The (1993)"
507,1,1019,5.0,"Die xue shuang xiong (Killer, The) (1989)"
507,2,483,5.0,Casablanca (1942)
507,3,69,5.0,Forrest Gump (1994)
507,4,12,5.0,"Usual Suspects, The (1995)"
507,5,15,5.0,Mr. Holland's Opus (1995)
507,6,1642,5.0,Some Mother's Son (1996)
507,7,178,5.0,12 Angry Men (1957)
507,8,1131,5.0,Safe (1995)
507,9,143,5.0,"Sound of Music, The (1965)"
507,10,1450,5.0,Golden Earrings (1947)
514,1,1449,4.7369493570150105,Pather Panchali (1955)
514,2,1467,4.71240467588503,"Saint of Fort Washington, The (1993)"
514,3,1512,4.628620441237205,"World of Apu, The (Apur Sansar) (1959)"
514,4,1189,4.500181594136853,Prefontaine (1997)
514,5,1450,4.4767998192379945,Golden Earrings (1947)
514,6,1554,4.472422522045074,Safe Passage (1994)
514,7,272,4.44366523751217,Good Will Hunting (1997)
514,8,603,4.439571411922754,Rear Window (1954)
514,9,867,4.431061630665131,"Whole Wide World, The (1996)"
514,10,1398,4.425435940569749,Anna (1996)
508,1,1449,4.784665893927394,Pather Panchali (1955)
508,2,1512,4.665413775143933,"World of Apu, The (Apur Sansar) (1959)"
508,3,408,4.549715348535088,"Close Shave, A (1995)"
508,4,1467,4.546845387036096,"Saint of Fort Washington, The (1993)"
508,5,867,4.4978677004534875,"Whole Wide World, The (1996)"
508,6,603,4.481893296239533,Rear Window (1954)
508,7,1398,4.481164099353067,Anna (1996)
508,8,851,4.475224030354111,Two or Three Things I Know About Her (1966)
508,9,1599,4.472970530735773,Someone Else's America (1995)
508,10,169,4.470993899997738,"Wrong Trousers, The (1993)"
511,1,1467,5.0,"Saint of Fort Washington, The (1993)"
511,2,1512,5.0,"World of Apu, The (Apur Sansar) (1959)"
511,3,1449,4.954615560679329,Pather Panchali (1955)
511,4,318,4.877179246742194,Schindler's List (1993)
511,5,178,4.872006893101822,12 Angry Men (1957)
511,6,64,4.868064406789274,"Shawshank Redemption, The (1994)"
511,7,169,4.832503997522727,"Wrong Trousers, The (1993)"
511,8,408,4.7935264801566495,"Close Shave, A (1995)"
511,9,98,4.779265050556517,"Silence of the Lambs, The (1991)"
511,10,483,4.7779802363816435,Casablanca (1942)
515,1,1467,4.548108311666742,"Saint of Fort Washington, The (1993)"
515,2,867,4.18406534804748,"Whole Wide World, The (1996)"
515,3,1449,4.172960980418706,Pather Panchali (1955)
515,4,1189,4.132469592185425,Prefontaine (1997)
515,5,169,4.124037425490519,"Wrong Trousers, The (1993)"
515,6,1064,4.1180074227164605,Crossfire (1947)
515,7,64,4.10986921793408,"Shawshank Redemption, The (1994)"
515,8,1512,4.0750906888641545,"World of Apu, The (Apur Sansar) (1959)"
515,9,1398,4.061125507318344,Anna (1996)
515,10,12,4.060031254359531,"Usual Suspects, The (1995)"
512,1,1449,4.866365892498061,Pather Panchali (1955)
512,2,1512,4.851199196942835,"World of Apu, The (Apur Sansar) (1959)"
512,3,1467,4.768615553636483,"Saint of Fort Washington, The (1993)"
512,4,408,4.657156595493867,"Close Shave, A (1995)"
512,5,169,4.638671754520281,"Wrong Trousers, The (1993)"
512,6,483,4.637532450946665,Casablanca (1942)
512,7,114,4.634562652963786,Wallace & Gromit: The Best of Aardman Animation (1996)
512,8,64,4.6224424597299585,"Shawshank Redemption, The (1994)"
512,9,12,4.622386579567156,"Usual Suspects, The (1995)"
512,10,1599,4.604762258198433,Someone Else's America (1995)
513,1,1449,5.0,Pather Panchali (1955)
513,2,1467,4.98590137038124,"Saint of Fort Washington, The (1993)"
513,3,1189,4.981138860935693,Prefontaine (1997)
513,4,318,4.962939403466858,Schindler's List (1993)
513,5,174,4.930230819866121,Raiders of the Lost Ark (1981)
513,6,313,4.925376728003933,Titanic (1997)
513,7,1064,4.895949905100726,Crossfire (1947)
513,8,64,4.887767568765063,"Shawshank Redemption, The (1994)"
513,9,1554,4.8846482111472085,Safe Passage (1994)
513,10,867,4.882803636664778,"Whole Wide World, The (1996)"
475,1,1642,4.3099319428856955,Some Mother's Son (1996)
475,2,1512,4.261208798790228,"World of Apu, The (Apur Sansar) (1959)"
475,3,1449,4.258373282642271,Pather Panchali (1955)
475,4,1467,4.224399209040853,"Saint of Fort Washington, The (1993)"
475,5,320,4.207885540493189,Paradise Lost: The Child Murders at Robin Hood Hills (1996)
475,6,1368,4.151783043029132,Mina Tannenbaum (1994)
475,7,1398,4.113095711176723,Anna (1996)
475,8,12,4.098554171371683,"Usual Suspects, The (1995)"
475,9,251,4.097591809628228,Shall We Dance? (1996)
475,10,1639,4.09225949981717,Bitter Sugar (Azucar Amargo) (1996)
523,1,1467,5.0,"Saint of Fort Washington, The (1993)"
523,2,867,5.0,"Whole Wide World, The (1996)"
523,3,1449,5.0,Pather Panchali (1955)
523,4,318,5.0,Schindler's List (1993)
523,5,1512,4.999918846820989,"World of Apu, The (Apur Sansar) (1959)"
523,6,1064,4.971266821481437,Crossfire (1947)
523,7,64,4.958937549022739,"Shawshank Redemption, The (1994)"
523,8,1189,4.950829171121478,Prefontaine (1997)
523,9,483,4.938706383571878,Casablanca (1942)
523,10,1639,4.927211714721466,Bitter Sugar (Azucar Amargo) (1996)
518,1,1449,4.869842982644172,Pather Panchali (1955)
518,2,1189,4.770799755124171,Prefontaine (1997)
518,3,313,4.73320402127651,Titanic (1997)
518,4,64,4.668106100362867,"Shawshank Redemption, The (1994)"
518,5,318,4.667890382000522,Schindler's List (1993)
518,6,1554,4.640580632079338,Safe Passage (1994)
518,7,174,4.633823675746968,Raiders of the Lost Ark (1981)
518,8,1450,4.6325826715071035,Golden Earrings (1947)
518,9,966,4.622416900941396,"Affair to Remember, An (1957)"
518,10,1467,4.6180922923875265,"Saint of Fort Washington, The (1993)"
509,1,1449,4.00202882537379,Pather Panchali (1955)
509,2,1512,3.9785340619531513,"World of Apu, The (Apur Sansar) (1959)"
509,3,641,3.9351550442267476,Paths of Glory (1957)
509,4,169,3.8803505193196504,"Wrong Trousers, The (1993)"
509,5,1467,3.8735906147036867,"Saint of Fort Washington, The (1993)"
509,6,1599,3.8596538053181173,Someone Else's America (1995)
509,7,408,3.8476392536134556,"Close Shave, A (1995)"
509,8,127,3.8266061372641693,"Godfather, The (1972)"
509,9,12,3.821483517271078,"Usual Suspects, The (1995)"
509,10,480,3.781903113690995,North by Northwest (1959)
516,1,1449,4.838470829722118,Pather Panchali (1955)
516,2,1512,4.602671093077986,"World of Apu, The (Apur Sansar) (1959)"
516,3,408,4.565856019259295,"Close Shave, A (1995)"
516,4,318,4.564251413092918,Schindler's List (1993)
516,5,1467,4.535034792844853,"Saint of Fort Washington, The (1993)"
516,6,169,4.530398864048309,"Wrong Trousers, The (1993)"
516,7,867,4.528719391868354,"Whole Wide World, The (1996)"
516,8,1064,4.517463695592887,Crossfire (1947)
516,9,483,4.481561496538341,Casablanca (1942)
516,10,64,4.47031704620234,"Shawshank Redemption, The (1994)"
510,1,1449,4.417295880071649,Pather Panchali (1955)
510,2,1467,4.369338510972221,"Saint of Fort Washington, The (1993)"
510,3,64,4.271959350282279,"Shawshank Redemption, The (1994)"
510,4,1189,4.271580372524965,Prefontaine (1997)
510,5,169,4.2676864729237955,"Wrong Trousers, The (1993)"
510,6,318,4.263395217044592,Schindler's List (1993)
510,7,1512,4.227560268174801,"World of Apu, The (Apur Sansar) (1959)"
510,8,174,4.224925228572042,Raiders of the Lost Ark (1981)
510,9,867,4.207719926739294,"Whole Wide World, The (1996)"
510,10,408,4.1890040296973385,"Close Shave, A (1995)"
525,1,1449,4.551284223263564,Pather Panchali (1955)
525,2,1512,4.457382886573523,"World of Apu, The (Apur Sansar) (1959)"
525,3,1467,4.3436590389146925,"Saint of Fort Washington, The (1993)"
525,4,318,4.341367600261092,Schindler's List (1993)
525,5,169,4.3293403930514,"Wrong Trousers, The (1993)"
525,6,408,4.320518305036576,"Close Shave, A (1995)"
525,7,64,4.312982113985852,"Shawshank Redemption, The (1994)"
525,8,178,4.310073096882899,12 Angry Men (1957)
525,9,483,4.296529592578377,Casablanca (1942)
525,10,50,4.254715849320628,Star Wars (1977)
521,1,1449,4.23068966018216,Pather Panchali (1955)
521,2,1467,4.138004467127011,"Saint of Fort Washington, The (1993)"
521,3,1512,4.1371792133723995,"World of Apu, The (Apur Sansar) (1959)"
521,4,169,4.077109676786563,"Wrong Trousers, The (1993)"
521,5,408,3.958279833123807,"Close Shave, A (1995)"
521,6,64,3.9515280715327963,"Shawshank Redemption, The (1994)"
521,7,119,3.9311191296047707,Maya Lin: A Strong Clear Vision (1994)
521,8,867,3.927442311169458,"Whole Wide World, The (1996)"
521,9,114,3.9271323498239328,Wallace & Gromit: The Best of Aardman Animation (1996)
521,10,318,3.9103963617321527,Schindler's List (1993)
524,1,1449,4.5186181026151155,Pather Panchali (1955)
524,2,1512,4.3396175946610205,"World of Apu, The (Apur Sansar) (1959)"
524,3,408,4.2704896118935585,"Close Shave, A (1995)"
524,4,1467,4.261548525917625,"Saint of Fort Washington, The (1993)"
524,5,114,4.241319632354362,Wallace & Gromit: The Best of Aardman Animation (1996)
524,6,169,4.240948500467047,"Wrong Trousers, The (1993)"
524,7,867,4.234722935708788,"Whole Wide World, The (1996)"
524,8,119,4.146148959907731,Maya Lin: A Strong Clear Vision (1994)
524,9,1398,4.144001028878465,Anna (1996)
524,10,1064,4.10607031588415,Crossfire (1947)
528,1,1449,4.615966084468542,Pather Panchali (1955)
528,2,169,4.545305768626923,"Wrong Trousers, The (1993)"
528,3,1467,4.514604596222767,"Saint of Fort Washington, The (1993)"
528,4,1512,4.434283183006956,"World of Apu, The (Apur Sansar) (1959)"
528,5,1189,4.429781351357724,Prefontaine (1997)
528,6,867,4.411947435849235,"Whole Wide World, The (1996)"
528,7,408,4.410453028904623,"Close Shave, A (1995)"
528,8,64,4.409620718274181,"Shawshank Redemption, The (1994)"
528,9,114,4.3888575974385695,Wallace & Gromit: The Best of Aardman Animation (1996)
528,10,318,4.386431134601839,Schindler's List (1993)
532,1,1467,5.0,"Saint of Fort Washington, The (1993)"
532,2,174,5.0,Raiders of the Lost Ark (1981)
532,3,1449,5.0,Pather Panchali (1955)
532,4,64,5.0,"Shawshank Redemption, The (1994)"
532,5,1554,4.9930437390026094,Safe Passage (1994)
532,6,1064,4.973967682674583,Crossfire (1947)
532,7,50,4.961116435359033,Star Wars (1977)
532,8,1450,4.94823512279183,Golden Earrings (1947)
532,9,1512,4.928647860913354,"World of Apu, The (Apur Sansar) (1959)"
532,10,169,4.91694049912889,"Wrong Trousers, The (1993)"
530,1,1449,4.813666737794906,Pather Panchali (1955)
530,2,318,4.607978997744685,Schindler's List (1993)
530,3,1512,4.598786571055558,"World of Apu, The (Apur Sansar) (1959)"
530,4,1467,4.544760997529047,"Saint of Fort Washington, The (1993)"
530,5,1064,4.5239559347745955,Crossfire (1947)
530,6,867,4.51481061215563,"Whole Wide World, The (1996)"
530,7,1189,4.508543500832056,Prefontaine (1997)
530,8,603,4.480016418560758,Rear Window (1954)
530,9,1398,4.479262378532468,Anna (1996)
530,10,1599,4.476588848412975,Someone Else's America (1995)
531,1,1449,5.0,Pather Panchali (1955)
531,2,1512,4.865735507176356,"World of Apu, The (Apur Sansar) (1959)"
531,3,750,4.75308287931579,Amistad (1997)
531,4,408,4.725863378868062,"Close Shave, A (1995)"
531,5,1064,4.640541607448529,Crossfire (1947)
531,6,1599,4.636016364149489,Someone Else's America (1995)
531,7,318,4.599730857492032,Schindler's List (1993)
531,8,169,4.599637716510451,"Wrong Trousers, The (1993)"
531,9,114,4.588680977451802,Wallace & Gromit: The Best of Aardman Animation (1996)
531,10,513,4.580013483831047,"Third Man, The (1949)"
529,1,1467,4.8989586452961555,"Saint of Fort Washington, The (1993)"
529,2,1449,4.767805301178342,Pather Panchali (1955)
529,3,169,4.6506229484140125,"Wrong Trousers, The (1993)"
529,4,64,4.650172420538457,"Shawshank Redemption, The (1994)"
529,5,1512,4.6483840112292905,"World of Apu, The (Apur Sansar) (1959)"
529,6,1189,4.62651658968539,Prefontaine (1997)
529,7,318,4.608611876254442,Schindler's List (1993)
529,8,1450,4.605268934489363,Golden Earrings (1947)
529,9,174,4.568916769840249,Raiders of the Lost Ark (1981)
529,10,1064,4.529162835881738,Crossfire (1947)
501,1,1449,4.877016495370942,Pather Panchali (1955)
501,2,1512,4.799601421204283,"World of Apu, The (Apur Sansar) (1959)"
501,3,169,4.735436691507863,"Wrong Trousers, The (1993)"
501,4,1467,4.716470336553506,"Saint of Fort Washington, The (1993)"
501,5,408,4.650496827935885,"Close Shave, A (1995)"
501,6,114,4.62084437617729,Wallace & Gromit: The Best of Aardman Animation (1996)
501,7,603,4.6195129275179125,Rear Window (1954)
501,8,178,4.617111986947556,12 Angry Men (1957)
501,9,1398,4.6145208275028375,Anna (1996)
501,10,867,4.612640794050608,"Whole Wide World, The (1996)"
517,1,1449,4.502313106282766,Pather Panchali (1955)
517,2,169,4.420129311548361,"Wrong Trousers, The (1993)"
517,3,1467,4.4150792991785925,"Saint of Fort Washington, The (1993)"
517,4,1512,4.404768521196415,"World of Apu, The (Apur Sansar) (1959)"
517,5,408,4.3676345580204625,"Close Shave, A (1995)"
517,6,114,4.308539478452097,Wallace & Gromit: The Best of Aardman Animation (1996)
517,7,1639,4.301493941265286,Bitter Sugar (Azucar Amargo) (1996)
517,8,320,4.289904843746982,Paradise Lost: The Child Murders at Robin Hood Hills (1996)
517,9,318,4.277426830111316,Schindler's List (1993)
517,10,12,4.221573185521828,"Usual Suspects, The (1995)"
527,1,1449,4.51704532946035,Pather Panchali (1955)
527,2,1512,4.435574128798851,"World of Apu, The (Apur Sansar) (1959)"
527,3,1467,4.4210416662591445,"Saint of Fort Washington, The (1993)"
527,4,1599,4.336247114578033,Someone Else's America (1995)
527,5,318,4.333293278060345,Schindler's List (1993)
527,6,1189,4.289723003954208,Prefontaine (1997)
527,7,867,4.276212470792463,"Whole Wide World, The (1996)"
527,8,1398,4.259225638772498,Anna (1996)
527,9,178,4.256433620479556,12 Angry Men (1957)
527,10,483,4.235122058018635,Casablanca (1942)
485,1,1467,4.179305100639936,"Saint of Fort Washington, The (1993)"
485,2,1449,4.147312026734155,Pather Panchali (1955)
485,3,1512,4.137276219210724,"World of Apu, The (Apur Sansar) (1959)"
485,4,408,4.0758853422467,"Close Shave, A (1995)"
485,5,1398,4.052553009449779,Anna (1996)
485,6,318,4.023156024160164,Schindler's List (1993)
485,7,603,3.999586481226584,Rear Window (1954)
485,8,12,3.99917749553605,"Usual Suspects, The (1995)"
485,9,1599,3.9949410226761306,Someone Else's America (1995)
485,10,169,3.9866936235826325,"Wrong Trousers, The (1993)"
533,1,1449,4.400273139261936,Pather Panchali (1955)
533,2,1189,4.210989585133234,Prefontaine (1997)
533,3,867,4.189428178397142,"Whole Wide World, The (1996)"
533,4,1467,4.1838598014768715,"Saint of Fort Washington, The (1993)"
533,5,1064,4.165177714170035,Crossfire (1947)
533,6,174,4.152611863124748,Raiders of the Lost Ark (1981)
533,7,1512,4.137329165192953,"World of Apu, The (Apur Sansar) (1959)"
533,8,1233,4.073339237405974,Nénette et Boni (1996)
533,9,963,4.061949870585996,Some Folks Call It a Sling Blade (1993)
533,10,966,4.046609464216537,"Affair to Remember, An (1957)"
535,1,1449,4.6865317026040785,Pather Panchali (1955)
535,2,1467,4.610695022234775,"Saint of Fort Washington, The (1993)"
535,3,1512,4.535977380990107,"World of Apu, The (Apur Sansar) (1959)"
535,4,1064,4.507890688564487,Crossfire (1947)
535,5,1554,4.468061163238357,Safe Passage (1994)
535,6,169,4.447900701103245,"Wrong Trousers, The (1993)"
535,7,1189,4.433042484328635,Prefontaine (1997)
535,8,1398,4.431745638036447,Anna (1996)
535,9,867,4.420770626999574,"Whole Wide World, The (1996)"
535,10,320,4.40772459884948,Paradise Lost: The Child Murders at Robin Hood Hills (1996)
520,1,1449,4.580862449466281,Pather Panchali (1955)
520,2,718,4.494097934701436,In the Bleak Midwinter (1995)
520,3,1512,4.444509912422834,"World of Apu, The (Apur Sansar) (1959)"
520,4,318,4.402277558196551,Schindler's List (1993)
520,5,408,4.322772347644184,"Close Shave, A (1995)"
520,6,483,4.305881246136281,Casablanca (1942)
520,7,1142,4.265959362731042,When We Were Kings (1996)
520,8,64,4.255970470425841,"Shawshank Redemption, The (1994)"
520,9,178,4.229764938773418,12 Angry Men (1957)
520,10,1639,4.202291786583913,Bitter Sugar (Azucar Amargo) (1996)
536,1,1449,4.800625933968424,Pather Panchali (1955)
536,2,1467,4.661764437998906,"Saint of Fort Washington, The (1993)"
536,3,318,4.645440074667178,Schindler's List (1993)
536,4,64,4.637825366986155,"Shawshank Redemption, The (1994)"
536,5,867,4.621666730875527,"Whole Wide World, The (1996)"
536,6,1512,4.596882097290756,"World of Apu, The (Apur Sansar) (1959)"
536,7,1189,4.596805778991983,Prefontaine (1997)
536,8,1064,4.5592938607554325,Crossfire (1947)
536,9,483,4.537356349189328,Casablanca (1942)
536,10,313,4.5315616493320725,Titanic (1997)
519,1,1512,5.0,"World of Apu, The (Apur Sansar) (1959)"
519,2,1394,5.0,Swept from the Sea (1997)
519,3,867,5.0,"Whole Wide World, The (1996)"
519,4,1554,5.0,Safe Passage (1994)
519,5,242,5.0,Kolya (1996)
519,6,408,5.0,"Close Shave, A (1995)"
519,7,19,5.0,Antonia's Line (1995)
519,8,119,5.0,Maya Lin: A Strong Clear Vision (1994)
519,9,318,5.0,Schindler's List (1993)
519,10,1368,5.0,Mina Tannenbaum (1994)
537,1,1449,4.092222637382201,Pather Panchali (1955)
537,2,1512,4.060631918410467,"World of Apu, The (Apur Sansar) (1959)"
537,3,408,3.8302550701700806,"Close Shave, A (1995)"
537,4,169,3.7971603793078925,"Wrong Trousers, The (1993)"
537,5,119,3.781720418203509,Maya Lin: A Strong Clear Vision (1994)
537,6,1467,3.774046068581262,"Saint of Fort Washington, The (1993)"
537,7,1599,3.7617838063531734,Someone Else's America (1995)
537,8,114,3.7536842634545917,Wallace & Gromit: The Best of Aardman Animation (1996)
537,9,1398,3.746880046756409,Anna (1996)
537,10,867,3.7217591967295327,"Whole Wide World, The (1996)"
534,1,1449,5.0,Pather Panchali (1955)
534,2,1189,5.0,Prefontaine (1997)
534,3,1467,5.0,"Saint of Fort Washington, The (1993)"
534,4,169,5.0,"Wrong Trousers, The (1993)"
534,5,1064,4.964831267472979,Crossfire (1947)
534,6,1512,4.940479789972982,"World of Apu, The (Apur Sansar) (1959)"
534,7,318,4.937015561774325,Schindler's List (1993)
534,8,867,4.902011199257474,"Whole Wide World, The (1996)"
534,9,64,4.896779418952232,"Shawshank Redemption, The (1994)"
534,10,1500,4.873125322374619,Santa with Muscles (1996)
541,1,1449,4.770518493658246,Pather Panchali (1955)
541,2,1467,4.604542890402619,"Saint of Fort Washington, The (1993)"
541,3,1512,4.602883589908534,"World of Apu, The (Apur Sansar) (1959)"
541,4,318,4.59194695038434,Schindler's List (1993)
541,5,1189,4.5814568653711145,Prefontaine (1997)
541,6,169,4.568399892817083,"Wrong Trousers, The (1993)"
541,7,1642,4.555722115899859,Some Mother's Son (1996)
541,8,1599,4.545434489418277,Someone Else's America (1995)
541,9,64,4.533565084964979,"Shawshank Redemption, The (1994)"
541,10,1064,4.52249290184117,Crossfire (1947)
538,1,1449,4.392896221433346,Pather Panchali (1955)
538,2,1467,4.239675197022186,"Saint of Fort Washington, The (1993)"
538,3,1512,4.2362736618598875,"World of Apu, The (Apur Sansar) (1959)"
538,4,169,4.1637948399500475,"Wrong Trousers, The (1993)"
538,5,64,4.126987549290102,"Shawshank Redemption, The (1994)"
538,6,867,4.122979611632628,"Whole Wide World, The (1996)"
538,7,1189,4.122916093959928,Prefontaine (1997)
538,8,1064,4.103010957451553,Crossfire (1947)
538,9,408,4.0981997175999485,"Close Shave, A (1995)"
538,10,114,4.065373975023151,Wallace & Gromit: The Best of Aardman Animation (1996)
542,1,1449,4.490546168113835,Pather Panchali (1955)
542,2,1512,4.441268607531667,"World of Apu, The (Apur Sansar) (1959)"
542,3,1467,4.360986633928441,"Saint of Fort Washington, The (1993)"
542,4,1599,4.334221189125213,Someone Else's America (1995)
542,5,169,4.315763283058155,"Wrong Trousers, The (1993)"
542,6,408,4.281989976115955,"Close Shave, A (1995)"
542,7,867,4.271265485122745,"Whole Wide World, The (1996)"
542,8,603,4.266804643168434,Rear Window (1954)
542,9,483,4.266800483850919,Casablanca (1942)
542,10,1398,4.264609618341002,Anna (1996)
526,1,1449,4.467333021399314,Pather Panchali (1955)
526,2,1512,4.3891965207171,"World of Apu, The (Apur Sansar) (1959)"
526,3,178,4.28126728039812,12 Angry Men (1957)
526,4,119,4.214568017518062,Maya Lin: A Strong Clear Vision (1994)
526,5,357,4.212049240175019,One Flew Over the Cuckoo's Nest (1975)
526,6,603,4.1993662999313175,Rear Window (1954)
526,7,1398,4.189700552312886,Anna (1996)
526,8,483,4.184117417034437,Casablanca (1942)
526,9,318,4.181806004952972,Schindler's List (1993)
526,10,134,4.168842613276821,Citizen Kane (1941)
545,1,1449,4.588390862329824,Pather Panchali (1955)
545,2,1467,4.487481431699542,"Saint of Fort Washington, The (1993)"
545,3,1512,4.415447214742384,"World of Apu, The (Apur Sansar) (1959)"
545,4,169,4.381921708544101,"Wrong Trousers, The (1993)"
545,5,867,4.357549292054347,"Whole Wide World, The (1996)"
545,6,1064,4.339357451279652,Crossfire (1947)
545,7,318,4.335892354706956,Schindler's List (1993)
545,8,64,4.318713744089202,"Shawshank Redemption, The (1994)"
545,9,1189,4.289342157827456,Prefontaine (1997)
545,10,408,4.279363067157334,"Close Shave, A (1995)"
539,1,1449,4.826910365745391,Pather Panchali (1955)
539,2,318,4.649188451965786,Schindler's List (1993)
539,3,174,4.630429493672821,Raiders of the Lost Ark (1981)
539,4,1064,4.622988061522751,Crossfire (1947)
539,5,1189,4.618003083600383,Prefontaine (1997)
539,6,1467,4.611715413373012,"Saint of Fort Washington, The (1993)"
539,7,867,4.584745108007952,"Whole Wide World, The (1996)"
539,8,169,4.58461549810193,"Wrong Trousers, The (1993)"
539,9,408,4.556290140889688,"Close Shave, A (1995)"
539,10,50,4.5560030408095376,Star Wars (1977)
547,1,1449,4.683681672946604,Pather Panchali (1955)
547,2,1512,4.588491717230851,"World of Apu, The (Apur Sansar) (1959)"
547,3,483,4.450331729606247,Casablanca (1942)
547,4,1398,4.433866426392898,Anna (1996)
547,5,408,4.432763482697289,"Close Shave, A (1995)"
547,6,1642,4.431767275385018,Some Mother's Son (1996)
547,7,718,4.4293186901623365,In the Bleak Midwinter (1995)
547,8,169,4.399685573216623,"Wrong Trousers, The (1993)"
547,9,867,4.393229882037148,"Whole Wide World, The (1996)"
547,10,318,4.3861777823990415,Schindler's List (1993)
543,1,1449,4.485496645676844,Pather Panchali (1955)
543,2,1512,4.362063446370266,"World of Apu, The (Apur Sansar) (1959)"
543,3,1467,4.317556852415609,"Saint of Fort Washington, The (1993)"
543,4,867,4.209309641557664,"Whole Wide World, The (1996)"
543,5,1064,4.168909710140177,Crossfire (1947)
543,6,483,4.164221817605369,Casablanca (1942)
543,7,408,4.153792715374744,"Close Shave, A (1995)"
543,8,1398,4.14959808505784,Anna (1996)
543,9,603,4.148812226507787,Rear Window (1954)
543,10,1599,4.142868909045901,Someone Else's America (1995)
548,1,1467,4.872672441866614,"Saint of Fort Washington, The (1993)"
548,2,1189,4.657106847255621,Prefontaine (1997)
548,3,1449,4.593661203648453,Pather Panchali (1955)
548,4,867,4.590043770332122,"Whole Wide World, The (1996)"
548,5,174,4.584768725457045,Raiders of the Lost Ark (1981)
548,6,64,4.571907088958276,"Shawshank Redemption, The (1994)"
548,7,641,4.537241084316604,Paths of Glory (1957)
548,8,169,4.519946734116402,"Wrong Trousers, The (1993)"
548,9,172,4.485458369304828,"Empire Strikes Back, The (1980)"
548,10,1064,4.468679948101782,Crossfire (1947)
546,1,1368,4.917285783473287,Mina Tannenbaum (1994)
546,2,1467,4.842161641276394,"Saint of Fort Washington, The (1993)"
546,3,1449,4.745193681470713,Pather Panchali (1955)
546,4,1642,4.72234508717009,Some Mother's Son (1996)
546,5,1639,4.717624336813366,Bitter Sugar (Azucar Amargo) (1996)
546,6,1064,4.711854538834079,Crossfire (1947)
546,7,174,4.677447501078026,Raiders of the Lost Ark (1981)
546,8,169,4.6711837585368965,"Wrong Trousers, The (1993)"
546,9,867,4.652931828146414,"Whole Wide World, The (1996)"
546,10,1500,4.646170688912562,Santa with Muscles (1996)
522,1,1449,4.91937978736325,Pather Panchali (1955)
522,2,1512,4.913978138709575,"World of Apu, The (Apur Sansar) (1959)"
522,3,119,4.738792713806696,Maya Lin: A Strong Clear Vision (1994)
522,4,127,4.694180342023571,"Godfather, The (1972)"
522,5,1467,4.677775989912914,"Saint of Fort Washington, The (1993)"
522,6,169,4.663676991703473,"Wrong Trousers, The (1993)"
522,7,867,4.65657599814838,"Whole Wide World, The (1996)"
522,8,408,4.649569926486709,"Close Shave, A (1995)"
522,9,1599,4.6446456321137255,Someone Else's America (1995)
522,10,1398,4.633958534244352,Anna (1996)
551,1,1467,4.959882927466895,"Saint of Fort Washington, The (1993)"
551,2,1449,4.938032251133542,Pather Panchali (1955)
551,3,1512,4.788098484497382,"World of Apu, The (Apur Sansar) (1959)"
551,4,318,4.77078262319064,Schindler's List (1993)
551,5,1064,4.64830195992336,Crossfire (1947)
551,6,1189,4.638988163914746,Prefontaine (1997)
551,7,178,4.637054172308782,12 Angry Men (1957)
551,8,169,4.598510063251593,"Wrong Trousers, The (1993)"
551,9,1524,4.593042088299356,Kaspar Hauser (1993)
551,10,1450,4.589233108459304,Golden Earrings (1947)
544,1,1449,4.314621725688689,Pather Panchali (1955)
544,2,1512,4.258382443566544,"World of Apu, The (Apur Sansar) (1959)"
544,3,1599,4.120446127715694,Someone Else's America (1995)
544,4,408,4.100705900775274,"Close Shave, A (1995)"
544,5,169,4.080950330943008,"Wrong Trousers, The (1993)"
544,6,483,4.048890361728695,Casablanca (1942)
544,7,867,4.033440573142036,"Whole Wide World, The (1996)"
544,8,318,4.029018059017978,Schindler's List (1993)
544,9,480,4.007797366449827,North by Northwest (1959)
544,10,127,4.0016435165945135,"Godfather, The (1972)"
553,1,1449,4.9068003672442915,Pather Panchali (1955)
553,2,1512,4.80772798097168,"World of Apu, The (Apur Sansar) (1959)"
553,3,169,4.67580652668328,"Wrong Trousers, The (1993)"
553,4,1467,4.671718235857162,"Saint of Fort Washington, The (1993)"
553,5,318,4.617995246107815,Schindler's List (1993)
553,6,408,4.608951757206915,"Close Shave, A (1995)"
553,7,64,4.604378647718123,"Shawshank Redemption, The (1994)"
553,8,867,4.570287447031554,"Whole Wide World, The (1996)"
553,9,12,4.560687187881696,"Usual Suspects, The (1995)"
553,10,1599,4.5580059405671545,Someone Else's America (1995)
552,1,1449,4.431969155931373,Pather Panchali (1955)
552,2,1512,4.281312162328276,"World of Apu, The (Apur Sansar) (1959)"
552,3,1467,4.235724983709817,"Saint of Fort Washington, The (1993)"
552,4,318,4.179260208705382,Schindler's List (1993)
552,5,169,4.159378561027438,"Wrong Trousers, The (1993)"
552,6,867,4.138982206130259,"Whole Wide World, The (1996)"
552,7,408,4.134122843278942,"Close Shave, A (1995)"
552,8,64,4.128047075375456,"Shawshank Redemption, The (1994)"
552,9,1064,4.126999397083119,Crossfire (1947)
552,10,483,4.091306792882596,Casablanca (1942)
540,1,1449,4.873826826412089,Pather Panchali (1955)
540,2,1512,4.758081746632568,"World of Apu, The (Apur Sansar) (1959)"
540,3,1467,4.666683630296421,"Saint of Fort Washington, The (1993)"
540,4,169,4.636040083223946,"Wrong Trousers, The (1993)"
540,5,408,4.605621833482219,"Close Shave, A (1995)"
540,6,318,4.58677922871505,Schindler's List (1993)
540,7,603,4.559718289251562,Rear Window (1954)
540,8,1599,4.559403988084963,Someone Else's America (1995)
540,9,119,4.558688846669562,Maya Lin: A Strong Clear Vision (1994)
540,10,867,4.5583250963356585,"Whole Wide World, The (1996)"
554,1,1449,4.533070654027142,Pather Panchali (1955)
554,2,1467,4.462129837355052,"Saint of Fort Washington, The (1993)"
554,3,64,4.386783893757574,"Shawshank Redemption, The (1994)"
554,4,1512,4.368627684643054,"World of Apu, The (Apur Sansar) (1959)"
554,5,169,4.351097366148482,"Wrong Trousers, The (1993)"
554,6,1189,4.346110498371414,Prefontaine (1997)
554,7,867,4.3126651088363825,"Whole Wide World, The (1996)"
554,8,1064,4.299387606037561,Crossfire (1947)
554,9,1554,4.293980285780242,Safe Passage (1994)
554,10,483,4.293673460367821,Casablanca (1942)
550,1,1449,4.65399262494812,Pather Panchali (1955)
550,2,408,4.599577725294308,"Close Shave, A (1995)"
550,3,64,4.582687542054744,"Shawshank Redemption, The (1994)"
550,4,169,4.572744436373204,"Wrong Trousers, The (1993)"
550,5,318,4.556414643539914,Schindler's List (1993)
550,6,867,4.51733124634888,"Whole Wide World, The (1996)"
550,7,1512,4.511139416549442,"World of Apu, The (Apur Sansar) (1959)"
550,8,1467,4.503342783583572,"Saint of Fort Washington, The (1993)"
550,9,1064,4.500263454772237,Crossfire (1947)
550,10,1189,4.485972697583811,Prefontaine (1997)
556,1,1512,4.966198173398957,"World of Apu, The (Apur Sansar) (1959)"
556,2,1449,4.934874746096968,Pather Panchali (1955)
556,3,320,4.791342445051352,Paradise Lost: The Child Murders at Robin Hood Hills (1996)
556,4,357,4.78228216554425,One Flew Over the Cuckoo's Nest (1975)
556,5,408,4.780936156538491,"Close Shave, A (1995)"
556,6,483,4.76873310571507,Casablanca (1942)
556,7,1467,4.730400338990769,"Saint of Fort Washington, The (1993)"
556,8,1398,4.726845045285956,Anna (1996)
556,9,603,4.713885560015682,Rear Window (1954)
556,10,169,4.705623721514824,"Wrong Trousers, The (1993)"
561,1,408,3.912039466109214,"Close Shave, A (1995)"
561,2,169,3.8876353390087455,"Wrong Trousers, The (1993)"
561,3,119,3.8335504965098943,Maya Lin: A Strong Clear Vision (1994)
561,4,1599,3.8312355946086196,Someone Else's America (1995)
561,5,851,3.822120471334598,Two or Three Things I Know About Her (1966)
561,6,114,3.819191982164263,Wallace & Gromit: The Best of Aardman Animation (1996)
561,7,1467,3.803148215254765,"Saint of Fort Washington, The (1993)"
561,8,1193,3.8014814856689343,Before the Rain (Pred dozhdot) (1994)
561,9,513,3.7920125692198914,"Third Man, The (1949)"
561,10,867,3.770992656269322,"Whole Wide World, The (1996)"
560,1,1449,4.477810125263277,Pather Panchali (1955)
560,2,1512,4.407780064606758,"World of Apu, The (Apur Sansar) (1959)"
560,3,169,4.2778312124390645,"Wrong Trousers, The (1993)"
560,4,1467,4.253936257197607,"Saint of Fort Washington, The (1993)"
560,5,867,4.249999702218138,"Whole Wide World, The (1996)"
560,6,408,4.213256163544164,"Close Shave, A (1995)"
560,7,114,4.178234272067715,Wallace & Gromit: The Best of Aardman Animation (1996)
560,8,1599,4.176448479342371,Someone Else's America (1995)
560,9,64,4.165889777509009,"Shawshank Redemption, The (1994)"
560,10,119,4.156808821966105,Maya Lin: A Strong Clear Vision (1994)
563,1,1449,4.903023275246753,Pather Panchali (1955)
563,2,1512,4.8358024521739456,"World of Apu, The (Apur Sansar) (1959)"
563,3,64,4.789317564498819,"Shawshank Redemption, The (1994)"
563,4,318,4.770579134120316,Schindler's List (1993)
563,5,169,4.730526568989183,"Wrong Trousers, The (1993)"
563,6,12,4.722310521840154,"Usual Suspects, The (1995)"
563,7,174,4.701377123059966,Raiders of the Lost Ark (1981)
563,8,1467,4.695259610108567,"Saint of Fort Washington, The (1993)"
563,9,320,4.691457782821658,Paradise Lost: The Child Murders at Robin Hood Hills (1996)
563,10,178,4.685906741757778,12 Angry Men (1957)
566,1,1449,4.6806321924787815,Pather Panchali (1955)
566,2,1512,4.605169979249795,"World of Apu, The (Apur Sansar) (1959)"
566,3,851,4.348708850378536,Two or Three Things I Know About Her (1966)
566,4,169,4.331443589154744,"Wrong Trousers, The (1993)"
566,5,408,4.329440418892673,"Close Shave, A (1995)"
566,6,1467,4.316771648518886,"Saint of Fort Washington, The (1993)"
566,7,512,4.3015423108844715,Wings of Desire (1987)
566,8,119,4.296030794817572,Maya Lin: A Strong Clear Vision (1994)
566,9,513,4.283773246913462,"Third Man, The (1949)"
566,10,603,4.273184606105785,Rear Window (1954)
557,1,1449,4.9314699932231445,Pather Panchali (1955)
557,2,1512,4.898030843971213,"World of Apu, The (Apur Sansar) (1959)"
557,3,1467,4.853392485248653,"Saint of Fort Washington, The (1993)"
557,4,1599,4.705290111719709,Someone Else's America (1995)
557,5,114,4.681508191587849,Wallace & Gromit: The Best of Aardman Animation (1996)
557,6,169,4.667379906057505,"Wrong Trousers, The (1993)"
557,7,318,4.666319796626794,Schindler's List (1993)
557,8,408,4.641732314441557,"Close Shave, A (1995)"
557,9,1189,4.621663964862314,Prefontaine (1997)
557,10,64,4.590258546283445,"Shawshank Redemption, The (1994)"
558,1,1449,5.0,Pather Panchali (1955)
558,2,1512,4.990449892812866,"World of Apu, The (Apur Sansar) (1959)"
558,3,1467,4.830323546420811,"Saint of Fort Washington, The (1993)"
558,4,119,4.82921603656029,Maya Lin: A Strong Clear Vision (1994)
558,5,867,4.741462698830193,"Whole Wide World, The (1996)"
558,6,408,4.683366612578302,"Close Shave, A (1995)"
558,7,483,4.673819443581586,Casablanca (1942)
558,8,1599,4.662891274442187,Someone Else's America (1995)
558,9,318,4.66070096283109,Schindler's List (1993)
558,10,169,4.660233707582926,"Wrong Trousers, The (1993)"
559,1,1467,4.4230829088675385,"Saint of Fort Washington, The (1993)"
559,2,1449,4.36971094471976,Pather Panchali (1955)
559,3,1512,4.185509249459778,"World of Apu, The (Apur Sansar) (1959)"
559,4,64,4.167709403861257,"Shawshank Redemption, The (1994)"
559,5,1064,4.148425109610571,Crossfire (1947)
559,6,867,4.14331771063226,"Whole Wide World, The (1996)"
559,7,1189,4.1272800668975265,Prefontaine (1997)
559,8,1398,4.105028716154805,Anna (1996)
559,9,1599,4.104155920721716,Someone Else's America (1995)
559,10,1131,4.098322782724624,Safe (1995)
565,1,1467,5.0,"Saint of Fort Washington, The (1993)"
565,2,1512,5.0,"World of Apu, The (Apur Sansar) (1959)"
565,3,169,5.0,"Wrong Trousers, The (1993)"
565,4,1449,5.0,Pather Panchali (1955)
565,5,64,4.93750457365205,"Shawshank Redemption, The (1994)"
565,6,318,4.91598149590378,Schindler's List (1993)
565,7,408,4.910472860043462,"Close Shave, A (1995)"
565,8,867,4.9003869867932845,"Whole Wide World, The (1996)"
565,9,12,4.897289306061539,"Usual Suspects, The (1995)"
565,10,178,4.882249342584218,12 Angry Men (1957)
573,1,1449,4.538360704072321,Pather Panchali (1955)
573,2,1512,4.3886811862450985,"World of Apu, The (Apur Sansar) (1959)"
573,3,169,4.349444429332427,"Wrong Trousers, The (1993)"
573,4,1467,4.343877016420523,"Saint of Fort Washington, The (1993)"
573,5,867,4.270869307661021,"Whole Wide World, The (1996)"
573,6,408,4.244784634381454,"Close Shave, A (1995)"
573,7,64,4.205493357957853,"Shawshank Redemption, The (1994)"
573,8,114,4.2043037935613325,Wallace & Gromit: The Best of Aardman Animation (1996)
573,9,318,4.18918609282999,Schindler's List (1993)
573,10,1064,4.1881041519083135,Crossfire (1947)
549,1,1449,4.761007240040618,Pather Panchali (1955)
549,2,1467,4.696734442582733,"Saint of Fort Washington, The (1993)"
549,3,1512,4.622219749029348,"World of Apu, The (Apur Sansar) (1959)"
549,4,64,4.619105896603005,"Shawshank Redemption, The (1994)"
549,5,318,4.614057391541872,Schindler's List (1993)
549,6,169,4.581161826306376,"Wrong Trousers, The (1993)"
549,7,174,4.528768431514963,Raiders of the Lost Ark (1981)
549,8,1064,4.5114351234683125,Crossfire (1947)
549,9,178,4.5059264372759635,12 Angry Men (1957)
549,10,1189,4.5038638985296755,Prefontaine (1997)
567,1,1449,4.727191535407459,Pather Panchali (1955)
567,2,1512,4.636615400177291,"World of Apu, The (Apur Sansar) (1959)"
567,3,1467,4.552688941991696,"Saint of Fort Washington, The (1993)"
567,4,851,4.5017813098919115,Two or Three Things I Know About Her (1966)
567,5,1193,4.494366184591121,Before the Rain (Pred dozhdot) (1994)
567,6,1599,4.494046476908857,Someone Else's America (1995)
567,7,114,4.4615587038402165,Wallace & Gromit: The Best of Aardman Animation (1996)
567,8,408,4.454299727305557,"Close Shave, A (1995)"
567,9,169,4.452095015027744,"Wrong Trousers, The (1993)"
567,10,867,4.447322773518375,"Whole Wide World, The (1996)"
576,1,1449,4.56073740818297,Pather Panchali (1955)
576,2,1189,4.441523004007996,Prefontaine (1997)
576,3,174,4.435237782923779,Raiders of the Lost Ark (1981)
576,4,1467,4.425669522119309,"Saint of Fort Washington, The (1993)"
576,5,318,4.410600815852424,Schindler's List (1993)
576,6,1064,4.392292043108932,Crossfire (1947)
576,7,64,4.39074015195192,"Shawshank Redemption, The (1994)"
576,8,867,4.3778505123523,"Whole Wide World, The (1996)"
576,9,313,4.362401505652636,Titanic (1997)
576,10,169,4.346014208710996,"Wrong Trousers, The (1993)"
577,1,1449,4.791830666236147,Pather Panchali (1955)
577,2,1467,4.683983918856112,"Saint of Fort Washington, The (1993)"
577,3,1064,4.614420049596222,Crossfire (1947)
577,4,867,4.602381592990989,"Whole Wide World, The (1996)"
577,5,1189,4.554772097534683,Prefontaine (1997)
577,6,169,4.5520516948707375,"Wrong Trousers, The (1993)"
577,7,1512,4.502172932753064,"World of Apu, The (Apur Sansar) (1959)"
577,8,408,4.49710089358012,"Close Shave, A (1995)"
577,9,483,4.492353623135174,Casablanca (1942)
577,10,1368,4.46007312766868,Mina Tannenbaum (1994)
579,1,1449,4.412153439253603,Pather Panchali (1955)
579,2,1467,4.29693574869728,"Saint of Fort Washington, The (1993)"
579,3,318,4.230243266302624,Schindler's List (1993)
579,4,64,4.216741219303634,"Shawshank Redemption, The (1994)"
579,5,1512,4.2145560521192795,"World of Apu, The (Apur Sansar) (1959)"
579,6,1064,4.187432537771268,Crossfire (1947)
579,7,1189,4.154696258074299,Prefontaine (1997)
579,8,178,4.113050097257093,12 Angry Men (1957)
579,9,1554,4.108148741105011,Safe Passage (1994)
579,10,867,4.100239039363744,"Whole Wide World, The (1996)"
574,1,1449,4.653092897430613,Pather Panchali (1955)
574,2,1512,4.5051773839180855,"World of Apu, The (Apur Sansar) (1959)"
574,3,1467,4.503054869226908,"Saint of Fort Washington, The (1993)"
574,4,1639,4.479068200064242,Bitter Sugar (Azucar Amargo) (1996)
574,5,318,4.478455889716114,Schindler's List (1993)
574,6,1189,4.433596316048196,Prefontaine (1997)
574,7,1554,4.4296845110555445,Safe Passage (1994)
574,8,174,4.419660414240502,Raiders of the Lost Ark (1981)
574,9,64,4.405306458325389,"Shawshank Redemption, The (1994)"
574,10,1064,4.38769349623867,Crossfire (1947)
569,1,1449,4.639892499714914,Pather Panchali (1955)
569,2,408,4.553674972962811,"Close Shave, A (1995)"
569,3,1512,4.530541322881035,"World of Apu, The (Apur Sansar) (1959)"
569,4,318,4.49922376030049,Schindler's List (1993)
569,5,483,4.442611926698336,Casablanca (1942)
569,6,867,4.404769098854494,"Whole Wide World, The (1996)"
569,7,114,4.404435338077849,Wallace & Gromit: The Best of Aardman Animation (1996)
569,8,169,4.387893076062523,"Wrong Trousers, The (1993)"
569,9,1467,4.380477162319266,"Saint of Fort Washington, The (1993)"
569,10,64,4.375713900160929,"Shawshank Redemption, The (1994)"
562,1,1449,4.240219517690559,Pather Panchali (1955)
562,2,1467,4.135965063898434,"Saint of Fort Washington, The (1993)"
562,3,496,4.135145212410333,It's a Wonderful Life (1946)
562,4,318,4.1257429990840535,Schindler's List (1993)
562,5,1554,4.104849288829985,Safe Passage (1994)
562,6,1064,4.0689958695088215,Crossfire (1947)
562,7,57,4.0563329615652455,Priest (1994)
562,8,1398,4.049484387548422,Anna (1996)
562,9,64,4.030038096014109,"Shawshank Redemption, The (1994)"
562,10,701,4.0212321464490275,"Wonderful, Horrible Life of Leni Riefenstahl, The (1993)"
564,1,1449,4.42978993646554,Pather Panchali (1955)
564,2,1467,4.3462053546208965,"Saint of Fort Washington, The (1993)"
564,3,318,4.267123264719827,Schindler's List (1993)
564,4,1189,4.243418159241431,Prefontaine (1997)
564,5,1064,4.2421191546788055,Crossfire (1947)
564,6,169,4.235639527022229,"Wrong Trousers, The (1993)"
564,7,867,4.212018277792742,"Whole Wide World, The (1996)"
564,8,1512,4.1796185455928745,"World of Apu, The (Apur Sansar) (1959)"
564,9,64,4.162201200007157,"Shawshank Redemption, The (1994)"
564,10,408,4.15341085575909,"Close Shave, A (1995)"
572,1,1449,4.526162267939809,Pather Panchali (1955)
572,2,1512,4.379692659149169,"World of Apu, The (Apur Sansar) (1959)"
572,3,1599,4.298917110498838,Someone Else's America (1995)
572,4,318,4.264970183598334,Schindler's List (1993)
572,5,178,4.23211256905614,12 Angry Men (1957)
572,6,718,4.2084120639553495,In the Bleak Midwinter (1995)
572,7,603,4.188850562898874,Rear Window (1954)
572,8,357,4.185985650706632,One Flew Over the Cuckoo's Nest (1975)
572,9,483,4.173869680490993,Casablanca (1942)
572,10,408,4.1527276691841015,"Close Shave, A (1995)"
584,1,1467,4.356124103343404,"Saint of Fort Washington, The (1993)"
584,2,1554,4.353124924223522,Safe Passage (1994)
584,3,1449,4.350494918609685,Pather Panchali (1955)
584,4,50,4.332994263743808,Star Wars (1977)
584,5,64,4.331661139877756,"Shawshank Redemption, The (1994)"
584,6,169,4.331590450134363,"Wrong Trousers, The (1993)"
584,7,174,4.327757474929849,Raiders of the Lost Ark (1981)
584,8,318,4.284273738424617,Schindler's List (1993)
584,9,1450,4.234596253281985,Golden Earrings (1947)
584,10,408,4.217342668536145,"Close Shave, A (1995)"
588,1,1449,4.773699227040279,Pather Panchali (1955)
588,2,1467,4.612323604739026,"Saint of Fort Washington, The (1993)"
588,3,64,4.565978178815551,"Shawshank Redemption, The (1994)"
588,4,1450,4.542670411760868,Golden Earrings (1947)
588,5,1512,4.535706777412302,"World of Apu, The (Apur Sansar) (1959)"
588,6,1064,4.526189196966361,Crossfire (1947)
588,7,320,4.49824820214079,Paradise Lost: The Child Murders at Robin Hood Hills (1996)
588,8,1554,4.486318823118159,Safe Passage (1994)
588,9,1189,4.470333166813114,Prefontaine (1997)
588,10,1131,4.45443190453333,Safe (1995)
568,1,1467,4.18983096151469,"Saint of Fort Washington, The (1993)"
568,2,318,4.09278250506441,Schindler's List (1993)
568,3,320,4.085696448257111,Paradise Lost: The Child Murders at Robin Hood Hills (1996)
568,4,1449,4.082576187107111,Pather Panchali (1955)
568,5,64,4.048162968973532,"Shawshank Redemption, The (1994)"
568,6,1512,4.007586868477733,"World of Apu, The (Apur Sansar) (1959)"
568,7,1189,3.977827784571401,Prefontaine (1997)
568,8,1599,3.9768299091601733,Someone Else's America (1995)
568,9,1398,3.956578423246169,Anna (1996)
568,10,357,3.956003601047318,One Flew Over the Cuckoo's Nest (1975)
586,1,1449,4.4344794286599996,Pather Panchali (1955)
586,2,1467,4.417291206441887,"Saint of Fort Washington, The (1993)"
586,3,1512,4.293024766692093,"World of Apu, The (Apur Sansar) (1959)"
586,4,169,4.255049627226475,"Wrong Trousers, The (1993)"
586,5,1064,4.247420257955225,Crossfire (1947)
586,6,1554,4.238912390174512,Safe Passage (1994)
586,7,867,4.2322488283849085,"Whole Wide World, The (1996)"
586,8,320,4.229417976807388,Paradise Lost: The Child Murders at Robin Hood Hills (1996)
586,9,64,4.226216212035113,"Shawshank Redemption, The (1994)"
586,10,1450,4.196139772004864,Golden Earrings (1947)
585,1,318,4.402487825354379,Schindler's List (1993)
585,2,1467,4.390604021489784,"Saint of Fort Washington, The (1993)"
585,3,483,4.3645069874911995,Casablanca (1942)
585,4,1064,4.344140374149825,Crossfire (1947)
585,5,169,4.337005393271875,"Wrong Trousers, The (1993)"
585,6,1599,4.325702351558971,Someone Else's America (1995)
585,7,1642,4.307064990075706,Some Mother's Son (1996)
585,8,1639,4.303077083154623,Bitter Sugar (Azucar Amargo) (1996)
585,9,408,4.301600708645576,"Close Shave, A (1995)"
585,10,1368,4.297077489519027,Mina Tannenbaum (1994)
587,1,1449,4.452286749522986,Pather Panchali (1955)
587,2,1467,4.414236838463858,"Saint of Fort Washington, The (1993)"
587,3,1512,4.274071760558372,"World of Apu, The (Apur Sansar) (1959)"
587,4,64,4.258461965910889,"Shawshank Redemption, The (1994)"
587,5,169,4.228601615626336,"Wrong Trousers, The (1993)"
587,6,178,4.228122082895475,12 Angry Men (1957)
587,7,1189,4.221976434682237,Prefontaine (1997)
587,8,603,4.2134884930749275,Rear Window (1954)
587,9,318,4.199223716457802,Schindler's List (1993)
587,10,1398,4.192942404215884,Anna (1996)
582,1,1449,4.7327106265571555,Pather Panchali (1955)
582,2,1512,4.729008757073418,"World of Apu, The (Apur Sansar) (1959)"
582,3,408,4.6484919502389,"Close Shave, A (1995)"
582,4,119,4.52181671591954,Maya Lin: A Strong Clear Vision (1994)
582,5,718,4.496532744553637,In the Bleak Midwinter (1995)
582,6,127,4.496120998952255,"Godfather, The (1972)"
582,7,169,4.493814874694776,"Wrong Trousers, The (1993)"
582,8,483,4.454889620082427,Casablanca (1942)
582,9,114,4.450113162226862,Wallace & Gromit: The Best of Aardman Animation (1996)
582,10,12,4.447179045920005,"Usual Suspects, The (1995)"
591,1,1449,4.624054684365695,Pather Panchali (1955)
591,2,1512,4.539832918296763,"World of Apu, The (Apur Sansar) (1959)"
591,3,1467,4.395435989466155,"Saint of Fort Washington, The (1993)"
591,4,318,4.375541086005217,Schindler's List (1993)
591,5,178,4.359386829495936,12 Angry Men (1957)
591,6,320,4.352919453104483,Paradise Lost: The Child Murders at Robin Hood Hills (1996)
591,7,408,4.349662198734387,"Close Shave, A (1995)"
591,8,169,4.319742714468315,"Wrong Trousers, The (1993)"
591,9,483,4.314467562303007,Casablanca (1942)
591,10,119,4.31000454991886,Maya Lin: A Strong Clear Vision (1994)
581,1,320,4.805042269836223,Paradise Lost: The Child Murders at Robin Hood Hills (1996)
581,2,1449,4.705268009348068,Pather Panchali (1955)
581,3,1467,4.671206783849766,"Saint of Fort Washington, The (1993)"
581,4,1642,4.649273912650668,Some Mother's Son (1996)
581,5,1512,4.623349548952723,"World of Apu, The (Apur Sansar) (1959)"
581,6,169,4.601195109190457,"Wrong Trousers, The (1993)"
581,7,114,4.573633505704887,Wallace & Gromit: The Best of Aardman Animation (1996)
581,8,603,4.549615620100167,Rear Window (1954)
581,9,408,4.538639985046007,"Close Shave, A (1995)"
581,10,1524,4.525549125148658,Kaspar Hauser (1993)
555,1,1449,5.0,Pather Panchali (1955)
555,2,1467,4.837897942193233,"Saint of Fort Washington, The (1993)"
555,3,1512,4.830760413275617,"World of Apu, The (Apur Sansar) (1959)"
555,4,318,4.758767853244485,Schindler's List (1993)
555,5,867,4.738070454773503,"Whole Wide World, The (1996)"
555,6,1064,4.737782098440945,Crossfire (1947)
555,7,483,4.68792599101496,Casablanca (1942)
555,8,408,4.682333037999811,"Close Shave, A (1995)"
555,9,64,4.679778194097371,"Shawshank Redemption, The (1994)"
555,10,1450,4.672593737683445,Golden Earrings (1947)
592,1,1449,5.0,Pather Panchali (1955)
592,2,1512,5.0,"World of Apu, The (Apur Sansar) (1959)"
592,3,127,4.870815979045456,"Godfather, The (1972)"
592,4,1467,4.846536216260419,"Saint of Fort Washington, The (1993)"
592,5,119,4.803898107534742,Maya Lin: A Strong Clear Vision (1994)
592,6,114,4.803095927158386,Wallace & Gromit: The Best of Aardman Animation (1996)
592,7,1599,4.779629026189253,Someone Else's America (1995)
592,8,641,4.739347643643839,Paths of Glory (1957)
592,9,511,4.705311487654333,Lawrence of Arabia (1962)
592,10,474,4.69177448329455,Dr. Strangelove or: How I Learned to Stop Worrying and Love the Bomb (1963)
580,1,1449,4.627837538198239,Pather Panchali (1955)
580,2,320,4.5520263283731435,Paradise Lost: The Child Murders at Robin Hood Hills (1996)
580,3,1467,4.525856653480423,"Saint of Fort Washington, The (1993)"
580,4,318,4.475820261765108,Schindler's List (1993)
580,5,1512,4.472787442509528,"World of Apu, The (Apur Sansar) (1959)"
580,6,1554,4.45976015390575,Safe Passage (1994)
580,7,169,4.4420461117443475,"Wrong Trousers, The (1993)"
580,8,483,4.418716820158706,Casablanca (1942)
580,9,178,4.405166380424566,12 Angry Men (1957)
580,10,64,4.395201234396362,"Shawshank Redemption, The (1994)"
593,1,1467,4.49427368187155,"Saint of Fort Washington, The (1993)"
593,2,1449,4.492081825974495,Pather Panchali (1955)
593,3,318,4.409026975310293,Schindler's List (1993)
593,4,64,4.386572576467915,"Shawshank Redemption, The (1994)"
593,5,1512,4.336641368950716,"World of Apu, The (Apur Sansar) (1959)"
593,6,1189,4.2861030504379105,Prefontaine (1997)
593,7,1554,4.285819931966963,Safe Passage (1994)
593,8,174,4.261558845590824,Raiders of the Lost Ark (1981)
593,9,1450,4.257292818333111,Golden Earrings (1947)
593,10,178,4.219135405462337,12 Angry Men (1957)
583,1,1449,5.0,Pather Panchali (1955)
583,2,1512,5.0,"World of Apu, The (Apur Sansar) (1959)"
583,3,169,4.889941960317451,"Wrong Trousers, The (1993)"
583,4,1467,4.887108076536411,"Saint of Fort Washington, The (1993)"
583,5,408,4.87369498865576,"Close Shave, A (1995)"
583,6,1398,4.867913566008976,Anna (1996)
583,7,119,4.862318165757713,Maya Lin: A Strong Clear Vision (1994)
583,8,1599,4.857045098168369,Someone Else's America (1995)
583,9,603,4.856993097882481,Rear Window (1954)
583,10,127,4.838002266886059,"Godfather, The (1972)"
596,1,1467,4.608842303967107,"Saint of Fort Washington, The (1993)"
596,2,1449,4.598628164911772,Pather Panchali (1955)
596,3,318,4.560960907506847,Schindler's List (1993)
596,4,64,4.502455009606358,"Shawshank Redemption, The (1994)"
596,5,1189,4.499256545113454,Prefontaine (1997)
596,6,1512,4.452956361172294,"World of Apu, The (Apur Sansar) (1959)"
596,7,867,4.435461877298511,"Whole Wide World, The (1996)"
596,8,1554,4.421922832209921,Safe Passage (1994)
596,9,1064,4.4125358414663065,Crossfire (1947)
596,10,169,4.400964495694129,"Wrong Trousers, The (1993)"
589,1,1467,5.0,"Saint of Fort Washington, The (1993)"
589,2,1189,4.727984808657342,Prefontaine (1997)
589,3,318,4.679788365112787,Schindler's List (1993)
589,4,174,4.664266096810568,Raiders of the Lost Ark (1981)
589,5,64,4.650087927699592,"Shawshank Redemption, The (1994)"
589,6,1398,4.586990845599839,Anna (1996)
589,7,1512,4.532415962752,"World of Apu, The (Apur Sansar) (1959)"
589,8,50,4.526243337279801,Star Wars (1977)
589,9,22,4.516372532282055,Braveheart (1995)
589,10,1449,4.508382890155344,Pather Panchali (1955)
594,1,1449,4.350921215049838,Pather Panchali (1955)
594,2,1512,4.219833334936816,"World of Apu, The (Apur Sansar) (1959)"
594,3,1467,4.182137279277018,"Saint of Fort Washington, The (1993)"
594,4,169,4.106681442604689,"Wrong Trousers, The (1993)"
594,5,318,4.102861339382151,Schindler's List (1993)
594,6,64,4.060411433581145,"Shawshank Redemption, The (1994)"
594,7,1064,4.059090439684734,Crossfire (1947)
594,8,408,4.051808496447353,"Close Shave, A (1995)"
594,9,1398,4.049529727971633,Anna (1996)
594,10,603,4.044383094607023,Rear Window (1954)
578,1,1233,3.904970484636965,Nénette et Boni (1996)
578,2,1189,3.8665310648813533,Prefontaine (1997)
578,3,1467,3.8509591625515878,"Saint of Fort Washington, The (1993)"
578,4,318,3.806356787764041,Schindler's List (1993)
578,5,174,3.804944489111711,Raiders of the Lost Ark (1981)
578,6,22,3.774939157017672,Braveheart (1995)
578,7,1450,3.7417818005805374,Golden Earrings (1947)
578,8,966,3.726858990079844,"Affair to Remember, An (1957)"
578,9,64,3.724048784299218,"Shawshank Redemption, The (1994)"
578,10,496,3.723170798846354,It's a Wonderful Life (1946)
601,1,1449,4.376181703180942,Pather Panchali (1955)
601,2,1512,4.2890997922836105,"World of Apu, The (Apur Sansar) (1959)"
601,3,169,4.1967792383122005,"Wrong Trousers, The (1993)"
601,4,408,4.15924128285279,"Close Shave, A (1995)"
601,5,119,4.150425584869655,Maya Lin: A Strong Clear Vision (1994)
601,6,114,4.087703924500291,Wallace & Gromit: The Best of Aardman Animation (1996)
601,7,1467,4.083068341033325,"Saint of Fort Washington, The (1993)"
601,8,867,4.054235276238913,"Whole Wide World, The (1996)"
601,9,657,4.038948435790336,"Manchurian Candidate, The (1962)"
601,10,603,4.0206007690567835,Rear Window (1954)
602,1,1449,4.932293906554532,Pather Panchali (1955)
602,2,1467,4.843563411322327,"Saint of Fort Washington, The (1993)"
602,3,1512,4.758903473535774,"World of Apu, The (Apur Sansar) (1959)"
602,4,169,4.744926704107821,"Wrong Trousers, The (1993)"
602,5,867,4.739602949846684,"Whole Wide World, The (1996)"
602,6,318,4.726835738692697,Schindler's List (1993)
602,7,64,4.7059207138612935,"Shawshank Redemption, The (1994)"
602,8,1189,4.689447392761375,Prefontaine (1997)
602,9,174,4.676396292344637,Raiders of the Lost Ark (1981)
602,10,408,4.658163690433344,"Close Shave, A (1995)"
600,1,1449,4.918413876760372,Pather Panchali (1955)
600,2,1512,4.816402910732625,"World of Apu, The (Apur Sansar) (1959)"
600,3,318,4.642049625748528,Schindler's List (1993)
600,4,64,4.631958598257982,"Shawshank Redemption, The (1994)"
600,5,169,4.617002550063263,"Wrong Trousers, The (1993)"
600,6,1467,4.616264159528811,"Saint of Fort Washington, The (1993)"
600,7,408,4.610480393292438,"Close Shave, A (1995)"
600,8,867,4.5903668118055965,"Whole Wide World, The (1996)"
600,9,178,4.590150359194671,12 Angry Men (1957)
600,10,114,4.571791934736211,Wallace & Gromit: The Best of Aardman Animation (1996)
590,1,1449,4.585442006848073,Pather Panchali (1955)
590,2,1512,4.54661048256269,"World of Apu, The (Apur Sansar) (1959)"
590,3,408,4.505513928628125,"Close Shave, A (1995)"
590,4,119,4.389088677790056,Maya Lin: A Strong Clear Vision (1994)
590,5,1398,4.375791467363157,Anna (1996)
590,6,320,4.374796678567419,Paradise Lost: The Child Murders at Robin Hood Hills (1996)
590,7,169,4.36938672729437,"Wrong Trousers, The (1993)"
590,8,127,4.365898621516738,"Godfather, The (1972)"
590,9,483,4.357813721945093,Casablanca (1942)
590,10,114,4.352535629360849,Wallace & Gromit: The Best of Aardman Animation (1996)
605,1,1449,4.900897901711478,Pather Panchali (1955)
605,2,1512,4.865804585860471,"World of Apu, The (Apur Sansar) (1959)"
605,3,1467,4.714267013839127,"Saint of Fort Washington, The (1993)"
605,4,178,4.683899891541288,12 Angry Men (1957)
605,5,603,4.628473688303636,Rear Window (1954)
605,6,169,4.625621468350944,"Wrong Trousers, The (1993)"
605,7,1398,4.619920301698093,Anna (1996)
605,8,119,4.608980781408288,Maya Lin: A Strong Clear Vision (1994)
605,9,867,4.604051567810681,"Whole Wide World, The (1996)"
605,10,1599,4.586819094714117,Someone Else's America (1995)
603,1,1449,4.7004308523797524,Pather Panchali (1955)
603,2,1467,4.646039304380324,"Saint of Fort Washington, The (1993)"
603,3,169,4.559649054113607,"Wrong Trousers, The (1993)"
603,4,867,4.553527731819622,"Whole Wide World, The (1996)"
603,5,1064,4.4929797702858245,Crossfire (1947)
603,6,1512,4.4589531100417314,"World of Apu, The (Apur Sansar) (1959)"
603,7,174,4.404842406863225,Raiders of the Lost Ark (1981)
603,8,64,4.403751704007684,"Shawshank Redemption, The (1994)"
603,9,318,4.401248955296736,Schindler's List (1993)
603,10,1642,4.3931331195328,Some Mother's Son (1996)
606,1,1449,4.904350402410987,Pather Panchali (1955)
606,2,1467,4.877939539983237,"Saint of Fort Washington, The (1993)"
606,3,318,4.769591483732701,Schindler's List (1993)
606,4,1512,4.746290254330033,"World of Apu, The (Apur Sansar) (1959)"
606,5,169,4.661989036517634,"Wrong Trousers, The (1993)"
606,6,1189,4.658063678945391,Prefontaine (1997)
606,7,1554,4.65469874336752,Safe Passage (1994)
606,8,1064,4.646941981345223,Crossfire (1947)
606,9,867,4.636549964424483,"Whole Wide World, The (1996)"
606,10,1450,4.577674909026825,Golden Earrings (1947)
597,1,1398,4.574702303766021,Anna (1996)
597,2,1512,4.535444574008658,"World of Apu, The (Apur Sansar) (1959)"
597,3,1467,4.533306034417802,"Saint of Fort Washington, The (1993)"
597,4,1449,4.522793460253203,Pather Panchali (1955)
597,5,318,4.509878217044578,Schindler's List (1993)
597,6,272,4.490403058057011,Good Will Hunting (1997)
597,7,64,4.487319791023462,"Shawshank Redemption, The (1994)"
597,8,169,4.472754693083878,"Wrong Trousers, The (1993)"
597,9,1189,4.469008484795914,Prefontaine (1997)
597,10,114,4.433587003327731,Wallace & Gromit: The Best of Aardman Animation (1996)
575,1,1449,3.9617086762642257,Pather Panchali (1955)
575,2,1189,3.9607199588905826,Prefontaine (1997)
575,3,64,3.9570061591331274,"Shawshank Redemption, The (1994)"
575,4,169,3.9468627050080802,"Wrong Trousers, The (1993)"
575,5,641,3.8772267099906976,Paths of Glory (1957)
575,6,12,3.8754557440659734,"Usual Suspects, The (1995)"
575,7,114,3.8647160705858514,Wallace & Gromit: The Best of Aardman Animation (1996)
575,8,1554,3.8410488257188935,Safe Passage (1994)
575,9,1131,3.8351652308427417,Safe (1995)
575,10,1450,3.825111785097876,Golden Earrings (1947)
608,1,1449,4.638648457122594,Pather Panchali (1955)
608,2,1512,4.513085942876574,"World of Apu, The (Apur Sansar) (1959)"
608,3,1599,4.474874810719189,Someone Else's America (1995)
608,4,1064,4.457562949374018,Crossfire (1947)
608,5,318,4.414590632415538,Schindler's List (1993)
608,6,178,4.359872587087091,12 Angry Men (1957)
608,7,1398,4.310392727102377,Anna (1996)
608,8,408,4.308972937441232,"Close Shave, A (1995)"
608,9,1189,4.29230470943114,Prefontaine (1997)
608,10,480,4.279796844645024,North by Northwest (1959)
607,1,1449,4.660245841820707,Pather Panchali (1955)
607,2,1512,4.564976100810509,"World of Apu, The (Apur Sansar) (1959)"
607,3,1467,4.4379460458376006,"Saint of Fort Washington, The (1993)"
607,4,169,4.402253065421691,"Wrong Trousers, The (1993)"
607,5,408,4.368810584763861,"Close Shave, A (1995)"
607,6,1599,4.34500036693406,Someone Else's America (1995)
607,7,114,4.344273488820174,Wallace & Gromit: The Best of Aardman Animation (1996)
607,8,178,4.33746194011398,12 Angry Men (1957)
607,9,603,4.336859403073867,Rear Window (1954)
607,10,1398,4.335971378133273,Anna (1996)
595,1,1512,4.740113196586722,"World of Apu, The (Apur Sansar) (1959)"
595,2,1449,4.709814257708918,Pather Panchali (1955)
595,3,178,4.494452157789209,12 Angry Men (1957)
595,4,408,4.492856386620805,"Close Shave, A (1995)"
595,5,357,4.489239329905554,One Flew Over the Cuckoo's Nest (1975)
595,6,119,4.4704537636734125,Maya Lin: A Strong Clear Vision (1994)
595,7,169,4.464302191911715,"Wrong Trousers, The (1993)"
595,8,1599,4.455972754365208,Someone Else's America (1995)
595,9,98,4.42630058168781,"Silence of the Lambs, The (1991)"
595,10,318,4.415208773411437,Schindler's List (1993)
610,1,1449,4.6961529280731975,Pather Panchali (1955)
610,2,1512,4.514459864846787,"World of Apu, The (Apur Sansar) (1959)"
610,3,64,4.49620529810236,"Shawshank Redemption, The (1994)"
610,4,1467,4.456675432945014,"Saint of Fort Washington, The (1993)"
610,5,178,4.412186640394858,12 Angry Men (1957)
610,6,1189,4.397202354596491,Prefontaine (1997)
610,7,1064,4.3918773154107695,Crossfire (1947)
610,8,483,4.377620078824475,Casablanca (1942)
610,9,408,4.376940015071538,"Close Shave, A (1995)"
610,10,1599,4.372008372038599,Someone Else's America (1995)
611,1,1449,4.992144457146746,Pather Panchali (1955)
611,2,320,4.877729728899442,Paradise Lost: The Child Murders at Robin Hood Hills (1996)
611,3,318,4.829225752919551,Schindler's List (1993)
611,4,1512,4.778758835469326,"World of Apu, The (Apur Sansar) (1959)"
611,5,64,4.77198535997629,"Shawshank Redemption, The (1994)"
611,6,169,4.739280837515482,"Wrong Trousers, The (1993)"
611,7,408,4.727024645633533,"Close Shave, A (1995)"
611,8,313,4.685746252946209,Titanic (1997)
611,9,1467,4.685648338310131,"Saint of Fort Washington, The (1993)"
611,10,178,4.648044022873871,12 Angry Men (1957)
617,1,1449,3.9055759064051725,Pather Panchali (1955)
617,2,1599,3.8805887301008024,Someone Else's America (1995)
617,3,1512,3.8208780462535716,"World of Apu, The (Apur Sansar) (1959)"
617,4,641,3.6326884293858694,Paths of Glory (1957)
617,5,1398,3.6044346479503333,Anna (1996)
617,6,867,3.596050802414564,"Whole Wide World, The (1996)"
617,7,127,3.5893510062710825,"Godfather, The (1972)"
617,8,1189,3.5768794553408094,Prefontaine (1997)
617,9,603,3.5627378681601294,Rear Window (1954)
617,10,12,3.560994491150865,"Usual Suspects, The (1995)"
618,1,1449,4.200515946137968,Pather Panchali (1955)
618,2,1467,4.180209590785969,"Saint of Fort Washington, The (1993)"
618,3,1512,4.077602578399487,"World of Apu, The (Apur Sansar) (1959)"
618,4,1189,4.0043264311564135,Prefontaine (1997)
618,5,178,3.98248558966817,12 Angry Men (1957)
618,6,1599,3.9605097771993294,Someone Else's America (1995)
618,7,169,3.9506949977977492,"Wrong Trousers, The (1993)"
618,8,603,3.938819102702888,Rear Window (1954)
618,9,867,3.9373874842515013,"Whole Wide World, The (1996)"
618,10,1554,3.9373611585695993,Safe Passage (1994)
614,1,1449,4.433708610669248,Pather Panchali (1955)
614,2,1467,4.397200436493872,"Saint of Fort Washington, The (1993)"
614,3,1512,4.2636166913010305,"World of Apu, The (Apur Sansar) (1959)"
614,4,867,4.250024464423851,"Whole Wide World, The (1996)"
614,5,1368,4.236771037228201,Mina Tannenbaum (1994)
614,6,1189,4.163629363503612,Prefontaine (1997)
614,7,169,4.152451802964664,"Wrong Trousers, The (1993)"
614,8,1599,4.125142717020461,Someone Else's America (1995)
614,9,851,4.11626222213585,Two or Three Things I Know About Her (1966)
614,10,12,4.084976178776687,"Usual Suspects, The (1995)"
615,1,1449,4.765183183059122,Pather Panchali (1955)
615,2,1512,4.6546268590463855,"World of Apu, The (Apur Sansar) (1959)"
615,3,169,4.600314619734736,"Wrong Trousers, The (1993)"
615,4,408,4.583251401450051,"Close Shave, A (1995)"
615,5,1467,4.555769594983264,"Saint of Fort Washington, The (1993)"
615,6,1599,4.527066174401114,Someone Else's America (1995)
615,7,483,4.508316732821876,Casablanca (1942)
615,8,318,4.507664145056938,Schindler's List (1993)
615,9,64,4.5065628403085025,"Shawshank Redemption, The (1994)"
615,10,867,4.495777773390742,"Whole Wide World, The (1996)"
599,1,1449,4.999987126102376,Pather Panchali (1955)
599,2,1467,4.993736888923957,"Saint of Fort Washington, The (1993)"
599,3,1189,4.984068850715907,Prefontaine (1997)
599,4,318,4.935357618637865,Schindler's List (1993)
599,5,174,4.926627282201867,Raiders of the Lost Ark (1981)
599,6,64,4.905405824169197,"Shawshank Redemption, The (1994)"
599,7,1064,4.889326835905545,Crossfire (1947)
599,8,867,4.860053475692549,"Whole Wide World, The (1996)"
599,9,313,4.840392613598718,Titanic (1997)
599,10,1554,4.82386498582053,Safe Passage (1994)
616,1,1449,4.778305034669888,Pather Panchali (1955)
616,2,1512,4.638821952474661,"World of Apu, The (Apur Sansar) (1959)"
616,3,318,4.620851019517692,Schindler's List (1993)
616,4,408,4.593151871050299,"Close Shave, A (1995)"
616,5,169,4.553122745392027,"Wrong Trousers, The (1993)"
616,6,1467,4.550559167205074,"Saint of Fort Washington, The (1993)"
616,7,64,4.537430013582854,"Shawshank Redemption, The (1994)"
616,8,867,4.518137974735668,"Whole Wide World, The (1996)"
616,9,483,4.505620753899952,Casablanca (1942)
616,10,114,4.487748652887911,Wallace & Gromit: The Best of Aardman Animation (1996)
620,1,1449,4.930518382690639,Pather Panchali (1955)
620,2,1467,4.864668929733243,"Saint of Fort Washington, The (1993)"
620,3,169,4.829542948181751,"Wrong Trousers, The (1993)"
620,4,1064,4.822821036302514,Crossfire (1947)
620,5,318,4.790396843214111,Schindler's List (1993)
620,6,1450,4.765788317777731,Golden Earrings (1947)
620,7,1189,4.723620371958733,Prefontaine (1997)
620,8,64,4.714701695376054,"Shawshank Redemption, The (1994)"
620,9,1500,4.707849319781746,Santa with Muscles (1996)
620,10,1651,4.692163401418978,"Spanish Prisoner, The (1997)"
571,1,1449,4.1140824957275814,Pather Panchali (1955)
571,2,1512,4.014218168366658,"World of Apu, The (Apur Sansar) (1959)"
571,3,1467,3.9507875925448737,"Saint of Fort Washington, The (1993)"
571,4,408,3.8995521207169315,"Close Shave, A (1995)"
571,5,169,3.860192558115969,"Wrong Trousers, The (1993)"
571,6,318,3.852032202757751,Schindler's List (1993)
571,7,1398,3.8422262195168875,Anna (1996)
571,8,320,3.842125037762723,Paradise Lost: The Child Murders at Robin Hood Hills (1996)
571,9,603,3.8315000054021966,Rear Window (1954)
571,10,1599,3.8301055251414726,Someone Else's America (1995)
621,1,1449,4.890161524838664,Pather Panchali (1955)
621,2,1512,4.743807509538812,"World of Apu, The (Apur Sansar) (1959)"
621,3,1467,4.738662894445848,"Saint of Fort Washington, The (1993)"
621,4,169,4.730644375447802,"Wrong Trousers, The (1993)"
621,5,867,4.669092527755135,"Whole Wide World, The (1996)"
621,6,64,4.648143746175531,"Shawshank Redemption, The (1994)"
621,7,1599,4.647571332632505,Someone Else's America (1995)
621,8,408,4.611110539840956,"Close Shave, A (1995)"
621,9,318,4.603213296518989,Schindler's List (1993)
621,10,1064,4.599859430463614,Crossfire (1947)
619,1,1467,4.4764472602942975,"Saint of Fort Washington, The (1993)"
619,2,1449,4.469018452359177,Pather Panchali (1955)
619,3,174,4.431710493492231,Raiders of the Lost Ark (1981)
619,4,1189,4.399498367136704,Prefontaine (1997)
619,5,64,4.385400541499171,"Shawshank Redemption, The (1994)"
619,6,318,4.346678346633746,Schindler's List (1993)
619,7,867,4.330412749752696,"Whole Wide World, The (1996)"
619,8,1064,4.285245451726461,Crossfire (1947)
619,9,169,4.2488806227362605,"Wrong Trousers, The (1993)"
619,10,1512,4.240568340027062,"World of Apu, The (Apur Sansar) (1959)"
622,1,1449,4.600053789217799,Pather Panchali (1955)
622,2,1512,4.583299673685792,"World of Apu, The (Apur Sansar) (1959)"
622,3,1467,4.521302074602569,"Saint of Fort Washington, The (1993)"
622,4,408,4.418645525680681,"Close Shave, A (1995)"
622,5,114,4.376892721204744,Wallace & Gromit: The Best of Aardman Animation (1996)
622,6,318,4.369304755441711,Schindler's List (1993)
622,7,119,4.353845282375965,Maya Lin: A Strong Clear Vision (1994)
622,8,357,4.348459340245182,One Flew Over the Cuckoo's Nest (1975)
622,9,50,4.33495085855633,Star Wars (1977)
622,10,178,4.329669568997908,12 Angry Men (1957)
604,1,1449,4.24743628869275,Pather Panchali (1955)
604,2,169,4.207319960224287,"Wrong Trousers, The (1993)"
604,3,318,4.126925321717598,Schindler's List (1993)
604,4,408,4.10539788715667,"Close Shave, A (1995)"
604,5,1642,4.096825398056813,Some Mother's Son (1996)
604,6,174,4.084499375842054,Raiders of the Lost Ark (1981)
604,7,1368,4.081018721133664,Mina Tannenbaum (1994)
604,8,50,4.076772769958904,Star Wars (1977)
604,9,483,4.0733729496673945,Casablanca (1942)
604,10,1639,4.069254859489565,Bitter Sugar (Azucar Amargo) (1996)
624,1,1449,4.753105243658056,Pather Panchali (1955)
624,2,1512,4.646183873605553,"World of Apu, The (Apur Sansar) (1959)"
624,3,1467,4.587645770001791,"Saint of Fort Washington, The (1993)"
624,4,169,4.5482694038082565,"Wrong Trousers, The (1993)"
624,5,64,4.508993229391238,"Shawshank Redemption, The (1994)"
624,6,408,4.504051500899565,"Close Shave, A (1995)"
624,7,318,4.5020735232401385,Schindler's List (1993)
624,8,867,4.491017820110704,"Whole Wide World, The (1996)"
624,9,114,4.45840599402579,Wallace & Gromit: The Best of Aardman Animation (1996)
624,10,178,4.453817827204711,12 Angry Men (1957)
612,1,1449,4.390560066098747,Pather Panchali (1955)
612,2,1467,4.290358147139891,"Saint of Fort Washington, The (1993)"
612,3,1512,4.270866108368345,"World of Apu, The (Apur Sansar) (1959)"
612,4,318,4.2565921519729715,Schindler's List (1993)
612,5,1064,4.185388199825243,Crossfire (1947)
612,6,169,4.150136280239063,"Wrong Trousers, The (1993)"
612,7,64,4.148176034664054,"Shawshank Redemption, The (1994)"
612,8,1642,4.12998980567344,Some Mother's Son (1996)
612,9,1398,4.12740346725286,Anna (1996)
612,10,1639,4.126330872337028,Bitter Sugar (Azucar Amargo) (1996)
627,1,1449,4.535682226706149,Pather Panchali (1955)
627,2,1512,4.38516908103737,"World of Apu, The (Apur Sansar) (1959)"
627,3,1467,4.33603180601527,"Saint of Fort Washington, The (1993)"
627,4,169,4.319851324661143,"Wrong Trousers, The (1993)"
627,5,408,4.293263501094081,"Close Shave, A (1995)"
627,6,867,4.223268436174006,"Whole Wide World, The (1996)"
627,7,114,4.2053371502264705,Wallace & Gromit: The Best of Aardman Animation (1996)
627,8,603,4.177640585350675,Rear Window (1954)
627,9,483,4.1737517797358725,Casablanca (1942)
627,10,1064,4.170874908438599,Crossfire (1947)
623,1,1449,4.600423214789513,Pather Panchali (1955)
623,2,1512,4.462020821768323,"World of Apu, The (Apur Sansar) (1959)"
623,3,318,4.400857137638462,Schindler's List (1993)
623,4,408,4.347568162348698,"Close Shave, A (1995)"
623,5,657,4.283767218681972,"Manchurian Candidate, The (1962)"
623,6,1467,4.281110453584459,"Saint of Fort Washington, The (1993)"
623,7,169,4.279400217012498,"Wrong Trousers, The (1993)"
623,8,1642,4.279227845833344,Some Mother's Son (1996)
623,9,64,4.25026848538562,"Shawshank Redemption, The (1994)"
623,10,867,4.24270685391029,"Whole Wide World, The (1996)"
628,1,488,5.0,Sunset Blvd. (1950)
628,2,1191,5.0,"Letter From Death Row, A (1998)"
628,3,318,5.0,Schindler's List (1993)
628,4,498,5.0,"African Queen, The (1951)"
628,5,114,5.0,Wallace & Gromit: The Best of Aardman Animation (1996)
628,6,613,5.0,My Man Godfrey (1936)
628,7,923,5.0,Raise the Red Lantern (1991)
628,8,496,5.0,It's a Wonderful Life (1946)
628,9,1623,5.0,"Cérémonie, La (1995)"
628,10,490,5.0,To Catch a Thief (1955)
625,1,1449,4.339675237780724,Pather Panchali (1955)
625,2,1512,4.20419869014531,"World of Apu, The (Apur Sansar) (1959)"
625,3,1467,4.1909735851738965,"Saint of Fort Washington, The (1993)"
625,4,169,4.113705624557649,"Wrong Trousers, The (1993)"
625,5,318,4.095333858103884,Schindler's List (1993)
625,6,867,4.064459940186575,"Whole Wide World, The (1996)"
625,7,64,4.053428580311926,"Shawshank Redemption, The (1994)"
625,8,1064,4.032141798508133,Crossfire (1947)
625,9,1599,4.01418123764264,Someone Else's America (1995)
625,10,12,4.004839854057544,"Usual Suspects, The (1995)"
570,1,1449,4.050248180437268,Pather Panchali (1955)
570,2,1512,3.9491633959614934,"World of Apu, The (Apur Sansar) (1959)"
570,3,169,3.7757276280192373,"Wrong Trousers, The (1993)"
570,4,1467,3.7449931333343933,"Saint of Fort Washington, The (1993)"
570,5,318,3.695446763225894,Schindler's List (1993)
570,6,408,3.681666308491264,"Close Shave, A (1995)"
570,7,1642,3.6660390162275567,Some Mother's Son (1996)
570,8,320,3.662007211619744,Paradise Lost: The Child Murders at Robin Hood Hills (1996)
570,9,483,3.6619088088572385,Casablanca (1942)
570,10,1064,3.657182113596257,Crossfire (1947)
633,1,1449,4.2256015950258,Pather Panchali (1955)
633,2,1467,4.12534897972398,"Saint of Fort Washington, The (1993)"
633,3,1189,4.100722557425917,Prefontaine (1997)
633,4,64,4.053827263455079,"Shawshank Redemption, The (1994)"
633,5,174,4.052875015211104,Raiders of the Lost Ark (1981)
633,6,1512,4.0405538094299915,"World of Apu, The (Apur Sansar) (1959)"
633,7,1064,4.029605536077391,Crossfire (1947)
633,8,313,4.018779221525298,Titanic (1997)
633,9,169,4.009725084284142,"Wrong Trousers, The (1993)"
633,10,867,4.007579730042939,"Whole Wide World, The (1996)"
632,1,1449,4.494587306860842,Pather Panchali (1955)
632,2,1467,4.426297971777485,"Saint of Fort Washington, The (1993)"
632,3,50,4.363836938286139,Star Wars (1977)
632,4,1512,4.353716645583598,"World of Apu, The (Apur Sansar) (1959)"
632,5,169,4.349133173060254,"Wrong Trousers, The (1993)"
632,6,1554,4.332385671077122,Safe Passage (1994)
632,7,1189,4.33093318436594,Prefontaine (1997)
632,8,408,4.272644239312664,"Close Shave, A (1995)"
632,9,867,4.266233716892174,"Whole Wide World, The (1996)"
632,10,313,4.238344764084302,Titanic (1997)
634,1,1449,4.528309885067456,Pather Panchali (1955)
634,2,1467,4.438086453749066,"Saint of Fort Washington, The (1993)"
634,3,64,4.395351713167733,"Shawshank Redemption, The (1994)"
634,4,1189,4.382853679120534,Prefontaine (1997)
634,5,318,4.381334421317286,Schindler's List (1993)
634,6,1512,4.363692044061793,"World of Apu, The (Apur Sansar) (1959)"
634,7,1064,4.350132307717985,Crossfire (1947)
634,8,169,4.328500426893038,"Wrong Trousers, The (1993)"
634,9,174,4.29453160719558,Raiders of the Lost Ark (1981)
634,10,1131,4.293483969406761,Safe (1995)
639,1,1449,3.9052823995299937,Pather Panchali (1955)
639,2,1467,3.7983780458399354,"Saint of Fort Washington, The (1993)"
639,3,1512,3.7148877892416685,"World of Apu, The (Apur Sansar) (1959)"
639,4,318,3.707990853253992,Schindler's List (1993)
639,5,64,3.666347482105079,"Shawshank Redemption, The (1994)"
639,6,169,3.666035327244622,"Wrong Trousers, The (1993)"
639,7,603,3.6173095194510663,Rear Window (1954)
639,8,320,3.6158907706956303,Paradise Lost: The Child Murders at Robin Hood Hills (1996)
639,9,1064,3.6129232850841424,Crossfire (1947)
639,10,1642,3.6105424310497054,Some Mother's Son (1996)
630,1,1467,4.432496285009254,"Saint of Fort Washington, The (1993)"
630,2,1449,4.399602453558106,Pather Panchali (1955)
630,3,1064,4.328413847255088,Crossfire (1947)
630,4,1189,4.319779309589738,Prefontaine (1997)
630,5,318,4.2669099446694645,Schindler's List (1993)
630,6,1450,4.232737735310664,Golden Earrings (1947)
630,7,313,4.217821344180705,Titanic (1997)
630,8,169,4.184881819222758,"Wrong Trousers, The (1993)"
630,9,1512,4.1807191175068725,"World of Apu, The (Apur Sansar) (1959)"
630,10,1131,4.143710731727868,Safe (1995)
609,1,1449,4.177835164379066,Pather Panchali (1955)
609,2,1512,4.0277282585746335,"World of Apu, The (Apur Sansar) (1959)"
609,3,1599,3.9683666309681818,Someone Else's America (1995)
609,4,169,3.9097574198008527,"Wrong Trousers, The (1993)"
609,5,480,3.8162319557825533,North by Northwest (1959)
609,6,867,3.8084579283505304,"Whole Wide World, The (1996)"
609,7,1233,3.7965842808992294,Nénette et Boni (1996)
609,8,318,3.7951597690201715,Schindler's List (1993)
609,9,513,3.7894038463781157,"Third Man, The (1949)"
609,10,64,3.769425824436284,"Shawshank Redemption, The (1994)"
637,1,1449,3.759890694059257,Pather Panchali (1955)
637,2,318,3.7406439050368667,Schindler's List (1993)
637,3,64,3.6424064676638785,"Shawshank Redemption, The (1994)"
637,4,313,3.6126798506103857,Titanic (1997)
637,5,1189,3.597933559017703,Prefontaine (1997)
637,6,174,3.566619767794751,Raiders of the Lost Ark (1981)
637,7,22,3.557248566097987,Braveheart (1995)
637,8,169,3.5396406217996326,"Wrong Trousers, The (1993)"
637,9,867,3.5321947373214595,"Whole Wide World, The (1996)"
637,10,1512,3.526696595385168,"World of Apu, The (Apur Sansar) (1959)"
640,1,1467,5.0,"Saint of Fort Washington, The (1993)"
640,2,1512,5.0,"World of Apu, The (Apur Sansar) (1959)"
640,3,1449,5.0,Pather Panchali (1955)
640,4,408,5.0,"Close Shave, A (1995)"
640,5,114,4.9582268399715295,Wallace & Gromit: The Best of Aardman Animation (1996)
640,6,867,4.956044074939731,"Whole Wide World, The (1996)"
640,7,1599,4.949587583665746,Someone Else's America (1995)
640,8,1398,4.915671898847396,Anna (1996)
640,9,1189,4.899346369027839,Prefontaine (1997)
640,10,483,4.894360992061923,Casablanca (1942)
642,1,1449,4.736109287506419,Pather Panchali (1955)
642,2,1467,4.700603275262984,"Saint of Fort Washington, The (1993)"
642,3,1500,4.639993107201555,Santa with Muscles (1996)
642,4,318,4.598502812597464,Schindler's List (1993)
642,5,867,4.592139158498411,"Whole Wide World, The (1996)"
642,6,1554,4.567508067692332,Safe Passage (1994)
642,7,1189,4.5575624341743035,Prefontaine (1997)
642,8,1169,4.541938448993654,Fresh (1994)
642,9,1639,4.5123989074846165,Bitter Sugar (Azucar Amargo) (1996)
642,10,64,4.511620799430482,"Shawshank Redemption, The (1994)"
626,1,1449,4.09692640134543,Pather Panchali (1955)
626,2,1512,4.028637586262811,"World of Apu, The (Apur Sansar) (1959)"
626,3,169,3.9157923828092045,"Wrong Trousers, The (1993)"
626,4,178,3.8990111998592583,12 Angry Men (1957)
626,5,1142,3.8154813080465266,When We Were Kings (1996)
626,6,357,3.8149988573941473,One Flew Over the Cuckoo's Nest (1975)
626,7,64,3.8145082660958165,"Shawshank Redemption, The (1994)"
626,8,1467,3.808180026278623,"Saint of Fort Washington, The (1993)"
626,9,127,3.800332895044586,"Godfather, The (1972)"
626,10,1398,3.795362840361718,Anna (1996)
613,1,1449,5.0,Pather Panchali (1955)
613,2,1512,4.966527997097743,"World of Apu, The (Apur Sansar) (1959)"
613,3,169,4.848168487497295,"Wrong Trousers, The (1993)"
613,4,1467,4.847012256050478,"Saint of Fort Washington, The (1993)"
613,5,408,4.826864525963342,"Close Shave, A (1995)"
613,6,114,4.78853474618671,Wallace & Gromit: The Best of Aardman Animation (1996)
613,7,867,4.785777772985598,"Whole Wide World, The (1996)"
613,8,1599,4.765729696302083,Someone Else's America (1995)
613,9,178,4.7552559002781205,12 Angry Men (1957)
613,10,12,4.743615386901332,"Usual Suspects, The (1995)"
643,1,1449,4.643138980950385,Pather Panchali (1955)
643,2,1512,4.613160974585656,"World of Apu, The (Apur Sansar) (1959)"
643,3,1467,4.554615908043549,"Saint of Fort Washington, The (1993)"
643,4,119,4.436052072787387,Maya Lin: A Strong Clear Vision (1994)
643,5,1599,4.427581037902201,Someone Else's America (1995)
643,6,867,4.407753019650325,"Whole Wide World, The (1996)"
643,7,178,4.397112357688586,12 Angry Men (1957)
643,8,318,4.395184688521122,Schindler's List (1993)
643,9,127,4.392983399040084,"Godfather, The (1972)"
643,10,64,4.390907920779898,"Shawshank Redemption, The (1994)"
598,1,1449,4.785272627023329,Pather Panchali (1955)
598,2,1467,4.665525561184294,"Saint of Fort Washington, The (1993)"
598,3,1512,4.644732379180645,"World of Apu, The (Apur Sansar) (1959)"
598,4,318,4.641099370680074,Schindler's List (1993)
598,5,408,4.5921028914891515,"Close Shave, A (1995)"
598,6,64,4.5839795360031035,"Shawshank Redemption, The (1994)"
598,7,169,4.56557780361497,"Wrong Trousers, The (1993)"
598,8,1639,4.544043368140769,Bitter Sugar (Azucar Amargo) (1996)
598,9,1450,4.517930668525474,Golden Earrings (1947)
598,10,114,4.498307081475353,Wallace & Gromit: The Best of Aardman Animation (1996)
638,1,1467,4.4287404810982745,"Saint of Fort Washington, The (1993)"
638,2,1449,4.375725489582754,Pather Panchali (1955)
638,3,64,4.303415386358311,"Shawshank Redemption, The (1994)"
638,4,169,4.278783598255433,"Wrong Trousers, The (1993)"
638,5,318,4.27399589663043,Schindler's List (1993)
638,6,1189,4.244257437876502,Prefontaine (1997)
638,7,1512,4.2143381504235125,"World of Apu, The (Apur Sansar) (1959)"
638,8,1554,4.210156558623646,Safe Passage (1994)
638,9,313,4.203057737095546,Titanic (1997)
638,10,12,4.17194499735904,"Usual Suspects, The (1995)"
635,1,1449,4.592342873824885,Pather Panchali (1955)
635,2,1512,4.502822293640379,"World of Apu, The (Apur Sansar) (1959)"
635,3,169,4.401579065317671,"Wrong Trousers, The (1993)"
635,4,408,4.384018724940014,"Close Shave, A (1995)"
635,5,114,4.3536520117070765,Wallace & Gromit: The Best of Aardman Animation (1996)
635,6,1467,4.342084258426525,"Saint of Fort Washington, The (1993)"
635,7,318,4.306652489503609,Schindler's List (1993)
635,8,178,4.2856203774380655,12 Angry Men (1957)
635,9,64,4.262414655329043,"Shawshank Redemption, The (1994)"
635,10,12,4.255564185786687,"Usual Suspects, The (1995)"
644,1,1449,4.993397503639096,Pather Panchali (1955)
644,2,1467,4.930923975279768,"Saint of Fort Washington, The (1993)"
644,3,318,4.788204953855567,Schindler's List (1993)
644,4,867,4.786032870267308,"Whole Wide World, The (1996)"
644,5,1189,4.771726078606572,Prefontaine (1997)
644,6,1064,4.767698866934988,Crossfire (1947)
644,7,1233,4.76488775365914,Nénette et Boni (1996)
644,8,169,4.740461363698918,"Wrong Trousers, The (1993)"
644,9,1512,4.725485124272734,"World of Apu, The (Apur Sansar) (1959)"
644,10,1368,4.722145477818416,Mina Tannenbaum (1994)
631,1,1449,4.480500724864801,Pather Panchali (1955)
631,2,1467,4.322775575466992,"Saint of Fort Washington, The (1993)"
631,3,1512,4.30623266489864,"World of Apu, The (Apur Sansar) (1959)"
631,4,169,4.276435804360635,"Wrong Trousers, The (1993)"
631,5,867,4.243804347117794,"Whole Wide World, The (1996)"
631,6,114,4.208521392014392,Wallace & Gromit: The Best of Aardman Animation (1996)
631,7,408,4.1891263713485305,"Close Shave, A (1995)"
631,8,50,4.17643222555665,Star Wars (1977)
631,9,174,4.171899758944538,Raiders of the Lost Ark (1981)
631,10,318,4.157890191036904,Schindler's List (1993)
629,1,1449,4.9882603128083955,Pather Panchali (1955)
629,2,1512,4.91025607996977,"World of Apu, The (Apur Sansar) (1959)"
629,3,1467,4.904827350102327,"Saint of Fort Washington, The (1993)"
629,4,1189,4.844186839273072,Prefontaine (1997)
629,5,318,4.811183720171915,Schindler's List (1993)
629,6,169,4.781724693701371,"Wrong Trousers, The (1993)"
629,7,50,4.7585651025453135,Star Wars (1977)
629,8,867,4.754428644454093,"Whole Wide World, The (1996)"
629,9,483,4.728707638620504,Casablanca (1942)
629,10,408,4.7193222152636585,"Close Shave, A (1995)"
636,1,318,5.0,Schindler's List (1993)
636,2,1189,5.0,Prefontaine (1997)
636,3,1449,5.0,Pather Panchali (1955)
636,4,1064,5.0,Crossfire (1947)
636,5,1450,5.0,Golden Earrings (1947)
636,6,1467,5.0,"Saint of Fort Washington, The (1993)"
636,7,867,5.0,"Whole Wide World, The (1996)"
636,8,64,5.0,"Shawshank Redemption, The (1994)"
636,9,1554,5.0,Safe Passage (1994)
636,10,169,4.974733107703208,"Wrong Trousers, The (1993)"
645,1,1449,4.7926404349016165,Pather Panchali (1955)
645,2,1512,4.752031997451893,"World of Apu, The (Apur Sansar) (1959)"
645,3,408,4.572742114188812,"Close Shave, A (1995)"
645,4,1599,4.561580224133598,Someone Else's America (1995)
645,5,169,4.516081470213547,"Wrong Trousers, The (1993)"
645,6,867,4.499814958088301,"Whole Wide World, The (1996)"
645,7,127,4.498306266716864,"Godfather, The (1972)"
645,8,603,4.497122493207046,Rear Window (1954)
645,9,1398,4.485478892261346,Anna (1996)
645,10,178,4.485244802112698,12 Angry Men (1957)
648,1,1554,4.4608284650586025,Safe Passage (1994)
648,2,1449,4.388558283347885,Pather Panchali (1955)
648,3,1467,4.382665506669669,"Saint of Fort Washington, The (1993)"
648,4,172,4.374005439613749,"Empire Strikes Back, The (1980)"
648,5,313,4.336711979331426,Titanic (1997)
648,6,1189,4.329062072288491,Prefontaine (1997)
648,7,169,4.327592166890833,"Wrong Trousers, The (1993)"
648,8,64,4.321671633501485,"Shawshank Redemption, The (1994)"
648,9,867,4.243927687212765,"Whole Wide World, The (1996)"
648,10,966,4.238460213038599,"Affair to Remember, An (1957)"
647,1,1449,4.718866541384074,Pather Panchali (1955)
647,2,1467,4.622665315602952,"Saint of Fort Washington, The (1993)"
647,3,318,4.571133022921541,Schindler's List (1993)
647,4,1512,4.545904554995556,"World of Apu, The (Apur Sansar) (1959)"
647,5,867,4.534866765982723,"Whole Wide World, The (1996)"
647,6,169,4.531279416946958,"Wrong Trousers, The (1993)"
647,7,64,4.5269499144628655,"Shawshank Redemption, The (1994)"
647,8,1189,4.507147774302111,Prefontaine (1997)
647,9,1064,4.504753381256638,Crossfire (1947)
647,10,1554,4.484669071397292,Safe Passage (1994)
650,1,1449,4.32733803780666,Pather Panchali (1955)
650,2,1467,4.180479345223694,"Saint of Fort Washington, The (1993)"
650,3,1512,4.1754735813936845,"World of Apu, The (Apur Sansar) (1959)"
650,4,169,4.174080516558377,"Wrong Trousers, The (1993)"
650,5,408,4.118101886219343,"Close Shave, A (1995)"
650,6,318,4.0903555639191405,Schindler's List (1993)
650,7,867,4.0753922678342125,"Whole Wide World, The (1996)"
650,8,64,4.045728808052585,"Shawshank Redemption, The (1994)"
650,9,114,4.04084880999736,Wallace & Gromit: The Best of Aardman Animation (1996)
650,10,1064,4.039544520926992,Crossfire (1947)
654,1,1449,4.575019263292812,Pather Panchali (1955)
654,2,1467,4.49153105860383,"Saint of Fort Washington, The (1993)"
654,3,1189,4.476611355454935,Prefontaine (1997)
654,4,64,4.4634193860086695,"Shawshank Redemption, The (1994)"
654,5,1512,4.431284301602965,"World of Apu, The (Apur Sansar) (1959)"
654,6,867,4.410184582441842,"Whole Wide World, The (1996)"
654,7,1064,4.382056821977492,Crossfire (1947)
654,8,1368,4.376660018709061,Mina Tannenbaum (1994)
654,9,313,4.371976922599526,Titanic (1997)
654,10,1554,4.364617614755775,Safe Passage (1994)
653,1,1449,3.8868972000567106,Pather Panchali (1955)
653,2,169,3.838062746497138,"Wrong Trousers, The (1993)"
653,3,1467,3.7713291199242676,"Saint of Fort Washington, The (1993)"
653,4,1512,3.745281250249396,"World of Apu, The (Apur Sansar) (1959)"
653,5,408,3.7025016693022743,"Close Shave, A (1995)"
653,6,114,3.702474494102875,Wallace & Gromit: The Best of Aardman Animation (1996)
653,7,867,3.657057407971349,"Whole Wide World, The (1996)"
653,8,1189,3.644005421105217,Prefontaine (1997)
653,9,318,3.6420114135076704,Schindler's List (1993)
653,10,12,3.6413331552295425,"Usual Suspects, The (1995)"
655,1,1449,4.04706751588255,Pather Panchali (1955)
655,2,1512,3.962321738816705,"World of Apu, The (Apur Sansar) (1959)"
655,3,1467,3.9551694580479073,"Saint of Fort Washington, The (1993)"
655,4,169,3.82840877980956,"Wrong Trousers, The (1993)"
655,5,1599,3.8070751630030113,Someone Else's America (1995)
655,6,603,3.777551305073627,Rear Window (1954)
655,7,1064,3.7772440383611885,Crossfire (1947)
655,8,1189,3.768216884458604,Prefontaine (1997)
655,9,1398,3.767741723442989,Anna (1996)
655,10,178,3.761527026725537,12 Angry Men (1957)
658,1,1467,4.476591676306303,"Saint of Fort Washington, The (1993)"
658,2,1449,4.473257601879187,Pather Panchali (1955)
658,3,1512,4.368081048838118,"World of Apu, The (Apur Sansar) (1959)"
658,4,64,4.333765913312141,"Shawshank Redemption, The (1994)"
658,5,1064,4.249624472125641,Crossfire (1947)
658,6,1189,4.2411451324414635,Prefontaine (1997)
658,7,1599,4.229730292259344,Someone Else's America (1995)
658,8,867,4.225535041240737,"Whole Wide World, The (1996)"
658,9,12,4.211532753030824,"Usual Suspects, The (1995)"
658,10,483,4.1959158555181535,Casablanca (1942)
656,1,1449,4.028435089782639,Pather Panchali (1955)
656,2,1512,3.905560672608926,"World of Apu, The (Apur Sansar) (1959)"
656,3,1467,3.897263684477688,"Saint of Fort Washington, The (1993)"
656,4,169,3.850826098303475,"Wrong Trousers, The (1993)"
656,5,1463,3.8470070119926625,"Boys, Les (1997)"
656,6,1642,3.818200338222774,Some Mother's Son (1996)
656,7,1398,3.7630062242710136,Anna (1996)
656,8,603,3.7460124875548177,Rear Window (1954)
656,9,483,3.7388986294687174,Casablanca (1942)
656,10,867,3.736766921368201,"Whole Wide World, The (1996)"
659,1,1449,4.722603404936341,Pather Panchali (1955)
659,2,1512,4.595327322471669,"World of Apu, The (Apur Sansar) (1959)"
659,3,1467,4.558502774632939,"Saint of Fort Washington, The (1993)"
659,4,318,4.546282427360847,Schindler's List (1993)
659,5,1599,4.516921010434878,Someone Else's America (1995)
659,6,169,4.479691016876619,"Wrong Trousers, The (1993)"
659,7,1189,4.462309801322133,Prefontaine (1997)
659,8,867,4.436865130504877,"Whole Wide World, The (1996)"
659,9,1398,4.429765988065724,Anna (1996)
659,10,408,4.422869048455116,"Close Shave, A (1995)"
646,1,1467,4.160195133883391,"Saint of Fort Washington, The (1993)"
646,2,1449,4.125286380287918,Pather Panchali (1955)
646,3,318,3.9937392578367263,Schindler's List (1993)
646,4,64,3.987314861540337,"Shawshank Redemption, The (1994)"
646,5,1512,3.9523332812819616,"World of Apu, The (Apur Sansar) (1959)"
646,6,1189,3.9358612668352335,Prefontaine (1997)
646,7,867,3.916875551309829,"Whole Wide World, The (1996)"
646,8,1599,3.900480452348714,Someone Else's America (1995)
646,9,169,3.882948125323164,"Wrong Trousers, The (1993)"
646,10,1064,3.863268484565607,Crossfire (1947)
660,1,1449,3.9353839665470143,Pather Panchali (1955)
660,2,1512,3.783270926014427,"World of Apu, The (Apur Sansar) (1959)"
660,3,169,3.6835380377080544,"Wrong Trousers, The (1993)"
660,4,408,3.682667736159605,"Close Shave, A (1995)"
660,5,1467,3.6541165543603324,"Saint of Fort Washington, The (1993)"
660,6,867,3.6407138651112283,"Whole Wide World, The (1996)"
660,7,1398,3.5877146166508247,Anna (1996)
660,8,318,3.5717779801514697,Schindler's List (1993)
660,9,12,3.570727922229592,"Usual Suspects, The (1995)"
660,10,114,3.559561502542209,Wallace & Gromit: The Best of Aardman Animation (1996)
663,1,1449,4.597015869172235,Pather Panchali (1955)
663,2,1467,4.563529478534607,"Saint of Fort Washington, The (1993)"
663,3,1512,4.543343929351951,"World of Apu, The (Apur Sansar) (1959)"
663,4,318,4.45328400241654,Schindler's List (1993)
663,5,169,4.389342846640032,"Wrong Trousers, The (1993)"
663,6,1599,4.381301089610674,Someone Else's America (1995)
663,7,867,4.364837750680433,"Whole Wide World, The (1996)"
663,8,178,4.353951237701411,12 Angry Men (1957)
663,9,1189,4.341580978539315,Prefontaine (1997)
663,10,1398,4.337241078932798,Anna (1996)
664,1,1512,4.662115467134675,"World of Apu, The (Apur Sansar) (1959)"
664,2,1449,4.654843102630791,Pather Panchali (1955)
664,3,1467,4.474904436706468,"Saint of Fort Washington, The (1993)"
664,4,408,4.436350788818008,"Close Shave, A (1995)"
664,5,178,4.410788190298535,12 Angry Men (1957)
664,6,318,4.395657354854933,Schindler's List (1993)
664,7,1599,4.388787978116173,Someone Else's America (1995)
664,8,114,4.3872925206028475,Wallace & Gromit: The Best of Aardman Animation (1996)
664,9,867,4.378940175059239,"Whole Wide World, The (1996)"
664,10,1398,4.378389786086319,Anna (1996)
649,1,1449,4.775642546484903,Pather Panchali (1955)
649,2,1467,4.682805740766148,"Saint of Fort Washington, The (1993)"
649,3,1512,4.618226591674939,"World of Apu, The (Apur Sansar) (1959)"
649,4,1189,4.5625541305810025,Prefontaine (1997)
649,5,64,4.540551640966922,"Shawshank Redemption, The (1994)"
649,6,1599,4.540202222804305,Someone Else's America (1995)
649,7,318,4.536861707688516,Schindler's List (1993)
649,8,1064,4.4972969030878485,Crossfire (1947)
649,9,169,4.4772079018272235,"Wrong Trousers, The (1993)"
649,10,867,4.452611096521201,"Whole Wide World, The (1996)"
657,1,1449,4.423578779066762,Pather Panchali (1955)
657,2,1512,4.413643883566895,"World of Apu, The (Apur Sansar) (1959)"
657,3,320,4.272231265971364,Paradise Lost: The Child Murders at Robin Hood Hills (1996)
657,4,178,4.1447117105361135,12 Angry Men (1957)
657,5,1599,4.131799969348572,Someone Else's America (1995)
657,6,603,4.120557805866493,Rear Window (1954)
657,7,1467,4.118365356043981,"Saint of Fort Washington, The (1993)"
657,8,318,4.105315970311236,Schindler's List (1993)
657,9,1193,4.097248861999791,Before the Rain (Pred dozhdot) (1994)
657,10,488,4.083915446007726,Sunset Blvd. (1950)
665,1,1449,4.573527756030696,Pather Panchali (1955)
665,2,1467,4.514680418082375,"Saint of Fort Washington, The (1993)"
665,3,1512,4.457037831700883,"World of Apu, The (Apur Sansar) (1959)"
665,4,169,4.38402981768067,"Wrong Trousers, The (1993)"
665,5,1064,4.332691781822631,Crossfire (1947)
665,6,1599,4.332191765232286,Someone Else's America (1995)
665,7,318,4.320453221377819,Schindler's List (1993)
665,8,867,4.305889439371541,"Whole Wide World, The (1996)"
665,9,64,4.298963693011768,"Shawshank Redemption, The (1994)"
665,10,408,4.283414388793547,"Close Shave, A (1995)"
666,1,1449,4.6346665790236115,Pather Panchali (1955)
666,2,1512,4.529227522705193,"World of Apu, The (Apur Sansar) (1959)"
666,3,1467,4.3607761539229735,"Saint of Fort Washington, The (1993)"
666,4,408,4.359357617011289,"Close Shave, A (1995)"
666,5,867,4.32162794614162,"Whole Wide World, The (1996)"
666,6,1599,4.298896750865499,Someone Else's America (1995)
666,7,119,4.286705814128529,Maya Lin: A Strong Clear Vision (1994)
666,8,1398,4.284671892660865,Anna (1996)
666,9,178,4.2773017066713885,12 Angry Men (1957)
666,10,1064,4.261600531958779,Crossfire (1947)
661,1,1449,4.738509033923482,Pather Panchali (1955)
661,2,1512,4.6233839149255,"World of Apu, The (Apur Sansar) (1959)"
661,3,1467,4.554963463102213,"Saint of Fort Washington, The (1993)"
661,4,483,4.495130911316126,Casablanca (1942)
661,5,867,4.484229143439194,"Whole Wide World, The (1996)"
661,6,64,4.478915518624363,"Shawshank Redemption, The (1994)"
661,7,1189,4.437184358602971,Prefontaine (1997)
661,8,12,4.425750880508623,"Usual Suspects, The (1995)"
661,9,114,4.422969162422528,Wallace & Gromit: The Best of Aardman Animation (1996)
661,10,1398,4.409590044463746,Anna (1996)
667,1,1449,4.708808666966731,Pather Panchali (1955)
667,2,1512,4.660972427946789,"World of Apu, The (Apur Sansar) (1959)"
667,3,1467,4.51516884669603,"Saint of Fort Washington, The (1993)"
667,4,408,4.483490649141927,"Close Shave, A (1995)"
667,5,178,4.479150658312217,12 Angry Men (1957)
667,6,603,4.472839417636747,Rear Window (1954)
667,7,169,4.465275627098956,"Wrong Trousers, The (1993)"
667,8,483,4.453742573187972,Casablanca (1942)
667,9,64,4.450194575444497,"Shawshank Redemption, The (1994)"
667,10,114,4.437111835578519,Wallace & Gromit: The Best of Aardman Animation (1996)
641,1,1449,4.889849667367997,Pather Panchali (1955)
641,2,1512,4.820162907922945,"World of Apu, The (Apur Sansar) (1959)"
641,3,119,4.739843921609532,Maya Lin: A Strong Clear Vision (1994)
641,4,169,4.700640343843137,"Wrong Trousers, The (1993)"
641,5,408,4.690199685351019,"Close Shave, A (1995)"
641,6,1599,4.660985090440211,Someone Else's America (1995)
641,7,867,4.646429581599233,"Whole Wide World, The (1996)"
641,8,114,4.5965317102875884,Wallace & Gromit: The Best of Aardman Animation (1996)
641,9,1398,4.591206271722932,Anna (1996)
641,10,474,4.589827339673268,Dr. Strangelove or: How I Learned to Stop Worrying and Love the Bomb (1963)
668,1,1449,4.719534910529363,Pather Panchali (1955)
668,2,1512,4.699040076861576,"World of Apu, The (Apur Sansar) (1959)"
668,3,169,4.637400350758396,"Wrong Trousers, The (1993)"
668,4,1467,4.637012662696263,"Saint of Fort Washington, The (1993)"
668,5,408,4.554964215018481,"Close Shave, A (1995)"
668,6,641,4.515313341188592,Paths of Glory (1957)
668,7,320,4.511692014294751,Paradise Lost: The Child Murders at Robin Hood Hills (1996)
668,8,1368,4.509745569266285,Mina Tannenbaum (1994)
668,9,114,4.505081797892814,Wallace & Gromit: The Best of Aardman Animation (1996)
668,10,12,4.497533469076284,"Usual Suspects, The (1995)"
673,1,1449,4.798225205787655,Pather Panchali (1955)
673,2,1467,4.7171324749503265,"Saint of Fort Washington, The (1993)"
673,3,1512,4.688187625102248,"World of Apu, The (Apur Sansar) (1959)"
673,4,318,4.62044918571729,Schindler's List (1993)
673,5,169,4.61074137837369,"Wrong Trousers, The (1993)"
673,6,867,4.597734092078279,"Whole Wide World, The (1996)"
673,7,483,4.5878733796541855,Casablanca (1942)
673,8,408,4.573667093212237,"Close Shave, A (1995)"
673,9,64,4.5490172335385965,"Shawshank Redemption, The (1994)"
673,10,178,4.54728563796377,12 Angry Men (1957)
671,1,1449,4.620248323359274,Pather Panchali (1955)
671,2,1554,4.595760814915365,Safe Passage (1994)
671,3,318,4.553058801073102,Schindler's List (1993)
671,4,867,4.542307040378484,"Whole Wide World, The (1996)"
671,5,1189,4.540317849574712,Prefontaine (1997)
671,6,64,4.5357137213214385,"Shawshank Redemption, The (1994)"
671,7,1064,4.516848682408595,Crossfire (1947)
671,8,313,4.5153276507726545,Titanic (1997)
671,9,1467,4.510603422978956,"Saint of Fort Washington, The (1993)"
671,10,169,4.445407542890008,"Wrong Trousers, The (1993)"
662,1,1449,5.0,Pather Panchali (1955)
662,2,1512,4.900172852098213,"World of Apu, The (Apur Sansar) (1959)"
662,3,119,4.775596781934656,Maya Lin: A Strong Clear Vision (1994)
662,4,169,4.761260830842514,"Wrong Trousers, The (1993)"
662,5,408,4.750299402994161,"Close Shave, A (1995)"
662,6,1599,4.740795106496196,Someone Else's America (1995)
662,7,867,4.725707424844599,"Whole Wide World, The (1996)"
662,8,1467,4.700600279235522,"Saint of Fort Washington, The (1993)"
662,9,114,4.681333547833911,Wallace & Gromit: The Best of Aardman Animation (1996)
662,10,12,4.6562861838295015,"Usual Suspects, The (1995)"
669,1,1449,4.351783239769463,Pather Panchali (1955)
669,2,1512,4.215290746689783,"World of Apu, The (Apur Sansar) (1959)"
669,3,867,4.214969819933458,"Whole Wide World, The (1996)"
669,4,1398,4.170610951974895,Anna (1996)
669,5,169,4.137870022411514,"Wrong Trousers, The (1993)"
669,6,1599,4.105974349559066,Someone Else's America (1995)
669,7,1467,4.103086134788668,"Saint of Fort Washington, The (1993)"
669,8,851,4.0885761009269475,Two or Three Things I Know About Her (1966)
669,9,178,4.075178387494594,12 Angry Men (1957)
669,10,318,4.039427887473348,Schindler's List (1993)
676,1,1449,4.663363624006895,Pather Panchali (1955)
676,2,1368,4.610316724112757,Mina Tannenbaum (1994)
676,3,174,4.549661871656619,Raiders of the Lost Ark (1981)
676,4,1467,4.529969111700891,"Saint of Fort Washington, The (1993)"
676,5,1233,4.522637014008065,Nénette et Boni (1996)
676,6,1189,4.493300946782705,Prefontaine (1997)
676,7,1512,4.469949644396775,"World of Apu, The (Apur Sansar) (1959)"
676,8,408,4.466503840951044,"Close Shave, A (1995)"
676,9,1064,4.39064637796414,Crossfire (1947)
676,10,1639,4.383042326517619,Bitter Sugar (Azucar Amargo) (1996)
674,1,1449,4.935892480883855,Pather Panchali (1955)
674,2,1467,4.792597487429113,"Saint of Fort Washington, The (1993)"
674,3,1512,4.7498707030922995,"World of Apu, The (Apur Sansar) (1959)"
674,4,867,4.686929451957976,"Whole Wide World, The (1996)"
674,5,64,4.65997904023492,"Shawshank Redemption, The (1994)"
674,6,169,4.618897798537688,"Wrong Trousers, The (1993)"
674,7,318,4.618198209477445,Schindler's List (1993)
674,8,1189,4.581205800295777,Prefontaine (1997)
674,9,1450,4.576627612398302,Golden Earrings (1947)
674,10,1064,4.56587694040184,Crossfire (1947)
652,1,1449,4.4685186889254105,Pather Panchali (1955)
652,2,1512,4.39953839844785,"World of Apu, The (Apur Sansar) (1959)"
652,3,408,4.31248031866497,"Close Shave, A (1995)"
652,4,318,4.300106393137296,Schindler's List (1993)
652,5,1467,4.2425410924442035,"Saint of Fort Washington, The (1993)"
652,6,169,4.217747183804747,"Wrong Trousers, The (1993)"
652,7,114,4.194970930768998,Wallace & Gromit: The Best of Aardman Animation (1996)
652,8,64,4.192648906255027,"Shawshank Redemption, The (1994)"
652,9,1189,4.167244224302098,Prefontaine (1997)
652,10,867,4.1635356496458575,"Whole Wide World, The (1996)"
677,1,1467,4.795402091980837,"Saint of Fort Washington, The (1993)"
677,2,1189,4.63796903968725,Prefontaine (1997)
677,3,1449,4.629578370911153,Pather Panchali (1955)
677,4,641,4.5616406000761085,Paths of Glory (1957)
677,5,1019,4.538669754618651,"Die xue shuang xiong (Killer, The) (1989)"
677,6,1512,4.532406816895217,"World of Apu, The (Apur Sansar) (1959)"
677,7,867,4.516548934941713,"Whole Wide World, The (1996)"
677,8,1599,4.516534658578525,Someone Else's America (1995)
677,9,1064,4.5152850513351845,Crossfire (1947)
677,10,1418,4.514124030604231,"Joy Luck Club, The (1993)"
682,1,1449,4.369894200766895,Pather Panchali (1955)
682,2,1467,4.307007851319246,"Saint of Fort Washington, The (1993)"
682,3,1512,4.252685849132251,"World of Apu, The (Apur Sansar) (1959)"
682,4,318,4.189208534269468,Schindler's List (1993)
682,5,169,4.170264368647161,"Wrong Trousers, The (1993)"
682,6,1450,4.170120854016795,Golden Earrings (1947)
682,7,178,4.118540561157807,12 Angry Men (1957)
682,8,174,4.081114212641024,Raiders of the Lost Ark (1981)
682,9,1189,4.0684436901475465,Prefontaine (1997)
682,10,867,4.062365001120686,"Whole Wide World, The (1996)"
679,1,1449,4.659107543874364,Pather Panchali (1955)
679,2,1512,4.584697537120377,"World of Apu, The (Apur Sansar) (1959)"
679,3,169,4.454356720716627,"Wrong Trousers, The (1993)"
679,4,408,4.452464878597455,"Close Shave, A (1995)"
679,5,1467,4.391729286321676,"Saint of Fort Washington, The (1993)"
679,6,114,4.3677372784299155,Wallace & Gromit: The Best of Aardman Animation (1996)
679,7,119,4.351859545406016,Maya Lin: A Strong Clear Vision (1994)
679,8,12,4.302428396482261,"Usual Suspects, The (1995)"
679,9,867,4.298873356122374,"Whole Wide World, The (1996)"
679,10,178,4.291996030943395,12 Angry Men (1957)
684,1,1449,4.39905074071295,Pather Panchali (1955)
684,2,1467,4.28014641969022,"Saint of Fort Washington, The (1993)"
684,3,169,4.273702019752171,"Wrong Trousers, The (1993)"
684,4,318,4.2381446242293945,Schindler's List (1993)
684,5,1189,4.231309062184074,Prefontaine (1997)
684,6,174,4.22510051868715,Raiders of the Lost Ark (1981)
684,7,1512,4.188907452890345,"World of Apu, The (Apur Sansar) (1959)"
684,8,50,4.176197954222266,Star Wars (1977)
684,9,867,4.174214308097847,"Whole Wide World, The (1996)"
684,10,114,4.143017950951944,Wallace & Gromit: The Best of Aardman Animation (1996)
685,1,1449,3.8059768892960317,Pather Panchali (1955)
685,2,867,3.6510720793439666,"Whole Wide World, The (1996)"
685,3,1512,3.650623570464658,"World of Apu, The (Apur Sansar) (1959)"
685,4,1467,3.5612519546634895,"Saint of Fort Washington, The (1993)"
685,5,169,3.557010305922696,"Wrong Trousers, The (1993)"
685,6,1599,3.514648070018045,Someone Else's America (1995)
685,7,408,3.4829054548110667,"Close Shave, A (1995)"
685,8,119,3.444766081982133,Maya Lin: A Strong Clear Vision (1994)
685,9,318,3.4388861579198537,Schindler's List (1993)
685,10,114,3.431871920305981,Wallace & Gromit: The Best of Aardman Animation (1996)
683,1,1449,4.434758542130943,Pather Panchali (1955)
683,2,1512,4.388818216532514,"World of Apu, The (Apur Sansar) (1959)"
683,3,169,4.260284967419182,"Wrong Trousers, The (1993)"
683,4,1599,4.241951836141082,Someone Else's America (1995)
683,5,114,4.221604653029685,Wallace & Gromit: The Best of Aardman Animation (1996)
683,6,408,4.21894573491964,"Close Shave, A (1995)"
683,7,1642,4.191113058975776,Some Mother's Son (1996)
683,8,867,4.176280935546608,"Whole Wide World, The (1996)"
683,9,119,4.1752648630767,Maya Lin: A Strong Clear Vision (1994)
683,10,318,4.169752386423825,Schindler's List (1993)
691,1,1449,5.0,Pather Panchali (1955)
691,2,1512,5.0,"World of Apu, The (Apur Sansar) (1959)"
691,3,169,4.860043362071498,"Wrong Trousers, The (1993)"
691,4,1467,4.820238684651491,"Saint of Fort Washington, The (1993)"
691,5,483,4.798188369495122,Casablanca (1942)
691,6,408,4.7724813308055385,"Close Shave, A (1995)"
691,7,1642,4.769853442795604,Some Mother's Son (1996)
691,8,1064,4.740513599212722,Crossfire (1947)
691,9,1599,4.731246220730477,Someone Else's America (1995)
691,10,357,4.729342709281912,One Flew Over the Cuckoo's Nest (1975)
672,1,1449,4.5153128996625105,Pather Panchali (1955)
672,2,1512,4.332849035897504,"World of Apu, The (Apur Sansar) (1959)"
672,3,1467,4.332271103442148,"Saint of Fort Washington, The (1993)"
672,4,169,4.284717631626483,"Wrong Trousers, The (1993)"
672,5,408,4.246435182351387,"Close Shave, A (1995)"
672,6,318,4.239052876331196,Schindler's List (1993)
672,7,64,4.236126936536041,"Shawshank Redemption, The (1994)"
672,8,178,4.2216768900657815,12 Angry Men (1957)
672,9,1064,4.215546175105452,Crossfire (1947)
672,10,119,4.208363640474273,Maya Lin: A Strong Clear Vision (1994)
692,1,1449,4.421849959244464,Pather Panchali (1955)
692,2,1467,4.248991250667909,"Saint of Fort Washington, The (1993)"
692,3,169,4.2256993085873225,"Wrong Trousers, The (1993)"
692,4,318,4.20057640428362,Schindler's List (1993)
692,5,1064,4.158791636072415,Crossfire (1947)
692,6,1512,4.152295366542661,"World of Apu, The (Apur Sansar) (1959)"
692,7,64,4.131635472085738,"Shawshank Redemption, The (1994)"
692,8,174,4.095315959765092,Raiders of the Lost Ark (1981)
692,9,867,4.091829149188936,"Whole Wide World, The (1996)"
692,10,1554,4.082388338572677,Safe Passage (1994)
690,1,1449,4.163601553061672,Pather Panchali (1955)
690,2,1467,4.133972603270302,"Saint of Fort Washington, The (1993)"
690,3,318,4.085456095489256,Schindler's List (1993)
690,4,64,4.049028013191356,"Shawshank Redemption, The (1994)"
690,5,1064,4.001394035074479,Crossfire (1947)
690,6,1189,3.9947571413367973,Prefontaine (1997)
690,7,1512,3.9778222775582535,"World of Apu, The (Apur Sansar) (1959)"
690,8,313,3.9747467682987137,Titanic (1997)
690,9,1554,3.936273255358732,Safe Passage (1994)
690,10,169,3.9167043022550994,"Wrong Trousers, The (1993)"
689,1,1449,4.719964695030187,Pather Panchali (1955)
689,2,169,4.676366280805382,"Wrong Trousers, The (1993)"
689,3,408,4.58398476099775,"Close Shave, A (1995)"
689,4,1639,4.583891589753551,Bitter Sugar (Azucar Amargo) (1996)
689,5,867,4.5801623524821595,"Whole Wide World, The (1996)"
689,6,1368,4.579560654652767,Mina Tannenbaum (1994)
689,7,174,4.57876432638563,Raiders of the Lost Ark (1981)
689,8,1064,4.531329548441176,Crossfire (1947)
689,9,1554,4.528518348717467,Safe Passage (1994)
689,10,318,4.491963633504831,Schindler's List (1993)
686,1,408,5.0,"Close Shave, A (1995)"
686,2,169,5.0,"Wrong Trousers, The (1993)"
686,3,1449,5.0,Pather Panchali (1955)
686,4,1512,5.0,"World of Apu, The (Apur Sansar) (1959)"
686,5,1467,4.989390451103347,"Saint of Fort Washington, The (1993)"
686,6,119,4.982172231161451,Maya Lin: A Strong Clear Vision (1994)
686,7,1599,4.978348892759725,Someone Else's America (1995)
686,8,114,4.972770834389132,Wallace & Gromit: The Best of Aardman Animation (1996)
686,9,867,4.961854624832288,"Whole Wide World, The (1996)"
686,10,474,4.9382844065308085,Dr. Strangelove or: How I Learned to Stop Worrying and Love the Bomb (1963)
693,1,1449,4.086690800163133,Pather Panchali (1955)
693,2,1512,3.9627214783404376,"World of Apu, The (Apur Sansar) (1959)"
693,3,1467,3.8582903585665194,"Saint of Fort Washington, The (1993)"
693,4,1064,3.824833911748382,Crossfire (1947)
693,5,169,3.8104024362086513,"Wrong Trousers, The (1993)"
693,6,1599,3.8087001152863627,Someone Else's America (1995)
693,7,603,3.783521016956793,Rear Window (1954)
693,8,408,3.772170512475644,"Close Shave, A (1995)"
693,9,320,3.7588003173506292,Paradise Lost: The Child Murders at Robin Hood Hills (1996)
693,10,1450,3.755342799961927,Golden Earrings (1947)
688,1,169,5.0,"Wrong Trousers, The (1993)"
688,2,199,5.0,"Bridge on the River Kwai, The (1957)"
688,3,320,5.0,Paradise Lost: The Child Murders at Robin Hood Hills (1996)
688,4,652,5.0,Rosencrantz and Guildenstern Are Dead (1990)
688,5,378,5.0,Miracle on 34th Street (1994)
688,6,529,5.0,My Life as a Dog (Mitt liv som hund) (1985)
688,7,1194,5.0,Once Were Warriors (1994)
688,8,333,5.0,"Game, The (1997)"
688,9,505,5.0,Dial M for Murder (1954)
688,10,615,5.0,"39 Steps, The (1935)"
697,1,1449,5.0,Pather Panchali (1955)
697,2,169,5.0,"Wrong Trousers, The (1993)"
697,3,1512,4.960308606512753,"World of Apu, The (Apur Sansar) (1959)"
697,4,114,4.930947228572704,Wallace & Gromit: The Best of Aardman Animation (1996)
697,5,408,4.909750742979589,"Close Shave, A (1995)"
697,6,1368,4.865592557165558,Mina Tannenbaum (1994)
697,7,1639,4.799451254686686,Bitter Sugar (Azucar Amargo) (1996)
697,8,1642,4.7972166291062495,Some Mother's Son (1996)
697,9,867,4.792567966774314,"Whole Wide World, The (1996)"
697,10,1467,4.789280371580455,"Saint of Fort Washington, The (1993)"
698,1,1554,3.7675361805363456,Safe Passage (1994)
698,2,1467,3.7255719183138347,"Saint of Fort Washington, The (1993)"
698,3,320,3.6903182174389206,Paradise Lost: The Child Murders at Robin Hood Hills (1996)
698,4,318,3.675590198536708,Schindler's List (1993)
698,5,64,3.620053042455268,"Shawshank Redemption, The (1994)"
698,6,1450,3.6145526163776975,Golden Earrings (1947)
698,7,1449,3.6008390104669052,Pather Panchali (1955)
698,8,169,3.5063265126893084,"Wrong Trousers, The (1993)"
698,9,313,3.499319660826682,Titanic (1997)
698,10,1512,3.4569072944157577,"World of Apu, The (Apur Sansar) (1959)"
694,1,1449,4.913764292790336,Pather Panchali (1955)
694,2,1467,4.811681333041787,"Saint of Fort Washington, The (1993)"
694,3,1512,4.763451297955694,"World of Apu, The (Apur Sansar) (1959)"
694,4,64,4.702148061997899,"Shawshank Redemption, The (1994)"
694,5,169,4.697964236695864,"Wrong Trousers, The (1993)"
694,6,867,4.693851368474088,"Whole Wide World, The (1996)"
694,7,1189,4.674856732712084,Prefontaine (1997)
694,8,408,4.637061221562087,"Close Shave, A (1995)"
694,9,1064,4.624026487990306,Crossfire (1947)
694,10,12,4.607206752471422,"Usual Suspects, The (1995)"
705,1,1449,4.63714504098708,Pather Panchali (1955)
705,2,1064,4.518595922198782,Crossfire (1947)
705,3,1467,4.46168302550738,"Saint of Fort Washington, The (1993)"
705,4,1368,4.430083677181187,Mina Tannenbaum (1994)
705,5,1189,4.412537093831641,Prefontaine (1997)
705,6,867,4.410061733844878,"Whole Wide World, The (1996)"
705,7,1512,4.4017287477874305,"World of Apu, The (Apur Sansar) (1959)"
705,8,169,4.386082196008079,"Wrong Trousers, The (1993)"
705,9,1639,4.3670077333674255,Bitter Sugar (Azucar Amargo) (1996)
705,10,1651,4.3399674999274,"Spanish Prisoner, The (1997)"
680,1,1449,4.860343626282994,Pather Panchali (1955)
680,2,1512,4.7691537377854205,"World of Apu, The (Apur Sansar) (1959)"
680,3,1467,4.7467822320023485,"Saint of Fort Washington, The (1993)"
680,4,867,4.635269211990844,"Whole Wide World, The (1996)"
680,5,178,4.625017665924365,12 Angry Men (1957)
680,6,1599,4.619842691282366,Someone Else's America (1995)
680,7,114,4.616964065831802,Wallace & Gromit: The Best of Aardman Animation (1996)
680,8,318,4.6169050394318125,Schindler's List (1993)
680,9,119,4.605351944580932,Maya Lin: A Strong Clear Vision (1994)
680,10,603,4.6049881037148985,Rear Window (1954)
670,1,1449,4.525227190192891,Pather Panchali (1955)
670,2,1189,4.435305917608219,Prefontaine (1997)
670,3,1467,4.386935240171118,"Saint of Fort Washington, The (1993)"
670,4,318,4.3773593242645426,Schindler's List (1993)
670,5,867,4.334174175278962,"Whole Wide World, The (1996)"
670,6,1064,4.318321994127346,Crossfire (1947)
670,7,64,4.317902241752019,"Shawshank Redemption, The (1994)"
670,8,1512,4.309600315779903,"World of Apu, The (Apur Sansar) (1959)"
670,9,169,4.302506771419606,"Wrong Trousers, The (1993)"
670,10,50,4.299637476865699,Star Wars (1977)
701,1,1449,5.0,Pather Panchali (1955)
701,2,1512,5.0,"World of Apu, The (Apur Sansar) (1959)"
701,3,408,4.990883797392344,"Close Shave, A (1995)"
701,4,169,4.955831631680197,"Wrong Trousers, The (1993)"
701,5,119,4.928857312100748,Maya Lin: A Strong Clear Vision (1994)
701,6,483,4.912684438135099,Casablanca (1942)
701,7,867,4.90041631959742,"Whole Wide World, The (1996)"
701,8,114,4.8847111252891615,Wallace & Gromit: The Best of Aardman Animation (1996)
701,9,1599,4.874600389996302,Someone Else's America (1995)
701,10,318,4.863299821892471,Schindler's List (1993)
699,1,1449,4.4386358454610875,Pather Panchali (1955)
699,2,1512,4.272693390714585,"World of Apu, The (Apur Sansar) (1959)"
699,3,1467,4.2055003404515165,"Saint of Fort Washington, The (1993)"
699,4,169,4.20035773457369,"Wrong Trousers, The (1993)"
699,5,318,4.170169955089867,Schindler's List (1993)
699,6,867,4.167738039005871,"Whole Wide World, The (1996)"
699,7,1398,4.157720338571519,Anna (1996)
699,8,1064,4.137410594530137,Crossfire (1947)
699,9,64,4.127670280026732,"Shawshank Redemption, The (1994)"
699,10,1599,4.12538721171079,Someone Else's America (1995)
704,1,1449,4.532708903007529,Pather Panchali (1955)
704,2,1512,4.440749776090164,"World of Apu, The (Apur Sansar) (1959)"
704,3,1467,4.290609134286563,"Saint of Fort Washington, The (1993)"
704,4,64,4.244087632071539,"Shawshank Redemption, The (1994)"
704,5,320,4.202720106364536,Paradise Lost: The Child Murders at Robin Hood Hills (1996)
704,6,1599,4.192923406492415,Someone Else's America (1995)
704,7,483,4.1867408069979,Casablanca (1942)
704,8,1398,4.185510978725652,Anna (1996)
704,9,357,4.182829621423302,One Flew Over the Cuckoo's Nest (1975)
704,10,408,4.180199909873472,"Close Shave, A (1995)"
707,1,1449,4.500110561726975,Pather Panchali (1955)
707,2,1512,4.344117964050078,"World of Apu, The (Apur Sansar) (1959)"
707,3,408,4.2728028900061,"Close Shave, A (1995)"
707,4,169,4.250652996871766,"Wrong Trousers, The (1993)"
707,5,119,4.249674974178409,Maya Lin: A Strong Clear Vision (1994)
707,6,1368,4.201040667120443,Mina Tannenbaum (1994)
707,7,318,4.1938560360915815,Schindler's List (1993)
707,8,114,4.179768769149491,Wallace & Gromit: The Best of Aardman Animation (1996)
707,9,603,4.163988085053625,Rear Window (1954)
707,10,1064,4.157752622232326,Crossfire (1947)
700,1,1449,4.196047003684307,Pather Panchali (1955)
700,2,1467,4.157445258856406,"Saint of Fort Washington, The (1993)"
700,3,50,4.060158179434976,Star Wars (1977)
700,4,867,4.028246416480562,"Whole Wide World, The (1996)"
700,5,1512,4.018441818394991,"World of Apu, The (Apur Sansar) (1959)"
700,6,64,4.016327966876689,"Shawshank Redemption, The (1994)"
700,7,483,3.9893330729508416,Casablanca (1942)
700,8,1189,3.9831668311731065,Prefontaine (1997)
700,9,408,3.979173835550512,"Close Shave, A (1995)"
700,10,172,3.9474927378198736,"Empire Strikes Back, The (1980)"
695,1,1449,4.64502906789176,Pather Panchali (1955)
695,2,902,4.548447265714191,"Big Lebowski, The (1998)"
695,3,1512,4.547632585834522,"World of Apu, The (Apur Sansar) (1959)"
695,4,1642,4.44447170671878,Some Mother's Son (1996)
695,5,320,4.442855847521287,Paradise Lost: The Child Murders at Robin Hood Hills (1996)
695,6,1143,4.365060562337074,Hard Eight (1996)
695,7,474,4.325387686083759,Dr. Strangelove or: How I Learned to Stop Worrying and Love the Bomb (1963)
695,8,169,4.323503272423793,"Wrong Trousers, The (1993)"
695,9,408,4.320397970711761,"Close Shave, A (1995)"
695,10,718,4.315314805166505,In the Bleak Midwinter (1995)
675,1,1449,4.658411304111418,Pather Panchali (1955)
675,2,1512,4.452186964570793,"World of Apu, The (Apur Sansar) (1959)"
675,3,867,4.433616120302256,"Whole Wide World, The (1996)"
675,4,483,4.382298980994163,Casablanca (1942)
675,5,408,4.352732655218488,"Close Shave, A (1995)"
675,6,1467,4.337630371026847,"Saint of Fort Washington, The (1993)"
675,7,1599,4.320984578656456,Someone Else's America (1995)
675,8,1463,4.319083487300419,"Boys, Les (1997)"
675,9,480,4.284248526437477,North by Northwest (1959)
675,10,835,4.273472218488267,"Gay Divorcee, The (1934)"
708,1,313,4.403702559440763,Titanic (1997)
708,2,64,4.376143790885151,"Shawshank Redemption, The (1994)"
708,3,1449,4.3759923385496,Pather Panchali (1955)
708,4,1450,4.327021511116889,Golden Earrings (1947)
708,5,1467,4.317427002978171,"Saint of Fort Washington, The (1993)"
708,6,318,4.305835852828664,Schindler's List (1993)
708,7,174,4.2896217846896665,Raiders of the Lost Ark (1981)
708,8,1064,4.259929374254285,Crossfire (1947)
708,9,50,4.233135951517933,Star Wars (1977)
708,10,22,4.202818442569346,Braveheart (1995)
709,1,1467,4.603868681995434,"Saint of Fort Washington, The (1993)"
709,2,1449,4.591859358070008,Pather Panchali (1955)
709,3,1512,4.467381735344231,"World of Apu, The (Apur Sansar) (1959)"
709,4,169,4.430060708188985,"Wrong Trousers, The (1993)"
709,5,1189,4.419152379838653,Prefontaine (1997)
709,6,1064,4.382331452776771,Crossfire (1947)
709,7,1554,4.371838970496122,Safe Passage (1994)
709,8,867,4.365361399384584,"Whole Wide World, The (1996)"
709,9,1450,4.35862346257343,Golden Earrings (1947)
709,10,313,4.351804026255145,Titanic (1997)
712,1,318,4.562985523562481,Schindler's List (1993)
712,2,1449,4.535682700668285,Pather Panchali (1955)
712,3,1467,4.518184244906994,"Saint of Fort Washington, The (1993)"
712,4,1064,4.513109114232064,Crossfire (1947)
712,5,1189,4.511859327956886,Prefontaine (1997)
712,6,313,4.503027551870773,Titanic (1997)
712,7,966,4.493598245274293,"Affair to Remember, An (1957)"
712,8,22,4.43886871725904,Braveheart (1995)
712,9,1500,4.4198468909654585,Santa with Muscles (1996)
712,10,1233,4.413591823371343,Nénette et Boni (1996)
715,1,1467,4.48793374337863,"Saint of Fort Washington, The (1993)"
715,2,1449,4.4772892445600325,Pather Panchali (1955)
715,3,1512,4.451819325992688,"World of Apu, The (Apur Sansar) (1959)"
715,4,318,4.3819321506942135,Schindler's List (1993)
715,5,169,4.375509793555036,"Wrong Trousers, The (1993)"
715,6,357,4.3211032475321325,One Flew Over the Cuckoo's Nest (1975)
715,7,178,4.309876491118036,12 Angry Men (1957)
715,8,114,4.300780391863863,Wallace & Gromit: The Best of Aardman Animation (1996)
715,9,1599,4.294315110347446,Someone Else's America (1995)
715,10,408,4.263816790316387,"Close Shave, A (1995)"
713,1,1512,4.206565119461794,"World of Apu, The (Apur Sansar) (1959)"
713,2,1449,4.1967001613305905,Pather Panchali (1955)
713,3,320,3.9498073522316592,Paradise Lost: The Child Murders at Robin Hood Hills (1996)
713,4,318,3.9221052905247977,Schindler's List (1993)
713,5,1467,3.914610979020303,"Saint of Fort Washington, The (1993)"
713,6,1642,3.897600729170208,Some Mother's Son (1996)
713,7,64,3.890626918146679,"Shawshank Redemption, The (1994)"
713,8,178,3.886815821183538,12 Angry Men (1957)
713,9,169,3.8582598709720783,"Wrong Trousers, The (1993)"
713,10,1368,3.8578098963484146,Mina Tannenbaum (1994)
716,1,1449,4.795531391227756,Pather Panchali (1955)
716,2,1512,4.751447316040178,"World of Apu, The (Apur Sansar) (1959)"
716,3,1467,4.621560868607975,"Saint of Fort Washington, The (1993)"
716,4,408,4.586822040222583,"Close Shave, A (1995)"
716,5,483,4.570902445685189,Casablanca (1942)
716,6,1398,4.564014990790376,Anna (1996)
716,7,169,4.534302532063431,"Wrong Trousers, The (1993)"
716,8,1599,4.533082376994727,Someone Else's America (1995)
716,9,867,4.522285487510758,"Whole Wide World, The (1996)"
716,10,12,4.486089947754242,"Usual Suspects, The (1995)"
711,1,1449,4.974856724412249,Pather Panchali (1955)
711,2,1512,4.837459572574302,"World of Apu, The (Apur Sansar) (1959)"
711,3,718,4.59863119071969,In the Bleak Midwinter (1995)
711,4,178,4.565368822126446,12 Angry Men (1957)
711,5,119,4.562538102672594,Maya Lin: A Strong Clear Vision (1994)
711,6,1467,4.559952969758232,"Saint of Fort Washington, The (1993)"
711,7,867,4.557630911389336,"Whole Wide World, The (1996)"
711,8,603,4.555808211242425,Rear Window (1954)
711,9,657,4.554954355751084,"Manchurian Candidate, The (1962)"
711,10,515,4.552308784755245,"Boot, Das (1981)"
681,1,242,4.327362750130221,Kolya (1996)
681,2,1512,4.310673594951928,"World of Apu, The (Apur Sansar) (1959)"
681,3,1449,4.304137733116271,Pather Panchali (1955)
681,4,1599,4.222170650660702,Someone Else's America (1995)
681,5,408,4.191577366816842,"Close Shave, A (1995)"
681,6,318,4.132307880946044,Schindler's List (1993)
681,7,483,4.061650137121575,Casablanca (1942)
681,8,344,4.03611937311248,"Apostle, The (1997)"
681,9,887,4.02286235199854,Eve's Bayou (1997)
681,10,114,4.018227060902398,Wallace & Gromit: The Best of Aardman Animation (1996)
678,1,1467,4.464305379222782,"Saint of Fort Washington, The (1993)"
678,2,1449,4.460227190129964,Pather Panchali (1955)
678,3,1512,4.372967509415709,"World of Apu, The (Apur Sansar) (1959)"
678,4,867,4.244950658140772,"Whole Wide World, The (1996)"
678,5,169,4.242958803489642,"Wrong Trousers, The (1993)"
678,6,64,4.227356966824511,"Shawshank Redemption, The (1994)"
678,7,12,4.221020431965409,"Usual Suspects, The (1995)"
678,8,1599,4.219342688845305,Someone Else's America (1995)
678,9,1189,4.209023220877442,Prefontaine (1997)
678,10,318,4.192070730645442,Schindler's List (1993)
719,1,1449,4.183574830143809,Pather Panchali (1955)
719,2,1512,4.021476456110899,"World of Apu, The (Apur Sansar) (1959)"
719,3,318,4.016229565982876,Schindler's List (1993)
719,4,1398,3.884789515599282,Anna (1996)
719,5,1189,3.8706440566531195,Prefontaine (1997)
719,6,178,3.8504465571065465,12 Angry Men (1957)
719,7,1064,3.8470907819954885,Crossfire (1947)
719,8,408,3.846938663005532,"Close Shave, A (1995)"
719,9,496,3.8355522974327156,It's a Wonderful Life (1946)
719,10,483,3.832401388093682,Casablanca (1942)
702,1,1449,4.05819759254414,Pather Panchali (1955)
702,2,169,3.950592542142141,"Wrong Trousers, The (1993)"
702,3,1189,3.822627558786183,Prefontaine (1997)
702,4,174,3.817908431280206,Raiders of the Lost Ark (1981)
702,5,408,3.8064858078244725,"Close Shave, A (1995)"
702,6,114,3.800963406268203,Wallace & Gromit: The Best of Aardman Animation (1996)
702,7,64,3.7855345388065906,"Shawshank Redemption, The (1994)"
702,8,50,3.7795267184781567,Star Wars (1977)
702,9,867,3.771606263057332,"Whole Wide World, The (1996)"
702,10,1467,3.74382161182512,"Saint of Fort Washington, The (1993)"
721,1,1449,4.63107294278501,Pather Panchali (1955)
721,2,1467,4.581004654167139,"Saint of Fort Washington, The (1993)"
721,3,1189,4.486868374567975,Prefontaine (1997)
721,4,169,4.474665303942134,"Wrong Trousers, The (1993)"
721,5,867,4.452987596795581,"Whole Wide World, The (1996)"
721,6,313,4.428870978142957,Titanic (1997)
721,7,1512,4.426167968165891,"World of Apu, The (Apur Sansar) (1959)"
721,8,1064,4.3949100520820625,Crossfire (1947)
721,9,1554,4.389979688004809,Safe Passage (1994)
721,10,483,4.355029659442101,Casablanca (1942)
714,1,1467,4.44594772446563,"Saint of Fort Washington, The (1993)"
714,2,1449,4.359713175155673,Pather Panchali (1955)
714,3,1554,4.334413854876552,Safe Passage (1994)
714,4,1064,4.3294333352507435,Crossfire (1947)
714,5,169,4.325753293400679,"Wrong Trousers, The (1993)"
714,6,174,4.3217471230142825,Raiders of the Lost Ark (1981)
714,7,867,4.306266054513657,"Whole Wide World, The (1996)"
714,8,1189,4.291129775446114,Prefontaine (1997)
714,9,313,4.288581074492183,Titanic (1997)
714,10,1450,4.27411474802327,Golden Earrings (1947)
717,1,1449,5.0,Pather Panchali (1955)
717,2,1512,4.931600285568134,"World of Apu, The (Apur Sansar) (1959)"
717,3,408,4.840576108763801,"Close Shave, A (1995)"
717,4,114,4.7880787524610495,Wallace & Gromit: The Best of Aardman Animation (1996)
717,5,318,4.781847177364384,Schindler's List (1993)
717,6,1599,4.767347536563566,Someone Else's America (1995)
717,7,169,4.752068616905898,"Wrong Trousers, The (1993)"
717,8,64,4.696334668051259,"Shawshank Redemption, The (1994)"
717,9,1189,4.673696719418116,Prefontaine (1997)
717,10,867,4.669909329697782,"Whole Wide World, The (1996)"
718,1,1449,4.74561914653838,Pather Panchali (1955)
718,2,1189,4.724479674736971,Prefontaine (1997)
718,3,966,4.67174050274809,"Affair to Remember, An (1957)"
718,4,174,4.645554532913722,Raiders of the Lost Ark (1981)
718,5,318,4.620823004591303,Schindler's List (1993)
718,6,1554,4.611641790048414,Safe Passage (1994)
718,7,1467,4.599774673406537,"Saint of Fort Washington, The (1993)"
718,8,313,4.573248093242117,Titanic (1997)
718,9,1368,4.549954529496413,Mina Tannenbaum (1994)
718,10,1064,4.5478006210490385,Crossfire (1947)
696,1,1449,5.0,Pather Panchali (1955)
696,2,1512,4.9668359568044425,"World of Apu, The (Apur Sansar) (1959)"
696,3,408,4.817539743383741,"Close Shave, A (1995)"
696,4,114,4.7994583985461325,Wallace & Gromit: The Best of Aardman Animation (1996)
696,5,169,4.794841432835164,"Wrong Trousers, The (1993)"
696,6,119,4.757597318988122,Maya Lin: A Strong Clear Vision (1994)
696,7,357,4.686612376002851,One Flew Over the Cuckoo's Nest (1975)
696,8,474,4.668852727771415,Dr. Strangelove or: How I Learned to Stop Worrying and Love the Bomb (1963)
696,9,127,4.668293452311834,"Godfather, The (1972)"
696,10,1367,4.662114012797202,Faust (1994)
722,1,1449,4.866712806711767,Pather Panchali (1955)
722,2,1512,4.771779089208192,"World of Apu, The (Apur Sansar) (1959)"
722,3,1467,4.760968152963465,"Saint of Fort Washington, The (1993)"
722,4,318,4.711643707927637,Schindler's List (1993)
722,5,64,4.697039864164658,"Shawshank Redemption, The (1994)"
722,6,1064,4.622057940471745,Crossfire (1947)
722,7,169,4.585444610930125,"Wrong Trousers, The (1993)"
722,8,408,4.584608911550698,"Close Shave, A (1995)"
722,9,178,4.578822626185715,12 Angry Men (1957)
722,10,12,4.575796905348063,"Usual Suspects, The (1995)"
724,1,1467,3.964015557073386,"Saint of Fort Washington, The (1993)"
724,2,64,3.8873916221853806,"Shawshank Redemption, The (1994)"
724,3,1449,3.8592837777831557,Pather Panchali (1955)
724,4,169,3.815584116765396,"Wrong Trousers, The (1993)"
724,5,174,3.770576200628558,Raiders of the Lost Ark (1981)
724,6,1554,3.761937429428466,Safe Passage (1994)
724,7,1512,3.752529644193601,"World of Apu, The (Apur Sansar) (1959)"
724,8,1189,3.7342880971443058,Prefontaine (1997)
724,9,1450,3.7280077231390565,Golden Earrings (1947)
724,10,50,3.7151411465409163,Star Wars (1977)
706,1,1449,4.365767669861131,Pather Panchali (1955)
706,2,318,4.316234133559636,Schindler's List (1993)
706,3,174,4.279362229428718,Raiders of the Lost Ark (1981)
706,4,169,4.278166098486919,"Wrong Trousers, The (1993)"
706,5,1467,4.265884218379783,"Saint of Fort Washington, The (1993)"
706,6,64,4.260697368595287,"Shawshank Redemption, The (1994)"
706,7,1450,4.258471989694555,Golden Earrings (1947)
706,8,867,4.255440110528055,"Whole Wide World, The (1996)"
706,9,1189,4.247682971819229,Prefontaine (1997)
706,10,1064,4.235717135517274,Crossfire (1947)
720,1,1449,4.9219759421651945,Pather Panchali (1955)
720,2,1467,4.8735258209831755,"Saint of Fort Washington, The (1993)"
720,3,1512,4.868358345003835,"World of Apu, The (Apur Sansar) (1959)"
720,4,408,4.763898238908647,"Close Shave, A (1995)"
720,5,867,4.733492338104598,"Whole Wide World, The (1996)"
720,6,1599,4.729512326499601,Someone Else's America (1995)
720,7,169,4.714459545062096,"Wrong Trousers, The (1993)"
720,8,114,4.693536358021037,Wallace & Gromit: The Best of Aardman Animation (1996)
720,9,318,4.693345624152991,Schindler's List (1993)
720,10,64,4.668596946888531,"Shawshank Redemption, The (1994)"
727,1,1449,4.247049901660243,Pather Panchali (1955)
727,2,1467,4.177955709439709,"Saint of Fort Washington, The (1993)"
727,3,1512,4.108807858440977,"World of Apu, The (Apur Sansar) (1959)"
727,4,64,4.080953717507308,"Shawshank Redemption, The (1994)"
727,5,318,4.061776237309287,Schindler's List (1993)
727,6,1189,4.033020245743813,Prefontaine (1997)
727,7,867,3.9947925836618143,"Whole Wide World, The (1996)"
727,8,114,3.9902522500304936,Wallace & Gromit: The Best of Aardman Animation (1996)
727,9,50,3.9572230204819063,Star Wars (1977)
727,10,313,3.941294551686035,Titanic (1997)
728,1,1449,4.715500611456788,Pather Panchali (1955)
728,2,1467,4.600923464131158,"Saint of Fort Washington, The (1993)"
728,3,1512,4.550612855948786,"World of Apu, The (Apur Sansar) (1959)"
728,4,318,4.469054179939791,Schindler's List (1993)
728,5,169,4.464037121467062,"Wrong Trousers, The (1993)"
728,6,64,4.4624040198016885,"Shawshank Redemption, The (1994)"
728,7,1599,4.43907891702147,Someone Else's America (1995)
728,8,1189,4.423629730006192,Prefontaine (1997)
728,9,867,4.419265243187469,"Whole Wide World, The (1996)"
728,10,12,4.40803813616348,"Usual Suspects, The (1995)"
703,1,174,4.533635314262737,Raiders of the Lost Ark (1981)
703,2,1449,4.500948175371697,Pather Panchali (1955)
703,3,1467,4.4823117577944975,"Saint of Fort Washington, The (1993)"
703,4,64,4.449966762083119,"Shawshank Redemption, The (1994)"
703,5,50,4.437946529350545,Star Wars (1977)
703,6,318,4.4316810788271095,Schindler's List (1993)
703,7,313,4.4281894459724445,Titanic (1997)
703,8,1189,4.427028904444866,Prefontaine (1997)
703,9,172,4.36142239244856,"Empire Strikes Back, The (1980)"
703,10,1064,4.342805210487655,Crossfire (1947)
738,1,1449,4.581385443790051,Pather Panchali (1955)
738,2,1467,4.507748715309869,"Saint of Fort Washington, The (1993)"
738,3,1512,4.44356083159282,"World of Apu, The (Apur Sansar) (1959)"
738,4,867,4.371155250154916,"Whole Wide World, The (1996)"
738,5,174,4.345953291579365,Raiders of the Lost Ark (1981)
738,6,114,4.345235242466095,Wallace & Gromit: The Best of Aardman Animation (1996)
738,7,1189,4.320994874468594,Prefontaine (1997)
738,8,483,4.317388704448425,Casablanca (1942)
738,9,12,4.313091080940249,"Usual Suspects, The (1995)"
738,10,1064,4.2979086402425,Crossfire (1947)
736,1,1512,4.4330683054343485,"World of Apu, The (Apur Sansar) (1959)"
736,2,1449,4.380392583245351,Pather Panchali (1955)
736,3,320,4.301669962529425,Paradise Lost: The Child Murders at Robin Hood Hills (1996)
736,4,114,4.212409631220278,Wallace & Gromit: The Best of Aardman Animation (1996)
736,5,1193,4.200012235723663,Before the Rain (Pred dozhdot) (1994)
736,6,134,4.189266664231771,Citizen Kane (1941)
736,7,408,4.184805211813859,"Close Shave, A (1995)"
736,8,119,4.183947543132277,Maya Lin: A Strong Clear Vision (1994)
736,9,474,4.1763480795810874,Dr. Strangelove or: How I Learned to Stop Worrying and Love the Bomb (1963)
736,10,1642,4.174393727584549,Some Mother's Son (1996)
734,1,1449,4.42501193109142,Pather Panchali (1955)
734,2,1512,4.253341636895372,"World of Apu, The (Apur Sansar) (1959)"
734,3,1467,4.2500428798162675,"Saint of Fort Washington, The (1993)"
734,4,64,4.227045976578273,"Shawshank Redemption, The (1994)"
734,5,1554,4.223818718411861,Safe Passage (1994)
734,6,1064,4.192954498598832,Crossfire (1947)
734,7,1189,4.183064294477024,Prefontaine (1997)
734,8,178,4.177968608283711,12 Angry Men (1957)
734,9,1398,4.154407420137358,Anna (1996)
734,10,867,4.115522042818718,"Whole Wide World, The (1996)"
730,1,1449,4.425471832560518,Pather Panchali (1955)
730,2,1467,4.387885193896063,"Saint of Fort Washington, The (1993)"
730,3,1512,4.358983362501369,"World of Apu, The (Apur Sansar) (1959)"
730,4,169,4.352861013315517,"Wrong Trousers, The (1993)"
730,5,408,4.318117352745849,"Close Shave, A (1995)"
730,6,867,4.3114242550697135,"Whole Wide World, The (1996)"
730,7,318,4.288576207080255,Schindler's List (1993)
730,8,64,4.279928704827084,"Shawshank Redemption, The (1994)"
730,9,483,4.268361353934412,Casablanca (1942)
730,10,603,4.253795710302289,Rear Window (1954)
742,1,1449,4.775571773381718,Pather Panchali (1955)
742,2,1512,4.6782044640820155,"World of Apu, The (Apur Sansar) (1959)"
742,3,178,4.45416556396463,12 Angry Men (1957)
742,4,603,4.439308618319928,Rear Window (1954)
742,5,318,4.427652044262799,Schindler's List (1993)
742,6,1599,4.42487184020594,Someone Else's America (1995)
742,7,718,4.4099830226242505,In the Bleak Midwinter (1995)
742,8,119,4.3979426011121605,Maya Lin: A Strong Clear Vision (1994)
742,9,1467,4.39280710163496,"Saint of Fort Washington, The (1993)"
742,10,408,4.376390600196844,"Close Shave, A (1995)"
745,1,1467,3.9397213740561963,"Saint of Fort Washington, The (1993)"
745,2,1449,3.876540589879017,Pather Panchali (1955)
745,3,1189,3.814558950789696,Prefontaine (1997)
745,4,1064,3.7324378695853513,Crossfire (1947)
745,5,641,3.7300714665716437,Paths of Glory (1957)
745,6,318,3.6976947463083625,Schindler's List (1993)
745,7,114,3.662282971109676,Wallace & Gromit: The Best of Aardman Animation (1996)
745,8,1512,3.645560626980744,"World of Apu, The (Apur Sansar) (1959)"
745,9,1450,3.63871123036058,Golden Earrings (1947)
745,10,272,3.6149968213782513,Good Will Hunting (1997)
710,1,1449,4.56878219794612,Pather Panchali (1955)
710,2,1512,4.517046554365825,"World of Apu, The (Apur Sansar) (1959)"
710,3,1467,4.362763628440908,"Saint of Fort Washington, The (1993)"
710,4,1599,4.343465928463113,Someone Else's America (1995)
710,5,169,4.341010544976707,"Wrong Trousers, The (1993)"
710,6,408,4.306497309866715,"Close Shave, A (1995)"
710,7,867,4.280021995067481,"Whole Wide World, The (1996)"
710,8,178,4.278197228552348,12 Angry Men (1957)
710,9,1398,4.270562088468724,Anna (1996)
710,10,480,4.2484086324046,North by Northwest (1959)
740,1,1449,4.655835514110152,Pather Panchali (1955)
740,2,1512,4.522422029630182,"World of Apu, The (Apur Sansar) (1959)"
740,3,318,4.520540700193233,Schindler's List (1993)
740,4,1467,4.513123514978534,"Saint of Fort Washington, The (1993)"
740,5,1599,4.4910600285717,Someone Else's America (1995)
740,6,408,4.467033453919996,"Close Shave, A (1995)"
740,7,64,4.450269843183092,"Shawshank Redemption, The (1994)"
740,8,867,4.428001390667177,"Whole Wide World, The (1996)"
740,9,178,4.425818786682825,12 Angry Men (1957)
740,10,357,4.4243486159176255,One Flew Over the Cuckoo's Nest (1975)
735,1,1449,4.525196601178123,Pather Panchali (1955)
735,2,1512,4.361963915742167,"World of Apu, The (Apur Sansar) (1959)"
735,3,1467,4.354958891083105,"Saint of Fort Washington, The (1993)"
735,4,318,4.309310029922538,Schindler's List (1993)
735,5,64,4.300558199507764,"Shawshank Redemption, The (1994)"
735,6,169,4.259116383828322,"Wrong Trousers, The (1993)"
735,7,1450,4.231355353594667,Golden Earrings (1947)
735,8,178,4.220516171981396,12 Angry Men (1957)
735,9,1064,4.217258587305729,Crossfire (1947)
735,10,603,4.198097820450301,Rear Window (1954)
747,1,1512,4.98784227889818,"World of Apu, The (Apur Sansar) (1959)"
747,2,1449,4.9516742745715625,Pather Panchali (1955)
747,3,1467,4.919692309143206,"Saint of Fort Washington, The (1993)"
747,4,1599,4.813038987498617,Someone Else's America (1995)
747,5,178,4.783063931016181,12 Angry Men (1957)
747,6,867,4.75837880844208,"Whole Wide World, The (1996)"
747,7,483,4.738076075604234,Casablanca (1942)
747,8,64,4.737380883059684,"Shawshank Redemption, The (1994)"
747,9,1398,4.73092642812862,Anna (1996)
747,10,119,4.727540334430126,Maya Lin: A Strong Clear Vision (1994)
723,1,1449,4.1523720119942285,Pather Panchali (1955)
723,2,1467,4.131385588518041,"Saint of Fort Washington, The (1993)"
723,3,1064,4.05142943010284,Crossfire (1947)
723,4,64,4.01468240016345,"Shawshank Redemption, The (1994)"
723,5,318,4.010650675108307,Schindler's List (1993)
723,6,867,4.0036599128940695,"Whole Wide World, The (1996)"
723,7,1189,4.001448542279422,Prefontaine (1997)
723,8,1512,3.959636507949162,"World of Apu, The (Apur Sansar) (1959)"
723,9,313,3.9320497070881144,Titanic (1997)
723,10,1554,3.9220603422075264,Safe Passage (1994)
739,1,174,4.2911533928858425,Raiders of the Lost Ark (1981)
739,2,1449,4.1245059083814155,Pather Panchali (1955)
739,3,1467,4.045946821119861,"Saint of Fort Washington, The (1993)"
739,4,169,4.029444632116843,"Wrong Trousers, The (1993)"
739,5,1269,4.011523021032568,Love in the Afternoon (1957)
739,6,87,3.994374790047636,Searching for Bobby Fischer (1993)
739,7,1368,3.993310937065641,Mina Tannenbaum (1994)
739,8,966,3.98976141996,"Affair to Remember, An (1957)"
739,9,613,3.9867491392056325,My Man Godfrey (1936)
739,10,1189,3.9453110054020186,Prefontaine (1997)
749,1,1449,4.684848934473476,Pather Panchali (1955)
749,2,318,4.536218408309104,Schindler's List (1993)
749,3,1467,4.508953352776186,"Saint of Fort Washington, The (1993)"
749,4,1512,4.4919532150124715,"World of Apu, The (Apur Sansar) (1959)"
749,5,174,4.46211374695636,Raiders of the Lost Ark (1981)
749,6,1189,4.45987932369601,Prefontaine (1997)
749,7,1554,4.458013357263063,Safe Passage (1994)
749,8,867,4.454671496453849,"Whole Wide World, The (1996)"
749,9,483,4.436627142847759,Casablanca (1942)
749,10,408,4.424969816634611,"Close Shave, A (1995)"
748,1,1449,4.4917711437384416,Pather Panchali (1955)
748,2,1467,4.449053523771399,"Saint of Fort Washington, The (1993)"
748,3,169,4.444032225640106,"Wrong Trousers, The (1993)"
748,4,1512,4.327081483204687,"World of Apu, The (Apur Sansar) (1959)"
748,5,867,4.3172448431688295,"Whole Wide World, The (1996)"
748,6,12,4.243765692621531,"Usual Suspects, The (1995)"
748,7,1064,4.243364890729161,Crossfire (1947)
748,8,1189,4.227717831744842,Prefontaine (1997)
748,9,50,4.187360123519373,Star Wars (1977)
748,10,174,4.183352702866864,Raiders of the Lost Ark (1981)
746,1,1467,4.459660302966995,"Saint of Fort Washington, The (1993)"
746,2,1449,4.350066383769877,Pather Panchali (1955)
746,3,169,4.302776525598392,"Wrong Trousers, The (1993)"
746,4,64,4.2882737969025815,"Shawshank Redemption, The (1994)"
746,5,318,4.284255709320088,Schindler's List (1993)
746,6,172,4.212318991465104,"Empire Strikes Back, The (1980)"
746,7,1512,4.203188120949492,"World of Apu, The (Apur Sansar) (1959)"
746,8,1189,4.198598489741444,Prefontaine (1997)
746,9,1450,4.1928429821196245,Golden Earrings (1947)
746,10,1554,4.175704211353168,Safe Passage (1994)
733,1,1449,4.318188949738015,Pather Panchali (1955)
733,2,1512,4.197323010238003,"World of Apu, The (Apur Sansar) (1959)"
733,3,408,4.134383045446598,"Close Shave, A (1995)"
733,4,119,4.049853633442611,Maya Lin: A Strong Clear Vision (1994)
733,5,483,4.03186006327115,Casablanca (1942)
733,6,851,4.03124081770967,Two or Three Things I Know About Her (1966)
733,7,1398,4.00188554142245,Anna (1996)
733,8,1599,3.9954684155792064,Someone Else's America (1995)
733,9,178,3.980996592080075,12 Angry Men (1957)
733,10,169,3.977890651081155,"Wrong Trousers, The (1993)"
737,1,1449,4.718083843491029,Pather Panchali (1955)
737,2,1512,4.612887025674912,"World of Apu, The (Apur Sansar) (1959)"
737,3,408,4.499478592081589,"Close Shave, A (1995)"
737,4,60,4.4671695833075,Three Colors: Blue (1993)
737,5,119,4.434744013172398,Maya Lin: A Strong Clear Vision (1994)
737,6,114,4.392468318683696,Wallace & Gromit: The Best of Aardman Animation (1996)
737,7,474,4.38309327983234,Dr. Strangelove or: How I Learned to Stop Worrying and Love the Bomb (1963)
737,8,512,4.376757697213675,Wings of Desire (1987)
737,9,867,4.36639275450958,"Whole Wide World, The (1996)"
737,10,851,4.351431678065773,Two or Three Things I Know About Her (1966)
750,1,1449,4.537280777786467,Pather Panchali (1955)
750,2,1467,4.422244956772262,"Saint of Fort Washington, The (1993)"
750,3,169,4.417939512730184,"Wrong Trousers, The (1993)"
750,4,1512,4.357471650509914,"World of Apu, The (Apur Sansar) (1959)"
750,5,1064,4.336164290375456,Crossfire (1947)
750,6,867,4.297877697111367,"Whole Wide World, The (1996)"
750,7,64,4.290492036897245,"Shawshank Redemption, The (1994)"
750,8,178,4.269218505400979,12 Angry Men (1957)
750,9,318,4.262670079827433,Schindler's List (1993)
750,10,50,4.260007945777558,Star Wars (1977)
743,1,1449,4.804586076681677,Pather Panchali (1955)
743,2,1512,4.7459976039628256,"World of Apu, The (Apur Sansar) (1959)"
743,3,169,4.588699061141687,"Wrong Trousers, The (1993)"
743,4,1467,4.5856298900919485,"Saint of Fort Washington, The (1993)"
743,5,867,4.550124802794532,"Whole Wide World, The (1996)"
743,6,119,4.530423395217271,Maya Lin: A Strong Clear Vision (1994)
743,7,114,4.509929026769114,Wallace & Gromit: The Best of Aardman Animation (1996)
743,8,127,4.5075386544715235,"Godfather, The (1972)"
743,9,1064,4.50294602517104,Crossfire (1947)
743,10,483,4.495278741383911,Casablanca (1942)
741,1,1449,4.562340527332353,Pather Panchali (1955)
741,2,1512,4.543436702686136,"World of Apu, The (Apur Sansar) (1959)"
741,3,1467,4.377487816902675,"Saint of Fort Washington, The (1993)"
741,4,318,4.367071925322422,Schindler's List (1993)
741,5,64,4.3341987762598135,"Shawshank Redemption, The (1994)"
741,6,408,4.308209437568088,"Close Shave, A (1995)"
741,7,483,4.30778145282885,Casablanca (1942)
741,8,1398,4.282499385828085,Anna (1996)
741,9,1599,4.282445353056187,Someone Else's America (1995)
741,10,169,4.279474086014152,"Wrong Trousers, The (1993)"
726,1,867,4.190910671809475,"Whole Wide World, The (1996)"
726,2,1554,4.177586433311568,Safe Passage (1994)
726,3,1449,4.143904002068791,Pather Panchali (1955)
726,4,1467,4.132342365153433,"Saint of Fort Washington, The (1993)"
726,5,1500,4.112675958665322,Santa with Muscles (1996)
726,6,318,4.063983511173884,Schindler's List (1993)
726,7,169,4.054547948095431,"Wrong Trousers, The (1993)"
726,8,174,4.0274516224169625,Raiders of the Lost Ark (1981)
726,9,483,4.025284224176443,Casablanca (1942)
726,10,50,3.997909651234747,Star Wars (1977)
756,1,1449,4.382042228400446,Pather Panchali (1955)
756,2,1467,4.307992581110175,"Saint of Fort Washington, The (1993)"
756,3,1512,4.25870846506752,"World of Apu, The (Apur Sansar) (1959)"
756,4,169,4.202976216603386,"Wrong Trousers, The (1993)"
756,5,408,4.1836247928830295,"Close Shave, A (1995)"
756,6,318,4.169083243768375,Schindler's List (1993)
756,7,64,4.146453101759472,"Shawshank Redemption, The (1994)"
756,8,867,4.141387560032276,"Whole Wide World, The (1996)"
756,9,1599,4.109638944642562,Someone Else's America (1995)
756,10,12,4.1038963534617245,"Usual Suspects, The (1995)"
757,1,1449,4.529960581004371,Pather Panchali (1955)
757,2,1512,4.40599720174563,"World of Apu, The (Apur Sansar) (1959)"
757,3,1467,4.396525778928145,"Saint of Fort Washington, The (1993)"
757,4,169,4.357564981860031,"Wrong Trousers, The (1993)"
757,5,318,4.31991566831728,Schindler's List (1993)
757,6,408,4.287266284661698,"Close Shave, A (1995)"
757,7,867,4.268027796742625,"Whole Wide World, The (1996)"
757,8,12,4.246815150001986,"Usual Suspects, The (1995)"
757,9,1189,4.241350668252621,Prefontaine (1997)
757,10,114,4.237166328515618,Wallace & Gromit: The Best of Aardman Animation (1996)
751,1,1449,4.5659809906014015,Pather Panchali (1955)
751,2,1467,4.459788467859859,"Saint of Fort Washington, The (1993)"
751,3,1512,4.458851010730335,"World of Apu, The (Apur Sansar) (1959)"
751,4,318,4.4311720461943755,Schindler's List (1993)
751,5,1554,4.377525169267484,Safe Passage (1994)
751,6,64,4.374205423756727,"Shawshank Redemption, The (1994)"
751,7,408,4.325116747204804,"Close Shave, A (1995)"
751,8,169,4.3163139452690125,"Wrong Trousers, The (1993)"
751,9,178,4.31578238518487,12 Angry Men (1957)
751,10,1189,4.272864603849732,Prefontaine (1997)
752,1,320,4.506406455491617,Paradise Lost: The Child Murders at Robin Hood Hills (1996)
752,2,1467,4.343999552566115,"Saint of Fort Washington, The (1993)"
752,3,1449,4.321447009449267,Pather Panchali (1955)
752,4,1131,4.2907601034501806,Safe (1995)
752,5,1512,4.289982246186637,"World of Apu, The (Apur Sansar) (1959)"
752,6,1368,4.261841546771284,Mina Tannenbaum (1994)
752,7,1554,4.255816928211598,Safe Passage (1994)
752,8,169,4.238227394088447,"Wrong Trousers, The (1993)"
752,9,50,4.216680032329636,Star Wars (1977)
752,10,12,4.199981157978496,"Usual Suspects, The (1995)"
758,1,1449,4.870011539494411,Pather Panchali (1955)
758,2,1512,4.818200564610844,"World of Apu, The (Apur Sansar) (1959)"
758,3,169,4.8014625113013,"Wrong Trousers, The (1993)"
758,4,408,4.743327418600454,"Close Shave, A (1995)"
758,5,867,4.715286311249436,"Whole Wide World, The (1996)"
758,6,1467,4.70736651635621,"Saint of Fort Washington, The (1993)"
758,7,119,4.694854420049948,Maya Lin: A Strong Clear Vision (1994)
758,8,114,4.685150597227594,Wallace & Gromit: The Best of Aardman Animation (1996)
758,9,1599,4.648790008471837,Someone Else's America (1995)
758,10,1398,4.620889295080662,Anna (1996)
732,1,1467,5.0,"Saint of Fort Washington, The (1993)"
732,2,1449,4.981427962762958,Pather Panchali (1955)
732,3,1189,4.919188503303305,Prefontaine (1997)
732,4,318,4.8831653996642785,Schindler's List (1993)
732,5,64,4.853807468442296,"Shawshank Redemption, The (1994)"
732,6,1512,4.840022954788609,"World of Apu, The (Apur Sansar) (1959)"
732,7,313,4.780313138214341,Titanic (1997)
732,8,1064,4.71661594026257,Crossfire (1947)
732,9,174,4.698627258656106,Raiders of the Lost Ark (1981)
732,10,496,4.690365000128057,It's a Wonderful Life (1946)
731,1,1449,4.044981405835615,Pather Panchali (1955)
731,2,1554,4.037049384015372,Safe Passage (1994)
731,3,318,4.025710100391326,Schindler's List (1993)
731,4,169,3.9874526140586855,"Wrong Trousers, The (1993)"
731,5,1189,3.9849096369080175,Prefontaine (1997)
731,6,174,3.955278595516449,Raiders of the Lost Ark (1981)
731,7,1450,3.949549926417495,Golden Earrings (1947)
731,8,313,3.92876718054515,Titanic (1997)
731,9,408,3.9138076173546823,"Close Shave, A (1995)"
731,10,867,3.884298779921628,"Whole Wide World, The (1996)"
762,1,320,4.120707181542214,Paradise Lost: The Child Murders at Robin Hood Hills (1996)
762,2,1599,4.109969772501351,Someone Else's America (1995)
762,3,1467,4.071390735200706,"Saint of Fort Washington, The (1993)"
762,4,1449,4.028097634436773,Pather Panchali (1955)
762,5,357,4.021255265486442,One Flew Over the Cuckoo's Nest (1975)
762,6,169,3.9956618268899646,"Wrong Trousers, The (1993)"
762,7,1131,3.9714574147164985,Safe (1995)
762,8,1143,3.9613533583858693,Hard Eight (1996)
762,9,1512,3.953891752639892,"World of Apu, The (Apur Sansar) (1959)"
762,10,50,3.9512627350802085,Star Wars (1977)
744,1,1449,4.597565057849308,Pather Panchali (1955)
744,2,1512,4.4566069370529595,"World of Apu, The (Apur Sansar) (1959)"
744,3,1467,4.4556908277881275,"Saint of Fort Washington, The (1993)"
744,4,169,4.416365112512268,"Wrong Trousers, The (1993)"
744,5,408,4.367695211809658,"Close Shave, A (1995)"
744,6,1599,4.363888011949661,Someone Else's America (1995)
744,7,867,4.33694592887281,"Whole Wide World, The (1996)"
744,8,64,4.30149582188997,"Shawshank Redemption, The (1994)"
744,9,1398,4.286652846070851,Anna (1996)
744,10,318,4.282229481175363,Schindler's List (1993)
754,1,1449,4.502825846318819,Pather Panchali (1955)
754,2,1512,4.436109517178812,"World of Apu, The (Apur Sansar) (1959)"
754,3,1467,4.370453893721564,"Saint of Fort Washington, The (1993)"
754,4,318,4.301573119027917,Schindler's List (1993)
754,5,64,4.288510841571409,"Shawshank Redemption, The (1994)"
754,6,169,4.277926500664998,"Wrong Trousers, The (1993)"
754,7,408,4.267930662253207,"Close Shave, A (1995)"
754,8,178,4.250122803720295,12 Angry Men (1957)
754,9,483,4.247512899787016,Casablanca (1942)
754,10,50,4.225395061594054,Star Wars (1977)
763,1,1449,4.741854105018297,Pather Panchali (1955)
763,2,1512,4.687685885131616,"World of Apu, The (Apur Sansar) (1959)"
763,3,408,4.476783778469159,"Close Shave, A (1995)"
763,4,1467,4.467321270131019,"Saint of Fort Washington, The (1993)"
763,5,169,4.447400132126847,"Wrong Trousers, The (1993)"
763,6,603,4.406759862877872,Rear Window (1954)
763,7,320,4.406678328443793,Paradise Lost: The Child Murders at Robin Hood Hills (1996)
763,8,1599,4.390663030725712,Someone Else's America (1995)
763,9,119,4.388420154795649,Maya Lin: A Strong Clear Vision (1994)
763,10,178,4.385810897985182,12 Angry Men (1957)
764,1,1449,4.6528239285370905,Pather Panchali (1955)
764,2,1467,4.633730112632659,"Saint of Fort Washington, The (1993)"
764,3,64,4.536122340775634,"Shawshank Redemption, The (1994)"
764,4,1512,4.514694978340688,"World of Apu, The (Apur Sansar) (1959)"
764,5,1189,4.478962819752066,Prefontaine (1997)
764,6,1064,4.469667440504669,Crossfire (1947)
764,7,169,4.460024744514883,"Wrong Trousers, The (1993)"
764,8,867,4.426559099334515,"Whole Wide World, The (1996)"
764,9,483,4.418535973443039,Casablanca (1942)
764,10,178,4.407894636788755,12 Angry Men (1957)
767,1,1512,5.0,"World of Apu, The (Apur Sansar) (1959)"
767,2,1467,5.0,"Saint of Fort Washington, The (1993)"
767,3,1449,5.0,Pather Panchali (1955)
767,4,867,4.9604781510323095,"Whole Wide World, The (1996)"
767,5,318,4.919145797005494,Schindler's List (1993)
767,6,408,4.917353554100538,"Close Shave, A (1995)"
767,7,1064,4.915801313390944,Crossfire (1947)
767,8,483,4.912053538611007,Casablanca (1942)
767,9,169,4.910068585540155,"Wrong Trousers, The (1993)"
767,10,1398,4.878890793278664,Anna (1996)
769,1,1449,4.43613269722968,Pather Panchali (1955)
769,2,1467,4.34913091077641,"Saint of Fort Washington, The (1993)"
769,3,1512,4.305601560778012,"World of Apu, The (Apur Sansar) (1959)"
769,4,64,4.295435168382002,"Shawshank Redemption, The (1994)"
769,5,1189,4.290181805918622,Prefontaine (1997)
769,6,318,4.287560799711404,Schindler's List (1993)
769,7,169,4.242064670954412,"Wrong Trousers, The (1993)"
769,8,408,4.223435022324485,"Close Shave, A (1995)"
769,9,50,4.22283390978462,Star Wars (1977)
769,10,174,4.222075174012682,Raiders of the Lost Ark (1981)
771,1,1467,4.477622679924281,"Saint of Fort Washington, The (1993)"
771,2,1554,4.338375855882987,Safe Passage (1994)
771,3,1449,4.336435377319177,Pather Panchali (1955)
771,4,867,4.286119179773924,"Whole Wide World, The (1996)"
771,5,318,4.275406569053291,Schindler's List (1993)
771,6,1064,4.244730928148214,Crossfire (1947)
771,7,1169,4.2412804306778895,Fresh (1994)
771,8,1189,4.202595295404016,Prefontaine (1997)
771,9,64,4.182651417091627,"Shawshank Redemption, The (1994)"
771,10,1500,4.1677755906238465,Santa with Muscles (1996)
768,1,1449,4.320965935730942,Pather Panchali (1955)
768,2,1467,4.198599385955516,"Saint of Fort Washington, The (1993)"
768,3,1512,4.196698969188679,"World of Apu, The (Apur Sansar) (1959)"
768,4,318,4.157573351375612,Schindler's List (1993)
768,5,64,4.112641570010109,"Shawshank Redemption, The (1994)"
768,6,169,4.1010036459898425,"Wrong Trousers, The (1993)"
768,7,1189,4.071249927666633,Prefontaine (1997)
768,8,1554,4.056188235331873,Safe Passage (1994)
768,9,408,4.007625031230557,"Close Shave, A (1995)"
768,10,174,4.006840856839755,Raiders of the Lost Ark (1981)
772,1,1449,5.0,Pather Panchali (1955)
772,2,1512,5.0,"World of Apu, The (Apur Sansar) (1959)"
772,3,867,4.995206258058846,"Whole Wide World, The (1996)"
772,4,408,4.975839357179222,"Close Shave, A (1995)"
772,5,169,4.939701921391671,"Wrong Trousers, The (1993)"
772,6,64,4.931869458123251,"Shawshank Redemption, The (1994)"
772,7,318,4.92795400361354,Schindler's List (1993)
772,8,1467,4.894346961438866,"Saint of Fort Washington, The (1993)"
772,9,1599,4.893904467335794,Someone Else's America (1995)
772,10,119,4.884947840766057,Maya Lin: A Strong Clear Vision (1994)
766,1,1449,4.337220850507647,Pather Panchali (1955)
766,2,1512,4.251515415088615,"World of Apu, The (Apur Sansar) (1959)"
766,3,1467,4.168555336884592,"Saint of Fort Washington, The (1993)"
766,4,169,4.12034699134636,"Wrong Trousers, The (1993)"
766,5,867,4.118156228129931,"Whole Wide World, The (1996)"
766,6,408,4.098362926210048,"Close Shave, A (1995)"
766,7,119,4.0576461406203945,Maya Lin: A Strong Clear Vision (1994)
766,8,114,4.031358957102488,Wallace & Gromit: The Best of Aardman Animation (1996)
766,9,318,4.028099834553326,Schindler's List (1993)
766,10,12,4.01807601006469,"Usual Suspects, The (1995)"
725,1,1449,5.0,Pather Panchali (1955)
725,2,1512,4.97057360983284,"World of Apu, The (Apur Sansar) (1959)"
725,3,1467,4.848428904997426,"Saint of Fort Washington, The (1993)"
725,4,318,4.808901569602076,Schindler's List (1993)
725,5,408,4.763895139514276,"Close Shave, A (1995)"
725,6,1064,4.743057618022459,Crossfire (1947)
725,7,1599,4.707610320266437,Someone Else's America (1995)
725,8,64,4.7055055897749565,"Shawshank Redemption, The (1994)"
725,9,169,4.704189934218703,"Wrong Trousers, The (1993)"
725,10,1368,4.700228362396301,Mina Tannenbaum (1994)
774,1,1449,3.5073582053760535,Pather Panchali (1955)
774,2,1512,3.4452942669123194,"World of Apu, The (Apur Sansar) (1959)"
774,3,1467,3.3367105635831287,"Saint of Fort Washington, The (1993)"
774,4,169,3.2826243658865963,"Wrong Trousers, The (1993)"
774,5,867,3.2698158168844813,"Whole Wide World, The (1996)"
774,6,408,3.2378490302179372,"Close Shave, A (1995)"
774,7,1599,3.228724888453709,Someone Else's America (1995)
774,8,119,3.1913065105370344,Maya Lin: A Strong Clear Vision (1994)
774,9,114,3.1903704940096254,Wallace & Gromit: The Best of Aardman Animation (1996)
774,10,603,3.1769681429897783,Rear Window (1954)
761,1,174,4.192652145733297,Raiders of the Lost Ark (1981)
761,2,1449,4.163326309278136,Pather Panchali (1955)
761,3,1189,4.148999475590315,Prefontaine (1997)
761,4,1554,4.133062180488203,Safe Passage (1994)
761,5,64,4.097605882046093,"Shawshank Redemption, The (1994)"
761,6,318,4.076821108289831,Schindler's List (1993)
761,7,1064,4.074456880115157,Crossfire (1947)
761,8,1467,4.067946505131686,"Saint of Fort Washington, The (1993)"
761,9,169,4.066191306839567,"Wrong Trousers, The (1993)"
761,10,1450,4.062809392649376,Golden Earrings (1947)
687,1,1467,4.846372131693964,"Saint of Fort Washington, The (1993)"
687,2,1449,4.78641971063039,Pather Panchali (1955)
687,3,1512,4.742678141547192,"World of Apu, The (Apur Sansar) (1959)"
687,4,64,4.678802648552074,"Shawshank Redemption, The (1994)"
687,5,174,4.669295976368893,Raiders of the Lost Ark (1981)
687,6,1189,4.664187750760374,Prefontaine (1997)
687,7,318,4.646150117503547,Schindler's List (1993)
687,8,169,4.618011384237307,"Wrong Trousers, The (1993)"
687,9,50,4.60452745015414,Star Wars (1977)
687,10,178,4.581111356352718,12 Angry Men (1957)
755,1,1449,4.6077367503271525,Pather Panchali (1955)
755,2,313,4.4848366591278825,Titanic (1997)
755,3,408,4.409280896796463,"Close Shave, A (1995)"
755,4,169,4.381565387557923,"Wrong Trousers, The (1993)"
755,5,318,4.332366698319853,Schindler's List (1993)
755,6,867,4.330943511476357,"Whole Wide World, The (1996)"
755,7,909,4.311371090172523,Dangerous Beauty (1998)
755,8,1189,4.301977418254072,Prefontaine (1997)
755,9,64,4.290663022085324,"Shawshank Redemption, The (1994)"
755,10,22,4.275549794950982,Braveheart (1995)
759,1,1467,4.6964952331951775,"Saint of Fort Washington, The (1993)"
759,2,318,4.664283545774867,Schindler's List (1993)
759,3,1189,4.652571416190268,Prefontaine (1997)
759,4,313,4.65213855316205,Titanic (1997)
759,5,174,4.637999666156918,Raiders of the Lost Ark (1981)
759,6,966,4.62960192680826,"Affair to Remember, An (1957)"
759,7,1449,4.6258609141648925,Pather Panchali (1955)
759,8,64,4.614695992270634,"Shawshank Redemption, The (1994)"
759,9,1064,4.58267579584256,Crossfire (1947)
759,10,1450,4.580690912292053,Golden Earrings (1947)
776,1,1449,4.563414165244702,Pather Panchali (1955)
776,2,1512,4.538073178921856,"World of Apu, The (Apur Sansar) (1959)"
776,3,169,4.472598270016578,"Wrong Trousers, The (1993)"
776,4,867,4.422138134023334,"Whole Wide World, The (1996)"
776,5,1467,4.400237234718023,"Saint of Fort Washington, The (1993)"
776,6,408,4.393192286710784,"Close Shave, A (1995)"
776,7,114,4.386824323121508,Wallace & Gromit: The Best of Aardman Animation (1996)
776,8,12,4.354219587878898,"Usual Suspects, The (1995)"
776,9,64,4.325490704497065,"Shawshank Redemption, The (1994)"
776,10,318,4.325084895887502,Schindler's List (1993)
777,1,1449,4.813674805590966,Pather Panchali (1955)
777,2,1467,4.770575226266362,"Saint of Fort Washington, The (1993)"
777,3,1064,4.677591186113925,Crossfire (1947)
777,4,1450,4.648495949659226,Golden Earrings (1947)
777,5,318,4.637575925113049,Schindler's List (1993)
777,6,169,4.629761415977578,"Wrong Trousers, The (1993)"
777,7,64,4.6093697279700745,"Shawshank Redemption, The (1994)"
777,8,867,4.569346514226616,"Whole Wide World, The (1996)"
777,9,1512,4.5690379809887585,"World of Apu, The (Apur Sansar) (1959)"
777,10,1642,4.567646065387966,Some Mother's Son (1996)
760,1,1449,4.352472195127934,Pather Panchali (1955)
760,2,1064,4.260497035676953,Crossfire (1947)
760,3,318,4.247800467025851,Schindler's List (1993)
760,4,1512,4.217585792080509,"World of Apu, The (Apur Sansar) (1959)"
760,5,1467,4.1761992748150725,"Saint of Fort Washington, The (1993)"
760,6,64,4.176057941164186,"Shawshank Redemption, The (1994)"
760,7,1189,4.135975031431362,Prefontaine (1997)
760,8,603,4.096363984584846,Rear Window (1954)
760,9,1131,4.092119710208503,Safe (1995)
760,10,1398,4.080223529047636,Anna (1996)
780,1,1467,4.521295545114819,"Saint of Fort Washington, The (1993)"
780,2,1449,4.453567824748691,Pather Panchali (1955)
780,3,64,4.447510948698496,"Shawshank Redemption, The (1994)"
780,4,1189,4.371741812167108,Prefontaine (1997)
780,5,1512,4.3301634025288775,"World of Apu, The (Apur Sansar) (1959)"
780,6,169,4.3024792683252375,"Wrong Trousers, The (1993)"
780,7,867,4.301671537419348,"Whole Wide World, The (1996)"
780,8,1554,4.2707547942767485,Safe Passage (1994)
780,9,483,4.26385431126599,Casablanca (1942)
780,10,1064,4.257000630585169,Crossfire (1947)
773,1,1449,4.448658855908481,Pather Panchali (1955)
773,2,1512,4.368857023997557,"World of Apu, The (Apur Sansar) (1959)"
773,3,169,4.290654342816105,"Wrong Trousers, The (1993)"
773,4,114,4.217210847809032,Wallace & Gromit: The Best of Aardman Animation (1996)
773,5,867,4.20210895913219,"Whole Wide World, The (1996)"
773,6,127,4.172944628828221,"Godfather, The (1972)"
773,7,119,4.161858507320283,Maya Lin: A Strong Clear Vision (1994)
773,8,483,4.155361504405809,Casablanca (1942)
773,9,603,4.1275883991111915,Rear Window (1954)
773,10,178,4.125615773677759,12 Angry Men (1957)
765,1,1449,4.886237024058538,Pather Panchali (1955)
765,2,1512,4.850766344139308,"World of Apu, The (Apur Sansar) (1959)"
765,3,1599,4.652007576521781,Someone Else's America (1995)
765,4,1558,4.627357033638131,Aparajito (1956)
765,5,408,4.602252353279974,"Close Shave, A (1995)"
765,6,119,4.56881086774976,Maya Lin: A Strong Clear Vision (1994)
765,7,603,4.567857211209716,Rear Window (1954)
765,8,178,4.560129169082607,12 Angry Men (1957)
765,9,474,4.546611962325478,Dr. Strangelove or: How I Learned to Stop Worrying and Love the Bomb (1963)
765,10,1193,4.528973873641791,Before the Rain (Pred dozhdot) (1994)
779,1,1449,4.794993248248368,Pather Panchali (1955)
779,2,1467,4.751116136473082,"Saint of Fort Washington, The (1993)"
779,3,1189,4.675443646743832,Prefontaine (1997)
779,4,318,4.665404729514813,Schindler's List (1993)
779,5,64,4.65550847281759,"Shawshank Redemption, The (1994)"
779,6,1554,4.607923588954927,Safe Passage (1994)
779,7,1450,4.597862855635529,Golden Earrings (1947)
779,8,169,4.582779562781742,"Wrong Trousers, The (1993)"
779,9,1064,4.56633728166405,Crossfire (1947)
779,10,1512,4.565824632333808,"World of Apu, The (Apur Sansar) (1959)"
778,1,1512,4.308670067582804,"World of Apu, The (Apur Sansar) (1959)"
778,2,1449,4.2789276407728005,Pather Panchali (1955)
778,3,169,4.203246881204366,"Wrong Trousers, The (1993)"
778,4,1240,4.12353590991563,Ghost in the Shell (Kokaku kidotai) (1995)
778,5,1467,4.119211739493054,"Saint of Fort Washington, The (1993)"
778,6,114,4.116458829206283,Wallace & Gromit: The Best of Aardman Animation (1996)
778,7,408,4.107797574717577,"Close Shave, A (1995)"
778,8,119,4.104055162885265,Maya Lin: A Strong Clear Vision (1994)
778,9,641,4.092170465937116,Paths of Glory (1957)
778,10,12,4.081327260804216,"Usual Suspects, The (1995)"
782,1,1449,4.229832339912845,Pather Panchali (1955)
782,2,1467,4.198617131850541,"Saint of Fort Washington, The (1993)"
782,3,64,4.080510906847574,"Shawshank Redemption, The (1994)"
782,4,318,4.077215756737171,Schindler's List (1993)
782,5,1189,4.055749203765017,Prefontaine (1997)
782,6,169,3.9931324091862477,"Wrong Trousers, The (1993)"
782,7,1512,3.9847287640585938,"World of Apu, The (Apur Sansar) (1959)"
782,8,174,3.9518522402019594,Raiders of the Lost Ark (1981)
782,9,1450,3.940774431435178,Golden Earrings (1947)
782,10,867,3.933487540622702,"Whole Wide World, The (1996)"
786,1,1449,4.7224185566509025,Pather Panchali (1955)
786,2,1467,4.610105347872225,"Saint of Fort Washington, The (1993)"
786,3,1512,4.603225382486234,"World of Apu, The (Apur Sansar) (1959)"
786,4,64,4.551866374072031,"Shawshank Redemption, The (1994)"
786,5,483,4.465377896358031,Casablanca (1942)
786,6,1189,4.444447616025398,Prefontaine (1997)
786,7,178,4.442975655462746,12 Angry Men (1957)
786,8,867,4.441559730980514,"Whole Wide World, The (1996)"
786,9,408,4.426131460995339,"Close Shave, A (1995)"
786,10,1064,4.416992044929781,Crossfire (1947)
770,1,178,5.0,12 Angry Men (1957)
770,2,1064,5.0,Crossfire (1947)
770,3,1467,5.0,"Saint of Fort Washington, The (1993)"
770,4,318,5.0,Schindler's List (1993)
770,5,64,5.0,"Shawshank Redemption, The (1994)"
770,6,320,5.0,Paradise Lost: The Child Murders at Robin Hood Hills (1996)
770,7,1449,5.0,Pather Panchali (1955)
770,8,1512,5.0,"World of Apu, The (Apur Sansar) (1959)"
770,9,1639,4.98527394407682,Bitter Sugar (Azucar Amargo) (1996)
770,10,1450,4.981156346539908,Golden Earrings (1947)
788,1,1449,4.508885811545599,Pather Panchali (1955)
788,2,1512,4.322777601700769,"World of Apu, The (Apur Sansar) (1959)"
788,3,318,4.285158492896594,Schindler's List (1993)
788,4,1467,4.244629217707891,"Saint of Fort Washington, The (1993)"
788,5,867,4.2310088969645445,"Whole Wide World, The (1996)"
788,6,408,4.220358379708169,"Close Shave, A (1995)"
788,7,169,4.219963864303961,"Wrong Trousers, The (1993)"
788,8,1189,4.189705968167234,Prefontaine (1997)
788,9,1064,4.161494439360635,Crossfire (1947)
788,10,1599,4.143117101570882,Someone Else's America (1995)
789,1,1467,4.476655614243007,"Saint of Fort Washington, The (1993)"
789,2,1449,4.384075908879498,Pather Panchali (1955)
789,3,1512,4.3659815945504015,"World of Apu, The (Apur Sansar) (1959)"
789,4,169,4.3320129312813025,"Wrong Trousers, The (1993)"
789,5,641,4.302542071828055,Paths of Glory (1957)
789,6,174,4.28425228064111,Raiders of the Lost Ark (1981)
789,7,172,4.253641184565012,"Empire Strikes Back, The (1980)"
789,8,12,4.253400120682735,"Usual Suspects, The (1995)"
789,9,1189,4.247611795774721,Prefontaine (1997)
789,10,64,4.243419697933208,"Shawshank Redemption, The (1994)"
790,1,1449,4.299894065486482,Pather Panchali (1955)
790,2,1512,4.186589183702711,"World of Apu, The (Apur Sansar) (1959)"
790,3,1467,4.16748618868099,"Saint of Fort Washington, The (1993)"
790,4,169,4.092231801718676,"Wrong Trousers, The (1993)"
790,5,318,4.038930874464275,Schindler's List (1993)
790,6,64,4.035744455534605,"Shawshank Redemption, The (1994)"
790,7,1599,4.032312170997512,Someone Else's America (1995)
790,8,408,3.9800254589770585,"Close Shave, A (1995)"
790,9,178,3.9644550203646434,12 Angry Men (1957)
790,10,1064,3.963541605779187,Crossfire (1947)
787,1,1449,4.357611284806036,Pather Panchali (1955)
787,2,1467,4.30268315367442,"Saint of Fort Washington, The (1993)"
787,3,64,4.2494594187825125,"Shawshank Redemption, The (1994)"
787,4,1189,4.242492726792502,Prefontaine (1997)
787,5,1450,4.241398679744965,Golden Earrings (1947)
787,6,318,4.2308588448309115,Schindler's List (1993)
787,7,174,4.227985067718776,Raiders of the Lost Ark (1981)
787,8,169,4.223072703952127,"Wrong Trousers, The (1993)"
787,9,22,4.199992989598137,Braveheart (1995)
787,10,1064,4.196492029462985,Crossfire (1947)
783,1,1449,4.986816841971576,Pather Panchali (1955)
783,2,1467,4.980487890175623,"Saint of Fort Washington, The (1993)"
783,3,1512,4.946091317084293,"World of Apu, The (Apur Sansar) (1959)"
783,4,1189,4.836803171683686,Prefontaine (1997)
783,5,169,4.800905131396285,"Wrong Trousers, The (1993)"
783,6,867,4.786009110207749,"Whole Wide World, The (1996)"
783,7,1368,4.781777285927766,Mina Tannenbaum (1994)
783,8,1599,4.762766568118888,Someone Else's America (1995)
783,9,1367,4.755669227122041,Faust (1994)
783,10,1500,4.740576141504959,Santa with Muscles (1996)
794,1,1512,5.0,"World of Apu, The (Apur Sansar) (1959)"
794,2,408,5.0,"Close Shave, A (1995)"
794,3,1449,5.0,Pather Panchali (1955)
794,4,169,4.976561474461348,"Wrong Trousers, The (1993)"
794,5,119,4.926368017467146,Maya Lin: A Strong Clear Vision (1994)
794,6,114,4.923945534875161,Wallace & Gromit: The Best of Aardman Animation (1996)
794,7,178,4.923864919267884,12 Angry Men (1957)
794,8,603,4.920447351543429,Rear Window (1954)
794,9,1599,4.919454425813445,Someone Else's America (1995)
794,10,483,4.906415818977965,Casablanca (1942)
784,1,1449,4.905080495738079,Pather Panchali (1955)
784,2,1467,4.749926052065909,"Saint of Fort Washington, The (1993)"
784,3,169,4.710768394354842,"Wrong Trousers, The (1993)"
784,4,318,4.709710815402577,Schindler's List (1993)
784,5,1064,4.703697392004584,Crossfire (1947)
784,6,64,4.666929001776012,"Shawshank Redemption, The (1994)"
784,7,867,4.655885670774894,"Whole Wide World, The (1996)"
784,8,408,4.653439232237103,"Close Shave, A (1995)"
784,9,1189,4.649138007903119,Prefontaine (1997)
784,10,1599,4.646971199764439,Someone Else's America (1995)
729,1,1449,4.379232959761813,Pather Panchali (1955)
729,2,1512,4.261661204768945,"World of Apu, The (Apur Sansar) (1959)"
729,3,1467,4.211177541051685,"Saint of Fort Washington, The (1993)"
729,4,1368,4.1613034756028675,Mina Tannenbaum (1994)
729,5,1064,4.148033278386969,Crossfire (1947)
729,6,867,4.115101063855344,"Whole Wide World, The (1996)"
729,7,169,4.04731841748012,"Wrong Trousers, The (1993)"
729,8,1189,4.046644132687855,Prefontaine (1997)
729,9,1599,4.043474441364635,Someone Else's America (1995)
729,10,851,4.0326076904321955,Two or Three Things I Know About Her (1966)
781,1,1449,4.568297169632788,Pather Panchali (1955)
781,2,1512,4.560839457285869,"World of Apu, The (Apur Sansar) (1959)"
781,3,867,4.427010827495915,"Whole Wide World, The (1996)"
781,4,50,4.419546893792977,Star Wars (1977)
781,5,127,4.413736469345653,"Godfather, The (1972)"
781,6,169,4.409869273956931,"Wrong Trousers, The (1993)"
781,7,1599,4.400385518122102,Someone Else's America (1995)
781,8,119,4.379472219130587,Maya Lin: A Strong Clear Vision (1994)
781,9,1398,4.378851397494211,Anna (1996)
781,10,408,4.368183010074494,"Close Shave, A (1995)"
796,1,1449,4.508422190276377,Pather Panchali (1955)
796,2,1467,4.50204832209487,"Saint of Fort Washington, The (1993)"
796,3,1189,4.476712789421401,Prefontaine (1997)
796,4,64,4.436881439488393,"Shawshank Redemption, The (1994)"
796,5,1554,4.414569607290392,Safe Passage (1994)
796,6,1064,4.37160070953889,Crossfire (1947)
796,7,966,4.335109045302847,"Affair to Remember, An (1957)"
796,8,867,4.320168425959128,"Whole Wide World, The (1996)"
796,9,1450,4.306732452455199,Golden Earrings (1947)
796,10,1512,4.3049366194373215,"World of Apu, The (Apur Sansar) (1959)"
795,1,1449,4.3437765789680665,Pather Panchali (1955)
795,2,1512,4.2242657261679915,"World of Apu, The (Apur Sansar) (1959)"
795,3,1467,4.160191476492775,"Saint of Fort Washington, The (1993)"
795,4,408,4.149263523889966,"Close Shave, A (1995)"
795,5,867,4.125713284058224,"Whole Wide World, The (1996)"
795,6,114,4.076699500860684,Wallace & Gromit: The Best of Aardman Animation (1996)
795,7,318,4.034433447611057,Schindler's List (1993)
795,8,603,4.026422180675712,Rear Window (1954)
795,9,119,4.019345625573924,Maya Lin: A Strong Clear Vision (1994)
795,10,1599,4.0174668332876315,Someone Else's America (1995)
793,1,1467,4.7140701913402365,"Saint of Fort Washington, The (1993)"
793,2,1449,4.673496347692677,Pather Panchali (1955)
793,3,1512,4.6081725631686234,"World of Apu, The (Apur Sansar) (1959)"
793,4,169,4.588907953989242,"Wrong Trousers, The (1993)"
793,5,64,4.551787904649358,"Shawshank Redemption, The (1994)"
793,6,318,4.5460367907004,Schindler's List (1993)
793,7,178,4.477469882722456,12 Angry Men (1957)
793,8,1599,4.465488653700655,Someone Else's America (1995)
793,9,867,4.462393690690034,"Whole Wide World, The (1996)"
793,10,12,4.4592169562515185,"Usual Suspects, The (1995)"
798,1,1467,4.432872690412418,"Saint of Fort Washington, The (1993)"
798,2,867,4.348099592489173,"Whole Wide World, The (1996)"
798,3,1449,4.346291177696778,Pather Panchali (1955)
798,4,1064,4.31735375017082,Crossfire (1947)
798,5,1189,4.306803400027631,Prefontaine (1997)
798,6,318,4.272145756635863,Schindler's List (1993)
798,7,169,4.271304601990025,"Wrong Trousers, The (1993)"
798,8,1233,4.231690124041822,Nénette et Boni (1996)
798,9,64,4.229609899591058,"Shawshank Redemption, The (1994)"
798,10,1368,4.222397574147604,Mina Tannenbaum (1994)
791,1,1449,4.678600287336207,Pather Panchali (1955)
791,2,1467,4.590573333322026,"Saint of Fort Washington, The (1993)"
791,3,1512,4.540572700286984,"World of Apu, The (Apur Sansar) (1959)"
791,4,169,4.531588589193421,"Wrong Trousers, The (1993)"
791,5,318,4.499618223206278,Schindler's List (1993)
791,6,64,4.482493626775349,"Shawshank Redemption, The (1994)"
791,7,408,4.462559288119922,"Close Shave, A (1995)"
791,8,1189,4.446894796497936,Prefontaine (1997)
791,9,1599,4.439110663363041,Someone Else's America (1995)
791,10,313,4.408463846958868,Titanic (1997)
802,1,1467,4.670062258901382,"Saint of Fort Washington, The (1993)"
802,2,1449,4.618278620797044,Pather Panchali (1955)
802,3,867,4.563754215220514,"Whole Wide World, The (1996)"
802,4,1064,4.562074111563471,Crossfire (1947)
802,5,1189,4.561651403247014,Prefontaine (1997)
802,6,169,4.557580833507083,"Wrong Trousers, The (1993)"
802,7,174,4.538777209432083,Raiders of the Lost Ark (1981)
802,8,1554,4.518535713964306,Safe Passage (1994)
802,9,318,4.515954749645807,Schindler's List (1993)
802,10,1599,4.513109573283075,Someone Else's America (1995)
785,1,1467,4.382804723153225,"Saint of Fort Washington, The (1993)"
785,2,1449,4.33469072390929,Pather Panchali (1955)
785,3,169,4.27098059776429,"Wrong Trousers, The (1993)"
785,4,1189,4.227402792847975,Prefontaine (1997)
785,5,64,4.226010233212844,"Shawshank Redemption, The (1994)"
785,6,172,4.189403392026234,"Empire Strikes Back, The (1980)"
785,7,1512,4.160645366413499,"World of Apu, The (Apur Sansar) (1959)"
785,8,867,4.135903880469094,"Whole Wide World, The (1996)"
785,9,313,4.121662606344372,Titanic (1997)
785,10,114,4.101171231510276,Wallace & Gromit: The Best of Aardman Animation (1996)
804,1,1449,4.82071331255957,Pather Panchali (1955)
804,2,169,4.702878796342904,"Wrong Trousers, The (1993)"
804,3,1467,4.6995526687625455,"Saint of Fort Washington, The (1993)"
804,4,1512,4.631480143919871,"World of Apu, The (Apur Sansar) (1959)"
804,5,867,4.623498426535336,"Whole Wide World, The (1996)"
804,6,1189,4.618527430574783,Prefontaine (1997)
804,7,318,4.60240175484563,Schindler's List (1993)
804,8,1064,4.589293021040323,Crossfire (1947)
804,9,408,4.567730384289481,"Close Shave, A (1995)"
804,10,12,4.542922926325357,"Usual Suspects, The (1995)"
803,1,1449,4.879235942164466,Pather Panchali (1955)
803,2,1512,4.751192593395627,"World of Apu, The (Apur Sansar) (1959)"
803,3,357,4.673986600308799,One Flew Over the Cuckoo's Nest (1975)
803,4,408,4.670323206684534,"Close Shave, A (1995)"
803,5,178,4.643462144260257,12 Angry Men (1957)
803,6,320,4.638172720764588,Paradise Lost: The Child Murders at Robin Hood Hills (1996)
803,7,127,4.6368104582507055,"Godfather, The (1972)"
803,8,119,4.624746715765896,Maya Lin: A Strong Clear Vision (1994)
803,9,169,4.5878869268470694,"Wrong Trousers, The (1993)"
803,10,272,4.58128133349937,Good Will Hunting (1997)
775,1,1449,4.7244645305647675,Pather Panchali (1955)
775,2,1512,4.571295092086985,"World of Apu, The (Apur Sansar) (1959)"
775,3,318,4.459620692250581,Schindler's List (1993)
775,4,169,4.411079585766618,"Wrong Trousers, The (1993)"
775,5,408,4.405535120757334,"Close Shave, A (1995)"
775,6,178,4.393368382221139,12 Angry Men (1957)
775,7,483,4.391439615662524,Casablanca (1942)
775,8,64,4.357628853607411,"Shawshank Redemption, The (1994)"
775,9,1642,4.357017345186827,Some Mother's Son (1996)
775,10,603,4.356962110203475,Rear Window (1954)
792,1,1467,4.352707688551371,"Saint of Fort Washington, The (1993)"
792,2,169,4.297406755083116,"Wrong Trousers, The (1993)"
792,3,1512,4.29274756084635,"World of Apu, The (Apur Sansar) (1959)"
792,4,1449,4.2826706107590615,Pather Panchali (1955)
792,5,408,4.228187884308571,"Close Shave, A (1995)"
792,6,50,4.2048527556486865,Star Wars (1977)
792,7,64,4.203452944827283,"Shawshank Redemption, The (1994)"
792,8,318,4.190463066526362,Schindler's List (1993)
792,9,1398,4.172380451681396,Anna (1996)
792,10,867,4.168498870935619,"Whole Wide World, The (1996)"
800,1,1449,4.865154361837107,Pather Panchali (1955)
800,2,1512,4.7112077091767155,"World of Apu, The (Apur Sansar) (1959)"
800,3,169,4.64759082249233,"Wrong Trousers, The (1993)"
800,4,408,4.626412043715628,"Close Shave, A (1995)"
800,5,318,4.617246852225767,Schindler's List (1993)
800,6,1467,4.615725358970088,"Saint of Fort Washington, The (1993)"
800,7,867,4.594800307577404,"Whole Wide World, The (1996)"
800,8,1064,4.5890048380341755,Crossfire (1947)
800,9,483,4.555754681933619,Casablanca (1942)
800,10,114,4.554473798230596,Wallace & Gromit: The Best of Aardman Animation (1996)
753,1,1449,4.335224807564538,Pather Panchali (1955)
753,2,318,4.313044349619559,Schindler's List (1993)
753,3,1064,4.198997093018405,Crossfire (1947)
753,4,1467,4.194929193921456,"Saint of Fort Washington, The (1993)"
753,5,1450,4.143837424097344,Golden Earrings (1947)
753,6,1189,4.122028195983668,Prefontaine (1997)
753,7,1642,4.116380429409594,Some Mother's Son (1996)
753,8,178,4.1130566180369685,12 Angry Men (1957)
753,9,496,4.111024583083241,It's a Wonderful Life (1946)
753,10,1636,4.091952155714276,Brothers in Trouble (1995)
799,1,1449,4.932287356538632,Pather Panchali (1955)
799,2,1512,4.851999827144998,"World of Apu, The (Apur Sansar) (1959)"
799,3,408,4.665060165793313,"Close Shave, A (1995)"
799,4,178,4.662217890239769,12 Angry Men (1957)
799,5,169,4.662175345061644,"Wrong Trousers, The (1993)"
799,6,318,4.644089813641799,Schindler's List (1993)
799,7,64,4.635562208905439,"Shawshank Redemption, The (1994)"
799,8,1467,4.619882153643643,"Saint of Fort Washington, The (1993)"
799,9,357,4.616697441211431,One Flew Over the Cuckoo's Nest (1975)
799,10,603,4.6160617518870435,Rear Window (1954)
805,1,1449,4.4956643782433705,Pather Panchali (1955)
805,2,1512,4.450226544359574,"World of Apu, The (Apur Sansar) (1959)"
805,3,408,4.393325454425935,"Close Shave, A (1995)"
805,4,1599,4.36835811856998,Someone Else's America (1995)
805,5,114,4.346633227130827,Wallace & Gromit: The Best of Aardman Animation (1996)
805,6,119,4.304730519512378,Maya Lin: A Strong Clear Vision (1994)
805,7,474,4.2860612236931965,Dr. Strangelove or: How I Learned to Stop Worrying and Love the Bomb (1963)
805,8,1367,4.282897385224093,Faust (1994)
805,9,867,4.26943191613405,"Whole Wide World, The (1996)"
805,10,1368,4.26685371411882,Mina Tannenbaum (1994)
806,1,1449,4.603161734006543,Pather Panchali (1955)
806,2,1512,4.565042428390792,"World of Apu, The (Apur Sansar) (1959)"
806,3,1467,4.548661862542716,"Saint of Fort Washington, The (1993)"
806,4,318,4.468125436663454,Schindler's List (1993)
806,5,1189,4.456989962675039,Prefontaine (1997)
806,6,64,4.455077855904438,"Shawshank Redemption, The (1994)"
806,7,867,4.448170429404476,"Whole Wide World, The (1996)"
806,8,1599,4.4052455846814595,Someone Else's America (1995)
806,9,114,4.3969960134229185,Wallace & Gromit: The Best of Aardman Animation (1996)
806,10,603,4.380007453670495,Rear Window (1954)
807,1,1467,4.858939895267954,"Saint of Fort Washington, The (1993)"
807,2,1449,4.842376245768017,Pather Panchali (1955)
807,3,1064,4.662248314414157,Crossfire (1947)
807,4,1189,4.642937177620521,Prefontaine (1997)
807,5,867,4.641167689403357,"Whole Wide World, The (1996)"
807,6,64,4.6367259779304915,"Shawshank Redemption, The (1994)"
807,7,1512,4.6098036195129986,"World of Apu, The (Apur Sansar) (1959)"
807,8,169,4.6079950206621625,"Wrong Trousers, The (1993)"
807,9,1398,4.548962537495093,Anna (1996)
807,10,1554,4.548067950838019,Safe Passage (1994)
797,1,174,4.195170704795284,Raiders of the Lost Ark (1981)
797,2,1467,4.115539707609125,"Saint of Fort Washington, The (1993)"
797,3,172,4.082112295317004,"Empire Strikes Back, The (1980)"
797,4,1449,4.024136820617577,Pather Panchali (1955)
797,5,64,3.9949026558215373,"Shawshank Redemption, The (1994)"
797,6,1189,3.9851216776456067,Prefontaine (1997)
797,7,169,3.961084885734696,"Wrong Trousers, The (1993)"
797,8,318,3.958392506075738,Schindler's List (1993)
797,9,483,3.9470824979426453,Casablanca (1942)
797,10,867,3.9254692958978272,"Whole Wide World, The (1996)"
801,1,1467,5.0,"Saint of Fort Washington, The (1993)"
801,2,1449,4.995508809220337,Pather Panchali (1955)
801,3,64,4.972704402597946,"Shawshank Redemption, The (1994)"
801,4,272,4.956092191970099,Good Will Hunting (1997)
801,5,313,4.9530293259566776,Titanic (1997)
801,6,318,4.892290817938758,Schindler's List (1993)
801,7,1512,4.887961649940273,"World of Apu, The (Apur Sansar) (1959)"
801,8,169,4.849116223497454,"Wrong Trousers, The (1993)"
801,9,1554,4.839301735166393,Safe Passage (1994)
801,10,320,4.838724907330481,Paradise Lost: The Child Murders at Robin Hood Hills (1996)
815,1,1467,4.589276011313857,"Saint of Fort Washington, The (1993)"
815,2,1449,4.5635313997050515,Pather Panchali (1955)
815,3,64,4.510210225470897,"Shawshank Redemption, The (1994)"
815,4,1554,4.473551367581413,Safe Passage (1994)
815,5,1450,4.395281164272439,Golden Earrings (1947)
815,6,1189,4.393225041611086,Prefontaine (1997)
815,7,1512,4.391073014196108,"World of Apu, The (Apur Sansar) (1959)"
815,8,22,4.373594109904058,Braveheart (1995)
815,9,483,4.371074717650383,Casablanca (1942)
815,10,169,4.363299708484215,"Wrong Trousers, The (1993)"
817,1,1467,4.55537845831658,"Saint of Fort Washington, The (1993)"
817,2,1449,4.447020488707233,Pather Panchali (1955)
817,3,1512,4.436544578572432,"World of Apu, The (Apur Sansar) (1959)"
817,4,64,4.383403506836985,"Shawshank Redemption, The (1994)"
817,5,169,4.3518387411811394,"Wrong Trousers, The (1993)"
817,6,318,4.317092623795769,Schindler's List (1993)
817,7,320,4.311989539254078,Paradise Lost: The Child Murders at Robin Hood Hills (1996)
817,8,12,4.2886560221709855,"Usual Suspects, The (1995)"
817,9,1189,4.285079344869082,Prefontaine (1997)
817,10,1450,4.240400810292462,Golden Earrings (1947)
821,1,1467,5.0,"Saint of Fort Washington, The (1993)"
821,2,1512,5.0,"World of Apu, The (Apur Sansar) (1959)"
821,3,1449,5.0,Pather Panchali (1955)
821,4,483,4.915863649621703,Casablanca (1942)
821,5,178,4.915720587574877,12 Angry Men (1957)
821,6,867,4.903529163775448,"Whole Wide World, The (1996)"
821,7,408,4.902287081996194,"Close Shave, A (1995)"
821,8,1189,4.898283890377472,Prefontaine (1997)
821,9,1064,4.896029751616483,Crossfire (1947)
821,10,1398,4.8785773952635045,Anna (1996)
814,1,1449,4.350749479897173,Pather Panchali (1955)
814,2,1467,4.314911478767308,"Saint of Fort Washington, The (1993)"
814,3,318,4.266970084307374,Schindler's List (1993)
814,4,1512,4.262361265923324,"World of Apu, The (Apur Sansar) (1959)"
814,5,64,4.226577409682695,"Shawshank Redemption, The (1994)"
814,6,1064,4.150885289775518,Crossfire (1947)
814,7,1398,4.137792323459121,Anna (1996)
814,8,169,4.1372818751284335,"Wrong Trousers, The (1993)"
814,9,178,4.1264442725176576,12 Angry Men (1957)
814,10,1450,4.124314381675927,Golden Earrings (1947)
812,1,1467,4.810790332488822,"Saint of Fort Washington, The (1993)"
812,2,313,4.634196231522197,Titanic (1997)
812,3,1449,4.598069793259969,Pather Panchali (1955)
812,4,174,4.581986450341604,Raiders of the Lost Ark (1981)
812,5,169,4.574059969568535,"Wrong Trousers, The (1993)"
812,6,64,4.531972418515697,"Shawshank Redemption, The (1994)"
812,7,1189,4.519093785284831,Prefontaine (1997)
812,8,1064,4.5159059721861095,Crossfire (1947)
812,9,1450,4.451221225253104,Golden Earrings (1947)
812,10,867,4.446023747776115,"Whole Wide World, The (1996)"
823,1,1449,4.979008714071209,Pather Panchali (1955)
823,2,1512,4.897210526174597,"World of Apu, The (Apur Sansar) (1959)"
823,3,1467,4.776645764931208,"Saint of Fort Washington, The (1993)"
823,4,169,4.766902205745664,"Wrong Trousers, The (1993)"
823,5,408,4.759472039533338,"Close Shave, A (1995)"
823,6,1599,4.737522624969867,Someone Else's America (1995)
823,7,64,4.736002714621071,"Shawshank Redemption, The (1994)"
823,8,114,4.705779173328034,Wallace & Gromit: The Best of Aardman Animation (1996)
823,9,178,4.692362320746994,12 Angry Men (1957)
823,10,483,4.686168150615781,Casablanca (1942)
809,1,1449,4.81297921752108,Pather Panchali (1955)
809,2,1512,4.7700032445048315,"World of Apu, The (Apur Sansar) (1959)"
809,3,169,4.597767422548711,"Wrong Trousers, The (1993)"
809,4,114,4.570911787321422,Wallace & Gromit: The Best of Aardman Animation (1996)
809,5,408,4.562990618913439,"Close Shave, A (1995)"
809,6,1599,4.550240227337893,Someone Else's America (1995)
809,7,1467,4.514029987391692,"Saint of Fort Washington, The (1993)"
809,8,1398,4.507675337081592,Anna (1996)
809,9,357,4.463757825302851,One Flew Over the Cuckoo's Nest (1975)
809,10,318,4.44810977781557,Schindler's List (1993)
825,1,1449,4.74381751141475,Pather Panchali (1955)
825,2,1467,4.707153391885633,"Saint of Fort Washington, The (1993)"
825,3,1189,4.676217706266401,Prefontaine (1997)
825,4,313,4.59578738691004,Titanic (1997)
825,5,1233,4.591370027111033,Nénette et Boni (1996)
825,6,174,4.570316786191253,Raiders of the Lost Ark (1981)
825,7,1064,4.556090877192715,Crossfire (1947)
825,8,867,4.532111129851373,"Whole Wide World, The (1996)"
825,9,64,4.519469325394196,"Shawshank Redemption, The (1994)"
825,10,22,4.517348676343179,Braveheart (1995)
827,1,1449,4.491561650734353,Pather Panchali (1955)
827,2,1467,4.376103406352501,"Saint of Fort Washington, The (1993)"
827,3,1512,4.37416949099601,"World of Apu, The (Apur Sansar) (1959)"
827,4,169,4.304880489465943,"Wrong Trousers, The (1993)"
827,5,1642,4.278618369554891,Some Mother's Son (1996)
827,6,1064,4.250632373469936,Crossfire (1947)
827,7,867,4.242157106734616,"Whole Wide World, The (1996)"
827,8,318,4.235671749431513,Schindler's List (1993)
827,9,1368,4.225786088737306,Mina Tannenbaum (1994)
827,10,483,4.222271938309415,Casablanca (1942)
829,1,1449,4.613401756811172,Pather Panchali (1955)
829,2,1512,4.547154532755593,"World of Apu, The (Apur Sansar) (1959)"
829,3,1599,4.315302554253392,Someone Else's America (1995)
829,4,119,4.307636257878064,Maya Lin: A Strong Clear Vision (1994)
829,5,483,4.306123696537229,Casablanca (1942)
829,6,169,4.290812650946342,"Wrong Trousers, The (1993)"
829,7,127,4.259487406301176,"Godfather, The (1972)"
829,8,867,4.250637793504499,"Whole Wide World, The (1996)"
829,9,603,4.249742169038869,Rear Window (1954)
829,10,1467,4.246620407745241,"Saint of Fort Washington, The (1993)"
811,1,64,5.0,"Shawshank Redemption, The (1994)"
811,2,313,5.0,Titanic (1997)
811,3,1512,5.0,"World of Apu, The (Apur Sansar) (1959)"
811,4,1467,5.0,"Saint of Fort Washington, The (1993)"
811,5,318,5.0,Schindler's List (1993)
811,6,1449,5.0,Pather Panchali (1955)
811,7,169,5.0,"Wrong Trousers, The (1993)"
811,8,1064,4.980368693277993,Crossfire (1947)
811,9,1189,4.949683060610077,Prefontaine (1997)
811,10,867,4.943682856086777,"Whole Wide World, The (1996)"
830,1,1449,4.771406815633635,Pather Panchali (1955)
830,2,1512,4.534711315489234,"World of Apu, The (Apur Sansar) (1959)"
830,3,318,4.501302029108717,Schindler's List (1993)
830,4,408,4.46619577038832,"Close Shave, A (1995)"
830,5,64,4.466044265495932,"Shawshank Redemption, The (1994)"
830,6,867,4.455592230016225,"Whole Wide World, The (1996)"
830,7,483,4.450980353015037,Casablanca (1942)
830,8,1467,4.431638398430151,"Saint of Fort Washington, The (1993)"
830,9,169,4.423854331888325,"Wrong Trousers, The (1993)"
830,10,1189,4.403693755697604,Prefontaine (1997)
826,1,1449,4.9500211371803156,Pather Panchali (1955)
826,2,1467,4.81835544009629,"Saint of Fort Washington, The (1993)"
826,3,1512,4.781712256787284,"World of Apu, The (Apur Sansar) (1959)"
826,4,867,4.7106380953979325,"Whole Wide World, The (1996)"
826,5,169,4.700117892057321,"Wrong Trousers, The (1993)"
826,6,318,4.664254616282175,Schindler's List (1993)
826,7,408,4.642861137679558,"Close Shave, A (1995)"
826,8,64,4.635662334028032,"Shawshank Redemption, The (1994)"
826,9,1189,4.631410472534181,Prefontaine (1997)
826,10,1064,4.615619771665996,Crossfire (1947)
831,1,1449,4.477490657600701,Pather Panchali (1955)
831,2,1512,4.418688537269411,"World of Apu, The (Apur Sansar) (1959)"
831,3,1467,4.370463308379655,"Saint of Fort Washington, The (1993)"
831,4,318,4.336014465174387,Schindler's List (1993)
831,5,169,4.307748238177074,"Wrong Trousers, The (1993)"
831,6,1599,4.279123997275005,Someone Else's America (1995)
831,7,178,4.262969726335541,12 Angry Men (1957)
831,8,357,4.2395522714840395,One Flew Over the Cuckoo's Nest (1975)
831,9,1189,4.225811798550213,Prefontaine (1997)
831,10,174,4.222213145053148,Raiders of the Lost Ark (1981)
819,1,1449,5.0,Pather Panchali (1955)
819,2,1512,4.9904645050536445,"World of Apu, The (Apur Sansar) (1959)"
819,3,318,4.8964469843459515,Schindler's List (1993)
819,4,408,4.872434208431138,"Close Shave, A (1995)"
819,5,320,4.865312843259572,Paradise Lost: The Child Murders at Robin Hood Hills (1996)
819,6,357,4.8438421767087485,One Flew Over the Cuckoo's Nest (1975)
819,7,178,4.83751394907958,12 Angry Men (1957)
819,8,169,4.836677565093103,"Wrong Trousers, The (1993)"
819,9,1398,4.831339720529099,Anna (1996)
819,10,867,4.825123283680627,"Whole Wide World, The (1996)"
828,1,1449,4.054150508120108,Pather Panchali (1955)
828,2,867,4.022825687280671,"Whole Wide World, The (1996)"
828,3,169,4.004144906280874,"Wrong Trousers, The (1993)"
828,4,1599,3.9795625866085715,Someone Else's America (1995)
828,5,1512,3.976997187198815,"World of Apu, The (Apur Sansar) (1959)"
828,6,1467,3.956591105110198,"Saint of Fort Washington, The (1993)"
828,7,1189,3.947499031037078,Prefontaine (1997)
828,8,318,3.928071381235174,Schindler's List (1993)
828,9,408,3.926021242554919,"Close Shave, A (1995)"
828,10,603,3.906191808451644,Rear Window (1954)
833,1,1512,4.277024857495957,"World of Apu, The (Apur Sansar) (1959)"
833,2,1449,4.248333344776783,Pather Panchali (1955)
833,3,1193,3.9813380963049267,Before the Rain (Pred dozhdot) (1994)
833,4,1240,3.9740809602083607,Ghost in the Shell (Kokaku kidotai) (1995)
833,5,119,3.9579035810583107,Maya Lin: A Strong Clear Vision (1994)
833,6,1599,3.9561497500131364,Someone Else's America (1995)
833,7,851,3.955386078454027,Two or Three Things I Know About Her (1966)
833,8,1524,3.9494221307505577,Kaspar Hauser (1993)
833,9,603,3.9283193708591297,Rear Window (1954)
833,10,1467,3.92523011227851,"Saint of Fort Washington, The (1993)"
836,1,1449,4.795123588673447,Pather Panchali (1955)
836,2,1512,4.703023290522521,"World of Apu, The (Apur Sansar) (1959)"
836,3,169,4.556349501998902,"Wrong Trousers, The (1993)"
836,4,50,4.4551009032330215,Star Wars (1977)
836,5,408,4.447402886001584,"Close Shave, A (1995)"
836,6,483,4.439806512930497,Casablanca (1942)
836,7,867,4.400436166306808,"Whole Wide World, The (1996)"
836,8,1467,4.3777430262878845,"Saint of Fort Washington, The (1993)"
836,9,1642,4.368716096182338,Some Mother's Son (1996)
836,10,12,4.356245341112714,"Usual Suspects, The (1995)"
816,1,1467,5.0,"Saint of Fort Washington, The (1993)"
816,2,867,5.0,"Whole Wide World, The (1996)"
816,3,1449,5.0,Pather Panchali (1955)
816,4,318,4.990384326412631,Schindler's List (1993)
816,5,1189,4.982218509907989,Prefontaine (1997)
816,6,169,4.981753682774914,"Wrong Trousers, The (1993)"
816,7,64,4.974343926278806,"Shawshank Redemption, The (1994)"
816,8,174,4.946421677216628,Raiders of the Lost Ark (1981)
816,9,1599,4.94204424118671,Someone Else's America (1995)
816,10,1064,4.938607400294013,Crossfire (1947)
835,1,1449,4.910790449985408,Pather Panchali (1955)
835,2,1512,4.764208224141055,"World of Apu, The (Apur Sansar) (1959)"
835,3,1467,4.752097105074046,"Saint of Fort Washington, The (1993)"
835,4,318,4.73901638598967,Schindler's List (1993)
835,5,64,4.708300584446492,"Shawshank Redemption, The (1994)"
835,6,1554,4.68434515056423,Safe Passage (1994)
835,7,867,4.6659746967120315,"Whole Wide World, The (1996)"
835,8,178,4.645439769537511,12 Angry Men (1957)
835,9,603,4.6429109444411605,Rear Window (1954)
835,10,1189,4.639124580190401,Prefontaine (1997)
839,1,1449,4.554237379354853,Pather Panchali (1955)
839,2,1512,4.461379621441899,"World of Apu, The (Apur Sansar) (1959)"
839,3,1599,4.406181103579323,Someone Else's America (1995)
839,4,1467,4.404631624221867,"Saint of Fort Washington, The (1993)"
839,5,408,4.360522172628077,"Close Shave, A (1995)"
839,6,169,4.343128893428376,"Wrong Trousers, The (1993)"
839,7,867,4.299272617100164,"Whole Wide World, The (1996)"
839,8,64,4.297707015451503,"Shawshank Redemption, The (1994)"
839,9,12,4.297509106468821,"Usual Suspects, The (1995)"
839,10,114,4.2883561439314795,Wallace & Gromit: The Best of Aardman Animation (1996)
840,1,1449,4.996534744163966,Pather Panchali (1955)
840,2,1512,4.918316574156737,"World of Apu, The (Apur Sansar) (1959)"
840,3,1467,4.763035735251209,"Saint of Fort Washington, The (1993)"
840,4,408,4.712427940706751,"Close Shave, A (1995)"
840,5,318,4.682310322140469,Schindler's List (1993)
840,6,119,4.6818371939264445,Maya Lin: A Strong Clear Vision (1994)
840,7,1398,4.674977696058134,Anna (1996)
840,8,603,4.673724298991947,Rear Window (1954)
840,9,1599,4.672851328381658,Someone Else's America (1995)
840,10,178,4.665696496382853,12 Angry Men (1957)
808,1,318,5.0,Schindler's List (1993)
808,2,1512,5.0,"World of Apu, The (Apur Sansar) (1959)"
808,3,1467,5.0,"Saint of Fort Washington, The (1993)"
808,4,169,5.0,"Wrong Trousers, The (1993)"
808,5,408,5.0,"Close Shave, A (1995)"
808,6,12,5.0,"Usual Suspects, The (1995)"
808,7,64,5.0,"Shawshank Redemption, The (1994)"
808,8,1449,5.0,Pather Panchali (1955)
808,9,483,5.0,Casablanca (1942)
808,10,114,5.0,Wallace & Gromit: The Best of Aardman Animation (1996)
818,1,1449,4.699308746970892,Pather Panchali (1955)
818,2,169,4.6823425983609015,"Wrong Trousers, The (1993)"
818,3,1064,4.67718093707053,Crossfire (1947)
818,4,1467,4.662349024011403,"Saint of Fort Washington, The (1993)"
818,5,1398,4.605992335610137,Anna (1996)
818,6,867,4.563191148812703,"Whole Wide World, The (1996)"
818,7,1189,4.557085492577329,Prefontaine (1997)
818,8,603,4.524825565022293,Rear Window (1954)
818,9,1512,4.524777246308808,"World of Apu, The (Apur Sansar) (1959)"
818,10,64,4.521741874174119,"Shawshank Redemption, The (1994)"
832,1,1449,4.20353704102911,Pather Panchali (1955)
832,2,1467,4.181977332055657,"Saint of Fort Washington, The (1993)"
832,3,169,4.051091364683691,"Wrong Trousers, The (1993)"
832,4,318,4.035411840541201,Schindler's List (1993)
832,5,64,4.024120550620181,"Shawshank Redemption, The (1994)"
832,6,1512,4.0220506568157495,"World of Apu, The (Apur Sansar) (1959)"
832,7,867,4.0134231364306725,"Whole Wide World, The (1996)"
832,8,1189,4.010870060152297,Prefontaine (1997)
832,9,1064,3.9855136449383957,Crossfire (1947)
832,10,1599,3.9774222965790136,Someone Else's America (1995)
810,1,119,5.0,Maya Lin: A Strong Clear Vision (1994)
810,2,427,5.0,To Kill a Mockingbird (1962)
810,3,1064,5.0,Crossfire (1947)
810,4,1537,5.0,Cosi (1996)
810,5,479,5.0,Vertigo (1958)
810,6,963,5.0,Some Folks Call It a Sling Blade (1993)
810,7,165,5.0,Jean de Florette (1986)
810,8,64,5.0,"Shawshank Redemption, The (1994)"
810,9,316,5.0,As Good As It Gets (1997)
810,10,87,5.0,Searching for Bobby Fischer (1993)
844,1,1449,4.451426995480572,Pather Panchali (1955)
844,2,1467,4.39600985665933,"Saint of Fort Washington, The (1993)"
844,3,1512,4.31920732609571,"World of Apu, The (Apur Sansar) (1959)"
844,4,64,4.249936048980775,"Shawshank Redemption, The (1994)"
844,5,169,4.230688758220046,"Wrong Trousers, The (1993)"
844,6,408,4.194972476685821,"Close Shave, A (1995)"
844,7,1189,4.186097506528444,Prefontaine (1997)
844,8,867,4.18084183092336,"Whole Wide World, The (1996)"
844,9,178,4.179630671430204,12 Angry Men (1957)
844,10,483,4.168705530662595,Casablanca (1942)
843,1,1449,3.8576615847211095,Pather Panchali (1955)
843,2,1467,3.732367547778892,"Saint of Fort Washington, The (1993)"
843,3,169,3.7246563855322283,"Wrong Trousers, The (1993)"
843,4,1512,3.635553033239535,"World of Apu, The (Apur Sansar) (1959)"
843,5,1064,3.623574770652229,Crossfire (1947)
843,6,867,3.605024048266323,"Whole Wide World, The (1996)"
843,7,408,3.603991370898254,"Close Shave, A (1995)"
843,8,114,3.57088186382528,Wallace & Gromit: The Best of Aardman Animation (1996)
843,9,1368,3.5621816677700915,Mina Tannenbaum (1994)
843,10,318,3.5297623927713087,Schindler's List (1993)
838,1,1449,4.937636270625163,Pather Panchali (1955)
838,2,1512,4.80592460550695,"World of Apu, The (Apur Sansar) (1959)"
838,3,318,4.77832229060431,Schindler's List (1993)
838,4,1467,4.770468041949587,"Saint of Fort Washington, The (1993)"
838,5,408,4.710827305694648,"Close Shave, A (1995)"
838,6,64,4.708620153826503,"Shawshank Redemption, The (1994)"
838,7,483,4.691368309345067,Casablanca (1942)
838,8,178,4.680420612111133,12 Angry Men (1957)
838,9,867,4.673645200617577,"Whole Wide World, The (1996)"
838,10,1554,4.66191650288591,Safe Passage (1994)
846,1,1449,4.774896552540912,Pather Panchali (1955)
846,2,1512,4.761612930237019,"World of Apu, The (Apur Sansar) (1959)"
846,3,169,4.612225987195139,"Wrong Trousers, The (1993)"
846,4,1467,4.586668094970063,"Saint of Fort Washington, The (1993)"
846,5,408,4.570189607901079,"Close Shave, A (1995)"
846,6,114,4.539313340556743,Wallace & Gromit: The Best of Aardman Animation (1996)
846,7,64,4.527775515719365,"Shawshank Redemption, The (1994)"
846,8,119,4.499720860299896,Maya Lin: A Strong Clear Vision (1994)
846,9,1599,4.484313453329953,Someone Else's America (1995)
846,10,867,4.475352122015949,"Whole Wide World, The (1996)"
837,1,1449,4.135124369761318,Pather Panchali (1955)
837,2,408,4.003114595467343,"Close Shave, A (1995)"
837,3,1512,3.9994651708412627,"World of Apu, The (Apur Sansar) (1959)"
837,4,318,3.9876619360363197,Schindler's List (1993)
837,5,483,3.836534589285082,Casablanca (1942)
837,6,1398,3.8244979141514386,Anna (1996)
837,7,169,3.8156300728777635,"Wrong Trousers, The (1993)"
837,8,1554,3.799175026846531,Safe Passage (1994)
837,9,64,3.7930830513212883,"Shawshank Redemption, The (1994)"
837,10,515,3.789618577572639,"Boot, Das (1981)"
834,1,1449,4.725148914804672,Pather Panchali (1955)
834,2,1467,4.713220096811601,"Saint of Fort Washington, The (1993)"
834,3,64,4.640586853202955,"Shawshank Redemption, The (1994)"
834,4,1512,4.593365625612916,"World of Apu, The (Apur Sansar) (1959)"
834,5,318,4.581085681137525,Schindler's List (1993)
834,6,174,4.568294746375544,Raiders of the Lost Ark (1981)
834,7,1450,4.540935884888252,Golden Earrings (1947)
834,8,178,4.536702544621152,12 Angry Men (1957)
834,9,867,4.51791339094099,"Whole Wide World, The (1996)"
834,10,172,4.506825028837475,"Empire Strikes Back, The (1980)"
847,1,1449,4.18001912714076,Pather Panchali (1955)
847,2,169,3.9457473991711822,"Wrong Trousers, The (1993)"
847,3,408,3.9123840273649853,"Close Shave, A (1995)"
847,4,867,3.891200907638951,"Whole Wide World, The (1996)"
847,5,318,3.85550191896638,Schindler's List (1993)
847,6,64,3.8302851034390923,"Shawshank Redemption, The (1994)"
847,7,1512,3.8287587624825443,"World of Apu, The (Apur Sansar) (1959)"
847,8,1642,3.81495790495807,Some Mother's Son (1996)
847,9,1639,3.810603673824725,Bitter Sugar (Azucar Amargo) (1996)
847,10,1064,3.804940131747061,Crossfire (1947)
848,1,1449,5.0,Pather Panchali (1955)
848,2,169,4.929813844587117,"Wrong Trousers, The (1993)"
848,3,1189,4.919382624467924,Prefontaine (1997)
848,4,114,4.863413270018668,Wallace & Gromit: The Best of Aardman Animation (1996)
848,5,867,4.811182318503517,"Whole Wide World, The (1996)"
848,6,408,4.807030248663913,"Close Shave, A (1995)"
848,7,1467,4.802569828827446,"Saint of Fort Washington, The (1993)"
848,8,64,4.790291557986781,"Shawshank Redemption, The (1994)"
848,9,1064,4.781886349064945,Crossfire (1947)
848,10,483,4.765238628975823,Casablanca (1942)
852,1,1449,4.706227130133619,Pather Panchali (1955)
852,2,1467,4.660064375181909,"Saint of Fort Washington, The (1993)"
852,3,169,4.545408118017555,"Wrong Trousers, The (1993)"
852,4,1512,4.5240660697311155,"World of Apu, The (Apur Sansar) (1959)"
852,5,318,4.523528336511541,Schindler's List (1993)
852,6,64,4.515518802938608,"Shawshank Redemption, The (1994)"
852,7,867,4.488492570727184,"Whole Wide World, The (1996)"
852,8,1189,4.4780642239251005,Prefontaine (1997)
852,9,1064,4.445168261876919,Crossfire (1947)
852,10,1500,4.431383904863648,Santa with Muscles (1996)
851,1,1449,4.842374295139779,Pather Panchali (1955)
851,2,1512,4.799127300167488,"World of Apu, The (Apur Sansar) (1959)"
851,3,1467,4.68060475811618,"Saint of Fort Washington, The (1993)"
851,4,64,4.610556734587831,"Shawshank Redemption, The (1994)"
851,5,169,4.6042909381584805,"Wrong Trousers, The (1993)"
851,6,357,4.574808485698562,One Flew Over the Cuckoo's Nest (1975)
851,7,1642,4.5702528840634065,Some Mother's Son (1996)
851,8,1599,4.557794653586951,Someone Else's America (1995)
851,9,114,4.553735355818383,Wallace & Gromit: The Best of Aardman Animation (1996)
851,10,408,4.5522718639459745,"Close Shave, A (1995)"
849,1,1064,5.0,Crossfire (1947)
849,2,96,5.0,Terminator 2: Judgment Day (1991)
849,3,191,5.0,Amadeus (1984)
849,4,199,5.0,"Bridge on the River Kwai, The (1957)"
849,5,1537,5.0,Cosi (1996)
849,6,496,5.0,It's a Wonderful Life (1946)
849,7,1293,5.0,Star Kid (1997)
849,8,12,5.0,"Usual Suspects, The (1995)"
849,9,1269,5.0,Love in the Afternoon (1957)
849,10,498,5.0,"African Queen, The (1951)"
813,1,1449,4.449448665718223,Pather Panchali (1955)
813,2,1189,4.296740402361522,Prefontaine (1997)
813,3,867,4.285375857807293,"Whole Wide World, The (1996)"
813,4,169,4.278539424095986,"Wrong Trousers, The (1993)"
813,5,1293,4.266503117477483,Star Kid (1997)
813,6,1554,4.262022353307828,Safe Passage (1994)
813,7,1467,4.24112700791057,"Saint of Fort Washington, The (1993)"
813,8,1064,4.227205996308774,Crossfire (1947)
813,9,318,4.219439862763963,Schindler's List (1993)
813,10,64,4.217350205367643,"Shawshank Redemption, The (1994)"
854,1,1512,4.257559887615153,"World of Apu, The (Apur Sansar) (1959)"
854,2,1449,4.2374881938496065,Pather Panchali (1955)
854,3,1467,4.173964566285786,"Saint of Fort Washington, The (1993)"
854,4,320,4.0658946392552044,Paradise Lost: The Child Murders at Robin Hood Hills (1996)
854,5,169,4.0530102461825965,"Wrong Trousers, The (1993)"
854,6,178,4.026646439656967,12 Angry Men (1957)
854,7,119,4.020016371656238,Maya Lin: A Strong Clear Vision (1994)
854,8,408,4.0159925513125945,"Close Shave, A (1995)"
854,9,1599,4.005977655155144,Someone Else's America (1995)
854,10,1398,3.9891017586012008,Anna (1996)
850,1,313,4.9827950430036125,Titanic (1997)
850,2,1467,4.91607500807644,"Saint of Fort Washington, The (1993)"
850,3,966,4.9126839791760375,"Affair to Remember, An (1957)"
850,4,1189,4.902762107468017,Prefontaine (1997)
850,5,1554,4.898683797046487,Safe Passage (1994)
850,6,1233,4.845410406644818,Nénette et Boni (1996)
850,7,1449,4.843488404219187,Pather Panchali (1955)
850,8,64,4.835103532299142,"Shawshank Redemption, The (1994)"
850,9,265,4.759118685999332,"Hunt for Red October, The (1990)"
850,10,867,4.756698027336016,"Whole Wide World, The (1996)"
858,1,1449,4.460009340820868,Pather Panchali (1955)
858,2,1512,4.404071264195513,"World of Apu, The (Apur Sansar) (1959)"
858,3,320,4.334033788516549,Paradise Lost: The Child Murders at Robin Hood Hills (1996)
858,4,1467,4.313806528437117,"Saint of Fort Washington, The (1993)"
858,5,318,4.299579081033453,Schindler's List (1993)
858,6,178,4.229543740531536,12 Angry Men (1957)
858,7,64,4.192693469262129,"Shawshank Redemption, The (1994)"
858,8,603,4.18397742487828,Rear Window (1954)
858,9,1064,4.163053032756891,Crossfire (1947)
858,10,1398,4.158372840860446,Anna (1996)
853,1,1467,4.4480991191215065,"Saint of Fort Washington, The (1993)"
853,2,1189,4.241668803848873,Prefontaine (1997)
853,3,1512,4.2261936825676205,"World of Apu, The (Apur Sansar) (1959)"
853,4,318,4.170957842966892,Schindler's List (1993)
853,5,867,4.162732720317446,"Whole Wide World, The (1996)"
853,6,1500,4.156191651282918,Santa with Muscles (1996)
853,7,64,4.155092719659244,"Shawshank Redemption, The (1994)"
853,8,1398,4.147315597549246,Anna (1996)
853,9,1449,4.142586444358547,Pather Panchali (1955)
853,10,50,4.125505272937183,Star Wars (1977)
855,1,1449,4.208434300360545,Pather Panchali (1955)
855,2,1467,4.197841762478869,"Saint of Fort Washington, The (1993)"
855,3,1512,4.053860571933169,"World of Apu, The (Apur Sansar) (1959)"
855,4,64,4.048549226772159,"Shawshank Redemption, The (1994)"
855,5,318,4.035643492269758,Schindler's List (1993)
855,6,169,4.021225837853836,"Wrong Trousers, The (1993)"
855,7,1599,3.994035041715311,Someone Else's America (1995)
855,8,1189,3.9805444526483162,Prefontaine (1997)
855,9,12,3.959794738413602,"Usual Suspects, The (1995)"
855,10,1064,3.9513187933094382,Crossfire (1947)
824,1,1449,4.2245706667428555,Pather Panchali (1955)
824,2,1467,4.121046233399401,"Saint of Fort Washington, The (1993)"
824,3,1512,4.0857490841603346,"World of Apu, The (Apur Sansar) (1959)"
824,4,169,4.0738018789008645,"Wrong Trousers, The (1993)"
824,5,1398,3.9183546316274214,Anna (1996)
824,6,12,3.895309471288519,"Usual Suspects, The (1995)"
824,7,64,3.893041474892,"Shawshank Redemption, The (1994)"
824,8,1599,3.889942239361688,Someone Else's America (1995)
824,9,603,3.883528535745876,Rear Window (1954)
824,10,1368,3.8828459856963797,Mina Tannenbaum (1994)
845,1,1449,4.087791095108134,Pather Panchali (1955)
845,2,1639,3.970318850910075,Bitter Sugar (Azucar Amargo) (1996)
845,3,1512,3.942569245127384,"World of Apu, The (Apur Sansar) (1959)"
845,4,1450,3.9345271310694834,Golden Earrings (1947)
845,5,64,3.880987036208838,"Shawshank Redemption, The (1994)"
845,6,318,3.8754434986241413,Schindler's List (1993)
845,7,1467,3.875442976217595,"Saint of Fort Washington, The (1993)"
845,8,169,3.865909145389709,"Wrong Trousers, The (1993)"
845,9,1064,3.8503460671802454,Crossfire (1947)
845,10,867,3.8169492087795374,"Whole Wide World, The (1996)"
841,1,1467,4.918399551679869,"Saint of Fort Washington, The (1993)"
841,2,1449,4.830168419256655,Pather Panchali (1955)
841,3,318,4.799630028431992,Schindler's List (1993)
841,4,64,4.732909671541233,"Shawshank Redemption, The (1994)"
841,5,1512,4.709501809900525,"World of Apu, The (Apur Sansar) (1959)"
841,6,1064,4.688139865349039,Crossfire (1947)
841,7,174,4.640189419677818,Raiders of the Lost Ark (1981)
841,8,50,4.617701820602102,Star Wars (1977)
841,9,1189,4.616805193984155,Prefontaine (1997)
841,10,1554,4.608239440200567,Safe Passage (1994)
859,1,1467,5.0,"Saint of Fort Washington, The (1993)"
859,2,1449,4.987407560581978,Pather Panchali (1955)
859,3,1189,4.826205388686846,Prefontaine (1997)
859,4,169,4.8184349199186505,"Wrong Trousers, The (1993)"
859,5,64,4.793613491292401,"Shawshank Redemption, The (1994)"
859,6,318,4.787433153092229,Schindler's List (1993)
859,7,1512,4.771294498285919,"World of Apu, The (Apur Sansar) (1959)"
859,8,1064,4.770190781168154,Crossfire (1947)
859,9,1450,4.7692133522771325,Golden Earrings (1947)
859,10,1642,4.740054500545527,Some Mother's Son (1996)
820,1,1512,4.414493805926515,"World of Apu, The (Apur Sansar) (1959)"
820,2,1467,4.30303000204955,"Saint of Fort Washington, The (1993)"
820,3,1449,4.273986590961367,Pather Panchali (1955)
820,4,320,4.265783508261163,Paradise Lost: The Child Murders at Robin Hood Hills (1996)
820,5,178,4.230638777929777,12 Angry Men (1957)
820,6,64,4.207805920898364,"Shawshank Redemption, The (1994)"
820,7,318,4.206722370425188,Schindler's List (1993)
820,8,603,4.167724874826145,Rear Window (1954)
820,9,357,4.153878782011288,One Flew Over the Cuckoo's Nest (1975)
820,10,1064,4.116721943715473,Crossfire (1947)
863,1,1449,4.602426928088401,Pather Panchali (1955)
863,2,320,4.402764250254962,Paradise Lost: The Child Murders at Robin Hood Hills (1996)
863,3,119,4.382451209580382,Maya Lin: A Strong Clear Vision (1994)
863,4,1599,4.364993733806259,Someone Else's America (1995)
863,5,169,4.341405607074574,"Wrong Trousers, The (1993)"
863,6,1512,4.338522415388148,"World of Apu, The (Apur Sansar) (1959)"
863,7,1554,4.308640359186558,Safe Passage (1994)
863,8,64,4.305219366008556,"Shawshank Redemption, The (1994)"
863,9,178,4.3017634107619145,12 Angry Men (1957)
863,10,357,4.268790939490691,One Flew Over the Cuckoo's Nest (1975)
860,1,1449,4.407563120765037,Pather Panchali (1955)
860,2,1512,4.322195772465367,"World of Apu, The (Apur Sansar) (1959)"
860,3,169,4.2209185002978895,"Wrong Trousers, The (1993)"
860,4,408,4.175712684374065,"Close Shave, A (1995)"
860,5,1467,4.1602304326466975,"Saint of Fort Washington, The (1993)"
860,6,318,4.158550788652225,Schindler's List (1993)
860,7,64,4.132076053965257,"Shawshank Redemption, The (1994)"
860,8,867,4.128526799463952,"Whole Wide World, The (1996)"
860,9,114,4.125932839294706,Wallace & Gromit: The Best of Aardman Animation (1996)
860,10,119,4.0871809427876595,Maya Lin: A Strong Clear Vision (1994)
856,1,1449,4.567887027041469,Pather Panchali (1955)
856,2,1512,4.4266049528514895,"World of Apu, The (Apur Sansar) (1959)"
856,3,1467,4.3621277180235465,"Saint of Fort Washington, The (1993)"
856,4,64,4.3350362061311625,"Shawshank Redemption, The (1994)"
856,5,318,4.3181296191764815,Schindler's List (1993)
856,6,169,4.306744053721278,"Wrong Trousers, The (1993)"
856,7,12,4.28241410317778,"Usual Suspects, The (1995)"
856,8,408,4.278732288004213,"Close Shave, A (1995)"
856,9,1398,4.250967785525598,Anna (1996)
856,10,603,4.243921500277615,Rear Window (1954)
857,1,1449,4.609602214171906,Pather Panchali (1955)
857,2,1512,4.509821200297412,"World of Apu, The (Apur Sansar) (1959)"
857,3,1450,4.422645282859485,Golden Earrings (1947)
857,4,408,4.404636253073773,"Close Shave, A (1995)"
857,5,318,4.383958276008963,Schindler's List (1993)
857,6,114,4.348363740522522,Wallace & Gromit: The Best of Aardman Animation (1996)
857,7,718,4.338151452142271,In the Bleak Midwinter (1995)
857,8,64,4.299301806608114,"Shawshank Redemption, The (1994)"
857,9,483,4.298267074768441,Casablanca (1942)
857,10,169,4.288773113978312,"Wrong Trousers, The (1993)"
864,1,1449,4.888013943671746,Pather Panchali (1955)
864,2,1512,4.761101208999276,"World of Apu, The (Apur Sansar) (1959)"
864,3,1467,4.745327477547462,"Saint of Fort Washington, The (1993)"
864,4,1189,4.631215886833761,Prefontaine (1997)
864,5,867,4.609161993416276,"Whole Wide World, The (1996)"
864,6,1599,4.5954299602097555,Someone Else's America (1995)
864,7,1064,4.577167440978718,Crossfire (1947)
864,8,1554,4.546719538359254,Safe Passage (1994)
864,9,1368,4.536253153970648,Mina Tannenbaum (1994)
864,10,119,4.517236488950488,Maya Lin: A Strong Clear Vision (1994)
865,1,1449,4.084418551541653,Pather Panchali (1955)
865,2,1512,4.013209615864514,"World of Apu, The (Apur Sansar) (1959)"
865,3,60,3.8892700725882294,Three Colors: Blue (1993)
865,4,512,3.8863527273382523,Wings of Desire (1987)
865,5,851,3.859923588963799,Two or Three Things I Know About Her (1966)
865,6,137,3.8511158464849746,Big Night (1996)
865,7,114,3.8390148551204226,Wallace & Gromit: The Best of Aardman Animation (1996)
865,8,652,3.8173721178667153,Rosencrantz and Guildenstern Are Dead (1990)
865,9,1158,3.787577708672838,"Fille seule, La (A Single Girl) (1995)"
865,10,1005,3.781002146551071,"Double vie de Véronique, La (Double Life of Veronique, The) (1991)"
862,1,408,5.0,"Close Shave, A (1995)"
862,2,1449,5.0,Pather Panchali (1955)
862,3,169,5.0,"Wrong Trousers, The (1993)"
862,4,867,5.0,"Whole Wide World, The (1996)"
862,5,318,5.0,Schindler's List (1993)
862,6,1467,5.0,"Saint of Fort Washington, The (1993)"
862,7,1064,5.0,Crossfire (1947)
862,8,1512,5.0,"World of Apu, The (Apur Sansar) (1959)"
862,9,1189,4.969872278494087,Prefontaine (1997)
862,10,1642,4.969352044212688,Some Mother's Son (1996)
867,1,1449,5.0,Pather Panchali (1955)
867,2,1512,4.987063897580801,"World of Apu, The (Apur Sansar) (1959)"
867,3,408,4.943884301292574,"Close Shave, A (1995)"
867,4,169,4.9424781008591365,"Wrong Trousers, The (1993)"
867,5,114,4.855488330907067,Wallace & Gromit: The Best of Aardman Animation (1996)
867,6,1467,4.82797743066044,"Saint of Fort Washington, The (1993)"
867,7,1599,4.820531946903914,Someone Else's America (1995)
867,8,867,4.815065776915084,"Whole Wide World, The (1996)"
867,9,119,4.809066516831623,Maya Lin: A Strong Clear Vision (1994)
867,10,603,4.787200333538942,Rear Window (1954)
861,1,1449,4.944296586591234,Pather Panchali (1955)
861,2,1467,4.870032600712964,"Saint of Fort Washington, The (1993)"
861,3,1064,4.852783696684653,Crossfire (1947)
861,4,318,4.849499069555054,Schindler's List (1993)
861,5,1639,4.778741659889787,Bitter Sugar (Azucar Amargo) (1996)
861,6,64,4.705666329138965,"Shawshank Redemption, The (1994)"
861,7,483,4.704466417630747,Casablanca (1942)
861,8,1368,4.702726277658907,Mina Tannenbaum (1994)
861,9,169,4.700134820266557,"Wrong Trousers, The (1993)"
861,10,1512,4.681681362719225,"World of Apu, The (Apur Sansar) (1959)"
868,1,1449,4.263606191101748,Pather Panchali (1955)
868,2,1512,4.252578330449073,"World of Apu, The (Apur Sansar) (1959)"
868,3,1599,4.119540358267582,Someone Else's America (1995)
868,4,119,4.082251214922538,Maya Lin: A Strong Clear Vision (1994)
868,5,1467,4.041616535183802,"Saint of Fort Washington, The (1993)"
868,6,134,4.012403981352651,Citizen Kane (1941)
868,7,867,3.996856777154775,"Whole Wide World, The (1996)"
868,8,641,3.9861796484736454,Paths of Glory (1957)
868,9,603,3.97669115136933,Rear Window (1954)
868,10,654,3.9620049530843473,Chinatown (1974)
870,1,1449,4.413111249390397,Pather Panchali (1955)
870,2,1512,4.341525381181694,"World of Apu, The (Apur Sansar) (1959)"
870,3,1467,4.264306111242436,"Saint of Fort Washington, The (1993)"
870,4,408,4.211258423012612,"Close Shave, A (1995)"
870,5,114,4.176465828549796,Wallace & Gromit: The Best of Aardman Animation (1996)
870,6,867,4.174209227316629,"Whole Wide World, The (1996)"
870,7,1642,4.162882435355385,Some Mother's Son (1996)
870,8,1398,4.122437519369119,Anna (1996)
870,9,1599,4.118731956680014,Someone Else's America (1995)
870,10,119,4.116668499616186,Maya Lin: A Strong Clear Vision (1994)
875,1,1449,5.0,Pather Panchali (1955)
875,2,1512,4.991296193069595,"World of Apu, The (Apur Sansar) (1959)"
875,3,408,4.792215906903622,"Close Shave, A (1995)"
875,4,119,4.762011314408372,Maya Lin: A Strong Clear Vision (1994)
875,5,1467,4.750737924634302,"Saint of Fort Washington, The (1993)"
875,6,127,4.731570185849262,"Godfather, The (1972)"
875,7,603,4.705208780049692,Rear Window (1954)
875,8,1599,4.703160200187084,Someone Else's America (1995)
875,9,1398,4.701739788489822,Anna (1996)
875,10,178,4.700416118502552,12 Angry Men (1957)
876,1,1449,5.0,Pather Panchali (1955)
876,2,1512,4.836786233563264,"World of Apu, The (Apur Sansar) (1959)"
876,3,408,4.799220998996029,"Close Shave, A (1995)"
876,4,169,4.776546914023241,"Wrong Trousers, The (1993)"
876,5,318,4.757091617535232,Schindler's List (1993)
876,6,867,4.754398177350918,"Whole Wide World, The (1996)"
876,7,1467,4.718790841280322,"Saint of Fort Washington, The (1993)"
876,8,114,4.711773890415978,Wallace & Gromit: The Best of Aardman Animation (1996)
876,9,64,4.6997843259828045,"Shawshank Redemption, The (1994)"
876,10,1599,4.693286703606821,Someone Else's America (1995)
872,1,1467,4.4537148577755055,"Saint of Fort Washington, The (1993)"
872,2,1189,4.403092486581472,Prefontaine (1997)
872,3,1449,4.385736612380173,Pather Panchali (1955)
872,4,318,4.331398901216177,Schindler's List (1993)
872,5,867,4.327452602872955,"Whole Wide World, The (1996)"
872,6,174,4.325229607489898,Raiders of the Lost Ark (1981)
872,7,64,4.30177243793372,"Shawshank Redemption, The (1994)"
872,8,1500,4.288086914062715,Santa with Muscles (1996)
872,9,1064,4.250564255608801,Crossfire (1947)
872,10,966,4.211409033650752,"Affair to Remember, An (1957)"
866,1,1449,3.795257056183205,Pather Panchali (1955)
866,2,851,3.756190982651843,Two or Three Things I Know About Her (1966)
866,3,1642,3.702591572623089,Some Mother's Son (1996)
866,4,1512,3.628902950778779,"World of Apu, The (Apur Sansar) (1959)"
866,5,483,3.5783283145302613,Casablanca (1942)
866,6,1368,3.5774604907408336,Mina Tannenbaum (1994)
866,7,1064,3.5683392473085185,Crossfire (1947)
866,8,923,3.563450393475976,Raise the Red Lantern (1991)
866,9,1467,3.561696188319671,"Saint of Fort Washington, The (1993)"
866,10,647,3.5510155331466526,Ran (1985)
877,1,1449,4.93747434940469,Pather Panchali (1955)
877,2,1512,4.756266693305781,"World of Apu, The (Apur Sansar) (1959)"
877,3,1467,4.688955674685535,"Saint of Fort Washington, The (1993)"
877,4,318,4.660823836505494,Schindler's List (1993)
877,5,867,4.654029225873337,"Whole Wide World, The (1996)"
877,6,169,4.6460551597473545,"Wrong Trousers, The (1993)"
877,7,64,4.637485018428834,"Shawshank Redemption, The (1994)"
877,8,1450,4.633440827638728,Golden Earrings (1947)
877,9,408,4.616417377698406,"Close Shave, A (1995)"
877,10,1189,4.61262057488456,Prefontaine (1997)
880,1,1449,4.7947080715969035,Pather Panchali (1955)
880,2,1512,4.752012053614467,"World of Apu, The (Apur Sansar) (1959)"
880,3,1467,4.655421704037243,"Saint of Fort Washington, The (1993)"
880,4,169,4.545534786723593,"Wrong Trousers, The (1993)"
880,5,178,4.519168324089629,12 Angry Men (1957)
880,6,1599,4.51159324689648,Someone Else's America (1995)
880,7,408,4.5069102540586625,"Close Shave, A (1995)"
880,8,64,4.506483089281849,"Shawshank Redemption, The (1994)"
880,9,318,4.502458095895849,Schindler's List (1993)
880,10,119,4.499448156756782,Maya Lin: A Strong Clear Vision (1994)
878,1,1449,4.200991005110094,Pather Panchali (1955)
878,2,1467,4.13656397198406,"Saint of Fort Washington, The (1993)"
878,3,1512,4.04977820640374,"World of Apu, The (Apur Sansar) (1959)"
878,4,169,4.017904258346811,"Wrong Trousers, The (1993)"
878,5,1189,3.9773662456915857,Prefontaine (1997)
878,6,867,3.9765321080032177,"Whole Wide World, The (1996)"
878,7,1599,3.9561591340913833,Someone Else's America (1995)
878,8,178,3.938769764155161,12 Angry Men (1957)
878,9,1064,3.93372676780571,Crossfire (1947)
878,10,603,3.9296741328323357,Rear Window (1954)
869,1,1512,4.4881516737766995,"World of Apu, The (Apur Sansar) (1959)"
869,2,1449,4.379493025565641,Pather Panchali (1955)
869,3,119,4.350093550146791,Maya Lin: A Strong Clear Vision (1994)
869,4,169,4.3461650007418395,"Wrong Trousers, The (1993)"
869,5,474,4.297348637623055,Dr. Strangelove or: How I Learned to Stop Worrying and Love the Bomb (1963)
869,6,1599,4.29597417940324,Someone Else's America (1995)
869,7,408,4.283262731395421,"Close Shave, A (1995)"
869,8,1467,4.283001579711583,"Saint of Fort Washington, The (1993)"
869,9,1240,4.269020500995093,Ghost in the Shell (Kokaku kidotai) (1995)
869,10,134,4.260840291364589,Citizen Kane (1941)
871,1,1467,4.478450949476102,"Saint of Fort Washington, The (1993)"
871,2,1449,4.385420682663242,Pather Panchali (1955)
871,3,169,4.344057346593346,"Wrong Trousers, The (1993)"
871,4,1189,4.344056136659047,Prefontaine (1997)
871,5,1554,4.319024735660975,Safe Passage (1994)
871,6,867,4.2878503921466695,"Whole Wide World, The (1996)"
871,7,64,4.282389852997561,"Shawshank Redemption, The (1994)"
871,8,1064,4.258510816878508,Crossfire (1947)
871,9,318,4.245744338163001,Schindler's List (1993)
871,10,1512,4.231477129041109,"World of Apu, The (Apur Sansar) (1959)"
822,1,1449,4.267304316288485,Pather Panchali (1955)
822,2,1512,4.153607027090841,"World of Apu, The (Apur Sansar) (1959)"
822,3,114,4.114706948487612,Wallace & Gromit: The Best of Aardman Animation (1996)
822,4,318,4.0793662027879884,Schindler's List (1993)
822,5,867,4.055643288147755,"Whole Wide World, The (1996)"
822,6,1467,4.0414129855326655,"Saint of Fort Washington, The (1993)"
822,7,483,4.034759094417822,Casablanca (1942)
822,8,1368,4.017916476462274,Mina Tannenbaum (1994)
822,9,64,4.015356458160834,"Shawshank Redemption, The (1994)"
822,10,1639,4.003106152816786,Bitter Sugar (Azucar Amargo) (1996)
881,1,1449,4.401972015304329,Pather Panchali (1955)
881,2,1467,4.198484680944473,"Saint of Fort Washington, The (1993)"
881,3,1512,4.193729975619812,"World of Apu, The (Apur Sansar) (1959)"
881,4,1189,4.16493213637579,Prefontaine (1997)
881,5,64,4.158180320066751,"Shawshank Redemption, The (1994)"
881,6,867,4.135875740308476,"Whole Wide World, The (1996)"
881,7,318,4.130007496106105,Schindler's List (1993)
881,8,169,4.119502657292899,"Wrong Trousers, The (1993)"
881,9,50,4.101931307036344,Star Wars (1977)
881,10,12,4.072903255156256,"Usual Suspects, The (1995)"
879,1,1449,4.774351435977963,Pather Panchali (1955)
879,2,1467,4.721837629352943,"Saint of Fort Washington, The (1993)"
879,3,1512,4.703768079901303,"World of Apu, The (Apur Sansar) (1959)"
879,4,64,4.647099392208853,"Shawshank Redemption, The (1994)"
879,5,318,4.615774203977954,Schindler's List (1993)
879,6,178,4.549387646262114,12 Angry Men (1957)
879,7,1189,4.528410983709102,Prefontaine (1997)
879,8,272,4.516607108607595,Good Will Hunting (1997)
879,9,98,4.4876033279607945,"Silence of the Lambs, The (1991)"
879,10,603,4.486344791257271,Rear Window (1954)
883,1,1449,4.785376811868875,Pather Panchali (1955)
883,2,1512,4.690217075280174,"World of Apu, The (Apur Sansar) (1959)"
883,3,867,4.619714432394116,"Whole Wide World, The (1996)"
883,4,169,4.6170962009593985,"Wrong Trousers, The (1993)"
883,5,1599,4.585242184766327,Someone Else's America (1995)
883,6,1467,4.58031641796981,"Saint of Fort Washington, The (1993)"
883,7,119,4.546149989610533,Maya Lin: A Strong Clear Vision (1994)
883,8,1398,4.522115307432807,Anna (1996)
883,9,851,4.515864340029049,Two or Three Things I Know About Her (1966)
883,10,114,4.510171639550748,Wallace & Gromit: The Best of Aardman Animation (1996)
873,1,1467,3.9955400405083594,"Saint of Fort Washington, The (1993)"
873,2,1449,3.9539723475451725,Pather Panchali (1955)
873,3,1189,3.924729884693643,Prefontaine (1997)
873,4,174,3.9192572191579065,Raiders of the Lost Ark (1981)
873,5,1554,3.8606630634632815,Safe Passage (1994)
873,6,64,3.849709815731817,"Shawshank Redemption, The (1994)"
873,7,1064,3.8361461420395493,Crossfire (1947)
873,8,318,3.831466307148395,Schindler's List (1993)
873,9,169,3.8056659866324236,"Wrong Trousers, The (1993)"
873,10,50,3.781130765332784,Star Wars (1977)
884,1,1449,4.670067075361641,Pather Panchali (1955)
884,2,718,4.5158663299392545,In the Bleak Midwinter (1995)
884,3,1512,4.508101745328658,"World of Apu, The (Apur Sansar) (1959)"
884,4,408,4.43119392794283,"Close Shave, A (1995)"
884,5,483,4.4055760155447095,Casablanca (1942)
884,6,657,4.35377522556106,"Manchurian Candidate, The (1962)"
884,7,512,4.3518148077821115,Wings of Desire (1987)
884,8,119,4.342331988313057,Maya Lin: A Strong Clear Vision (1994)
884,9,1642,4.3320127019202515,Some Mother's Son (1996)
884,10,114,4.325406844501579,Wallace & Gromit: The Best of Aardman Animation (1996)
886,1,1449,4.398062591174441,Pather Panchali (1955)
886,2,169,4.390079739444271,"Wrong Trousers, The (1993)"
886,3,1512,4.382211679092776,"World of Apu, The (Apur Sansar) (1959)"
886,4,641,4.3641834357080445,Paths of Glory (1957)
886,5,1189,4.255412455634582,Prefontaine (1997)
886,6,114,4.237929232978957,Wallace & Gromit: The Best of Aardman Animation (1996)
886,7,1554,4.235935124143719,Safe Passage (1994)
886,8,408,4.230866925549993,"Close Shave, A (1995)"
886,9,313,4.2238453619112475,Titanic (1997)
886,10,1599,4.220478534425661,Someone Else's America (1995)
882,1,1449,4.964503082483559,Pather Panchali (1955)
882,2,1512,4.826209921438119,"World of Apu, The (Apur Sansar) (1959)"
882,3,1467,4.822759570804897,"Saint of Fort Washington, The (1993)"
882,4,318,4.795746865925733,Schindler's List (1993)
882,5,867,4.789114108567884,"Whole Wide World, The (1996)"
882,6,1189,4.766150920151863,Prefontaine (1997)
882,7,64,4.754742428839616,"Shawshank Redemption, The (1994)"
882,8,50,4.737691931103163,Star Wars (1977)
882,9,483,4.727065834515922,Casablanca (1942)
882,10,169,4.704672517703773,"Wrong Trousers, The (1993)"
885,1,1467,4.208146532801414,"Saint of Fort Washington, The (1993)"
885,2,1449,4.166196609722377,Pather Panchali (1955)
885,3,64,4.0839727905725,"Shawshank Redemption, The (1994)"
885,4,313,4.077436872022608,Titanic (1997)
885,5,1189,4.023732353084552,Prefontaine (1997)
885,6,1064,4.004723279933955,Crossfire (1947)
885,7,1554,3.9725290980713006,Safe Passage (1994)
885,8,1450,3.9723939855428694,Golden Earrings (1947)
885,9,50,3.9447492761334844,Star Wars (1977)
885,10,22,3.9355912597426106,Braveheart (1995)
889,1,1449,4.350920930807748,Pather Panchali (1955)
889,2,1467,4.284661444400695,"Saint of Fort Washington, The (1993)"
889,3,1512,4.2533954220572205,"World of Apu, The (Apur Sansar) (1959)"
889,4,64,4.182901506242541,"Shawshank Redemption, The (1994)"
889,5,867,4.114241898088225,"Whole Wide World, The (1996)"
889,6,1189,4.094935413451856,Prefontaine (1997)
889,7,114,4.089422325486454,Wallace & Gromit: The Best of Aardman Animation (1996)
889,8,1064,4.078402332767273,Crossfire (1947)
889,9,1450,4.067464820364863,Golden Earrings (1947)
889,10,1554,4.066547770255623,Safe Passage (1994)
874,1,1449,4.629662432764739,Pather Panchali (1955)
874,2,1512,4.595308419382403,"World of Apu, The (Apur Sansar) (1959)"
874,3,408,4.455407625120766,"Close Shave, A (1995)"
874,4,1467,4.445205090681234,"Saint of Fort Washington, The (1993)"
874,5,1599,4.427042922637066,Someone Else's America (1995)
874,6,169,4.416535668718759,"Wrong Trousers, The (1993)"
874,7,318,4.405798511038248,Schindler's List (1993)
874,8,867,4.392276334170484,"Whole Wide World, The (1996)"
874,9,114,4.389388514678296,Wallace & Gromit: The Best of Aardman Animation (1996)
874,10,178,4.378145004430784,12 Angry Men (1957)
892,1,1449,4.9441911745589255,Pather Panchali (1955)
892,2,1512,4.850911694905619,"World of Apu, The (Apur Sansar) (1959)"
892,3,1467,4.748228760904568,"Saint of Fort Washington, The (1993)"
892,4,169,4.731432017670371,"Wrong Trousers, The (1993)"
892,5,408,4.687876044525508,"Close Shave, A (1995)"
892,6,867,4.659049854710758,"Whole Wide World, The (1996)"
892,7,12,4.651982350264663,"Usual Suspects, The (1995)"
892,8,1599,4.628306945843032,Someone Else's America (1995)
892,9,114,4.627045435951399,Wallace & Gromit: The Best of Aardman Animation (1996)
892,10,603,4.60717783436952,Rear Window (1954)
890,1,1512,4.883536308730697,"World of Apu, The (Apur Sansar) (1959)"
890,2,1449,4.847466713091124,Pather Panchali (1955)
890,3,408,4.642560355930233,"Close Shave, A (1995)"
890,4,1599,4.628156739149676,Someone Else's America (1995)
890,5,119,4.612778933008758,Maya Lin: A Strong Clear Vision (1994)
890,6,178,4.612593745231637,12 Angry Men (1957)
890,7,169,4.580637037960776,"Wrong Trousers, The (1993)"
890,8,1467,4.564217886936049,"Saint of Fort Washington, The (1993)"
890,9,318,4.550419637122206,Schindler's List (1993)
890,10,114,4.540974151029724,Wallace & Gromit: The Best of Aardman Animation (1996)
893,1,1449,4.6859446793809365,Pather Panchali (1955)
893,2,1467,4.60642938578529,"Saint of Fort Washington, The (1993)"
893,3,1512,4.562798899482377,"World of Apu, The (Apur Sansar) (1959)"
893,4,169,4.54854357504758,"Wrong Trousers, The (1993)"
893,5,318,4.509234484222082,Schindler's List (1993)
893,6,174,4.4630451455094535,Raiders of the Lost Ark (1981)
893,7,64,4.462077385597593,"Shawshank Redemption, The (1994)"
893,8,867,4.415374865535876,"Whole Wide World, The (1996)"
893,9,1064,4.4059085147822135,Crossfire (1947)
893,10,483,4.400978074522805,Casablanca (1942)
887,1,1467,5.0,"Saint of Fort Washington, The (1993)"
887,2,169,4.907474504541778,"Wrong Trousers, The (1993)"
887,3,1064,4.8696623417782305,Crossfire (1947)
887,4,1449,4.79964812385185,Pather Panchali (1955)
887,5,867,4.756368109411501,"Whole Wide World, The (1996)"
887,6,1639,4.744266881662824,Bitter Sugar (Azucar Amargo) (1996)
887,7,320,4.7403857619289544,Paradise Lost: The Child Murders at Robin Hood Hills (1996)
887,8,1368,4.72049704309156,Mina Tannenbaum (1994)
887,9,1450,4.716928759919682,Golden Earrings (1947)
887,10,174,4.699198639518781,Raiders of the Lost Ark (1981)
894,1,1449,4.750160455475468,Pather Panchali (1955)
894,2,1512,4.661018964183259,"World of Apu, The (Apur Sansar) (1959)"
894,3,1467,4.468695761977571,"Saint of Fort Washington, The (1993)"
894,4,408,4.454754831982732,"Close Shave, A (1995)"
894,5,169,4.430371656401259,"Wrong Trousers, The (1993)"
894,6,867,4.422357998354539,"Whole Wide World, The (1996)"
894,7,1599,4.418175059693073,Someone Else's America (1995)
894,8,603,4.3979119914250555,Rear Window (1954)
894,9,483,4.388624424149224,Casablanca (1942)
894,10,1398,4.374556917691644,Anna (1996)
891,1,318,5.0,Schindler's List (1993)
891,2,1449,5.0,Pather Panchali (1955)
891,3,1467,4.9928646623438775,"Saint of Fort Washington, The (1993)"
891,4,64,4.958950603259601,"Shawshank Redemption, The (1994)"
891,5,1512,4.9448113475168185,"World of Apu, The (Apur Sansar) (1959)"
891,6,178,4.884645050000946,12 Angry Men (1957)
891,7,169,4.86744367676773,"Wrong Trousers, The (1993)"
891,8,1554,4.855292335303562,Safe Passage (1994)
891,9,272,4.853668028148675,Good Will Hunting (1997)
891,10,483,4.836650477595176,Casablanca (1942)
896,1,1449,4.2971851192558255,Pather Panchali (1955)
896,2,1512,4.217711365145506,"World of Apu, The (Apur Sansar) (1959)"
896,3,1467,4.179259383638722,"Saint of Fort Washington, The (1993)"
896,4,169,4.157275590975142,"Wrong Trousers, The (1993)"
896,5,408,4.094781333128889,"Close Shave, A (1995)"
896,6,1189,4.074517379585571,Prefontaine (1997)
896,7,1554,4.04273577907557,Safe Passage (1994)
896,8,114,4.039019777510099,Wallace & Gromit: The Best of Aardman Animation (1996)
896,9,357,4.03531568003821,One Flew Over the Cuckoo's Nest (1975)
896,10,178,4.0297769156255665,12 Angry Men (1957)
842,1,867,4.867925769978025,"Whole Wide World, The (1996)"
842,2,1467,4.839784056392016,"Saint of Fort Washington, The (1993)"
842,3,1449,4.836759883551196,Pather Panchali (1955)
842,4,1599,4.832326427725854,Someone Else's America (1995)
842,5,169,4.825027041446673,"Wrong Trousers, The (1993)"
842,6,408,4.776595196769708,"Close Shave, A (1995)"
842,7,127,4.7459939998398415,"Godfather, The (1972)"
842,8,1512,4.724150037427186,"World of Apu, The (Apur Sansar) (1959)"
842,9,114,4.718826548531634,Wallace & Gromit: The Best of Aardman Animation (1996)
842,10,119,4.692087685457774,Maya Lin: A Strong Clear Vision (1994)
897,1,1449,4.864722431947079,Pather Panchali (1955)
897,2,1467,4.827829987241108,"Saint of Fort Washington, The (1993)"
897,3,1064,4.781518693442341,Crossfire (1947)
897,4,318,4.754500883537343,Schindler's List (1993)
897,5,64,4.688484585256221,"Shawshank Redemption, The (1994)"
897,6,867,4.659214350763322,"Whole Wide World, The (1996)"
897,7,1512,4.647078846639115,"World of Apu, The (Apur Sansar) (1959)"
897,8,169,4.63075678382045,"Wrong Trousers, The (1993)"
897,9,1398,4.629487284796784,Anna (1996)
897,10,313,4.616597021039098,Titanic (1997)
901,1,313,4.716293074889247,Titanic (1997)
901,2,1189,4.68883249127725,Prefontaine (1997)
901,3,318,4.670300138496353,Schindler's List (1993)
901,4,1449,4.669714963403982,Pather Panchali (1955)
901,5,64,4.624556310006601,"Shawshank Redemption, The (1994)"
901,6,966,4.618515584187752,"Affair to Remember, An (1957)"
901,7,1467,4.585489719796492,"Saint of Fort Washington, The (1993)"
901,8,1554,4.571753087688541,Safe Passage (1994)
901,9,1064,4.562906136451546,Crossfire (1947)
901,10,496,4.540464708427248,It's a Wonderful Life (1946)
899,1,1449,4.4521682443977575,Pather Panchali (1955)
899,2,1512,4.278374594082876,"World of Apu, The (Apur Sansar) (1959)"
899,3,1467,4.227316885084992,"Saint of Fort Washington, The (1993)"
899,4,169,4.209500757979707,"Wrong Trousers, The (1993)"
899,5,408,4.1985943493793645,"Close Shave, A (1995)"
899,6,1064,4.1757233299061625,Crossfire (1947)
899,7,178,4.149922697225999,12 Angry Men (1957)
899,8,1554,4.135995237417,Safe Passage (1994)
899,9,1398,4.115831273576009,Anna (1996)
899,10,1639,4.105616214438227,Bitter Sugar (Azucar Amargo) (1996)
904,1,1467,4.636871789575531,"Saint of Fort Washington, The (1993)"
904,2,318,4.593107295865579,Schindler's List (1993)
904,3,1449,4.573663092246687,Pather Panchali (1955)
904,4,1064,4.510716451313434,Crossfire (1947)
904,5,64,4.469100214626425,"Shawshank Redemption, The (1994)"
904,6,1189,4.442532478309409,Prefontaine (1997)
904,7,1599,4.43273077128574,Someone Else's America (1995)
904,8,1450,4.429147118747591,Golden Earrings (1947)
904,9,1398,4.418175472490085,Anna (1996)
904,10,178,4.417651602615968,12 Angry Men (1957)
907,1,1418,5.0,"Joy Luck Club, The (1993)"
907,2,1450,5.0,Golden Earrings (1947)
907,3,1368,5.0,Mina Tannenbaum (1994)
907,4,1131,5.0,Safe (1995)
907,5,1396,5.0,Stonewall (1995)
907,6,1398,5.0,Anna (1996)
907,7,1554,5.0,Safe Passage (1994)
907,8,1189,5.0,Prefontaine (1997)
907,9,174,5.0,Raiders of the Lost Ark (1981)
907,10,1512,5.0,"World of Apu, The (Apur Sansar) (1959)"
905,1,1449,4.466288354471353,Pather Panchali (1955)
905,2,1512,4.410349676345952,"World of Apu, The (Apur Sansar) (1959)"
905,3,1467,4.274808682557749,"Saint of Fort Washington, The (1993)"
905,4,169,4.260558371412418,"Wrong Trousers, The (1993)"
905,5,1599,4.251947117079158,Someone Else's America (1995)
905,6,318,4.2043665310810034,Schindler's List (1993)
905,7,1398,4.196774553816251,Anna (1996)
905,8,64,4.189811052460845,"Shawshank Redemption, The (1994)"
905,9,408,4.183567793470144,"Close Shave, A (1995)"
905,10,178,4.170879615306587,12 Angry Men (1957)
898,1,1467,4.5176657217542875,"Saint of Fort Washington, The (1993)"
898,2,1449,4.516402914346887,Pather Panchali (1955)
898,3,1398,4.4861411394334985,Anna (1996)
898,4,1642,4.4497699676209015,Some Mother's Son (1996)
898,5,169,4.410698675545423,"Wrong Trousers, The (1993)"
898,6,867,4.40780884319905,"Whole Wide World, The (1996)"
898,7,603,4.393074666012362,Rear Window (1954)
898,8,50,4.382028884520637,Star Wars (1977)
898,9,178,4.378920219551573,12 Angry Men (1957)
898,10,483,4.367152296991852,Casablanca (1942)
903,1,1512,4.84383665294888,"World of Apu, The (Apur Sansar) (1959)"
903,2,1449,4.798621488286932,Pather Panchali (1955)
903,3,1467,4.625899759606891,"Saint of Fort Washington, The (1993)"
903,4,1599,4.599363594770539,Someone Else's America (1995)
903,5,178,4.5673981988072505,12 Angry Men (1957)
903,6,169,4.561932871447151,"Wrong Trousers, The (1993)"
903,7,408,4.556680743191174,"Close Shave, A (1995)"
903,8,119,4.554681045756817,Maya Lin: A Strong Clear Vision (1994)
903,9,603,4.540145832037754,Rear Window (1954)
903,10,867,4.5335288049299045,"Whole Wide World, The (1996)"
895,1,1449,4.945450082637352,Pather Panchali (1955)
895,2,1512,4.861924289969095,"World of Apu, The (Apur Sansar) (1959)"
895,3,169,4.742529797273241,"Wrong Trousers, The (1993)"
895,4,408,4.711923923142886,"Close Shave, A (1995)"
895,5,1467,4.7018071026146,"Saint of Fort Washington, The (1993)"
895,6,867,4.695020321133368,"Whole Wide World, The (1996)"
895,7,1599,4.665530357056407,Someone Else's America (1995)
895,8,119,4.652103145541287,Maya Lin: A Strong Clear Vision (1994)
895,9,483,4.650632339692974,Casablanca (1942)
895,10,178,4.635347096520927,12 Angry Men (1957)
906,1,1449,4.817618599787465,Pather Panchali (1955)
906,2,1512,4.708566066328663,"World of Apu, The (Apur Sansar) (1959)"
906,3,1467,4.657887567445803,"Saint of Fort Washington, The (1993)"
906,4,318,4.638952672632647,Schindler's List (1993)
906,5,64,4.59173581697812,"Shawshank Redemption, The (1994)"
906,6,867,4.584146288741223,"Whole Wide World, The (1996)"
906,7,178,4.569923318672093,12 Angry Men (1957)
906,8,483,4.568300300195854,Casablanca (1942)
906,9,1398,4.562164478171612,Anna (1996)
906,10,169,4.555393429638645,"Wrong Trousers, The (1993)"
900,1,1449,3.733161787275178,Pather Panchali (1955)
900,2,169,3.6034063251709942,"Wrong Trousers, The (1993)"
900,3,1512,3.5844661782638263,"World of Apu, The (Apur Sansar) (1959)"
900,4,867,3.5840049592949357,"Whole Wide World, The (1996)"
900,5,408,3.566400776828982,"Close Shave, A (1995)"
900,6,1467,3.5620605103178375,"Saint of Fort Washington, The (1993)"
900,7,114,3.5116779781019294,Wallace & Gromit: The Best of Aardman Animation (1996)
900,8,64,3.482134109415133,"Shawshank Redemption, The (1994)"
900,9,12,3.462695239858616,"Usual Suspects, The (1995)"
900,10,1064,3.4028655143775177,Crossfire (1947)
908,1,1449,4.317545626561635,Pather Panchali (1955)
908,2,1467,4.171131525390292,"Saint of Fort Washington, The (1993)"
908,3,1512,4.13089205549781,"World of Apu, The (Apur Sansar) (1959)"
908,4,1064,4.095754293832483,Crossfire (1947)
908,5,64,4.072251101983628,"Shawshank Redemption, The (1994)"
908,6,1189,4.038169946971246,Prefontaine (1997)
908,7,178,4.022189396269099,12 Angry Men (1957)
908,8,169,4.020178453064943,"Wrong Trousers, The (1993)"
908,9,483,4.0192168513280455,Casablanca (1942)
908,10,867,3.9969163468910347,"Whole Wide World, The (1996)"
916,1,1449,4.583106377332309,Pather Panchali (1955)
916,2,1512,4.574763680306965,"World of Apu, The (Apur Sansar) (1959)"
916,3,169,4.380407926791693,"Wrong Trousers, The (1993)"
916,4,408,4.380184490830153,"Close Shave, A (1995)"
916,5,1467,4.374365994143542,"Saint of Fort Washington, The (1993)"
916,6,119,4.302715115092226,Maya Lin: A Strong Clear Vision (1994)
916,7,178,4.302068754649447,12 Angry Men (1957)
916,8,114,4.2973173385301555,Wallace & Gromit: The Best of Aardman Animation (1996)
916,9,127,4.291711468495296,"Godfather, The (1972)"
916,10,603,4.285940550033466,Rear Window (1954)
911,1,1449,4.70098942609076,Pather Panchali (1955)
911,2,408,4.516387133134962,"Close Shave, A (1995)"
911,3,1512,4.51289153646479,"World of Apu, The (Apur Sansar) (1959)"
911,4,1467,4.497748116401326,"Saint of Fort Washington, The (1993)"
911,5,867,4.474540196722371,"Whole Wide World, The (1996)"
911,6,169,4.448220414006686,"Wrong Trousers, The (1993)"
911,7,114,4.436553584007011,Wallace & Gromit: The Best of Aardman Animation (1996)
911,8,1642,4.425957187254671,Some Mother's Son (1996)
911,9,318,4.406596163285488,Schindler's List (1993)
911,10,851,4.369529641959696,Two or Three Things I Know About Her (1966)
912,1,1449,4.435958144380251,Pather Panchali (1955)
912,2,1554,4.402711655111231,Safe Passage (1994)
912,3,1467,4.316546062318385,"Saint of Fort Washington, The (1993)"
912,4,1064,4.30181507539127,Crossfire (1947)
912,5,1189,4.281264021279288,Prefontaine (1997)
912,6,50,4.268538002046778,Star Wars (1977)
912,7,867,4.262058229064191,"Whole Wide World, The (1996)"
912,8,1398,4.258542931517883,Anna (1996)
912,9,174,4.23901022322038,Raiders of the Lost Ark (1981)
912,10,1512,4.230415795823349,"World of Apu, The (Apur Sansar) (1959)"
914,1,1467,4.5198023156343,"Saint of Fort Washington, The (1993)"
914,2,1449,4.329856573113472,Pather Panchali (1955)
914,3,1064,4.2146938430003615,Crossfire (1947)
914,4,318,4.166762223561056,Schindler's List (1993)
914,5,1642,4.161843096657392,Some Mother's Son (1996)
914,6,867,4.153828661203605,"Whole Wide World, The (1996)"
914,7,1122,4.143764857129261,They Made Me a Criminal (1939)
914,8,64,4.1433831797284,"Shawshank Redemption, The (1994)"
914,9,169,4.101186115704708,"Wrong Trousers, The (1993)"
914,10,1189,4.100549613807445,Prefontaine (1997)
918,1,1449,4.30917471894573,Pather Panchali (1955)
918,2,1512,4.124107527991251,"World of Apu, The (Apur Sansar) (1959)"
918,3,1193,4.10444447867834,Before the Rain (Pred dozhdot) (1994)
918,4,408,4.1034013629489525,"Close Shave, A (1995)"
918,5,1064,4.101533088308507,Crossfire (1947)
918,6,923,4.090060164931694,Raise the Red Lantern (1991)
918,7,1467,4.079117851046795,"Saint of Fort Washington, The (1993)"
918,8,1368,4.075570393524975,Mina Tannenbaum (1994)
918,9,169,4.070126615049156,"Wrong Trousers, The (1993)"
918,10,318,4.018035586158575,Schindler's List (1993)
919,1,1467,4.518274321127921,"Saint of Fort Washington, The (1993)"
919,2,1449,4.5116912111734635,Pather Panchali (1955)
919,3,1512,4.3439748359067245,"World of Apu, The (Apur Sansar) (1959)"
919,4,1064,4.324034564301757,Crossfire (1947)
919,5,169,4.296192150938889,"Wrong Trousers, The (1993)"
919,6,1189,4.28898084474042,Prefontaine (1997)
919,7,1131,4.287315843221199,Safe (1995)
919,8,178,4.276296976944601,12 Angry Men (1957)
919,9,603,4.274276762580629,Rear Window (1954)
919,10,1398,4.25802002019602,Anna (1996)
921,1,1449,4.2633522299373015,Pather Panchali (1955)
921,2,1554,4.173543388262545,Safe Passage (1994)
921,3,1189,4.14563563853357,Prefontaine (1997)
921,4,1467,4.1450931266879625,"Saint of Fort Washington, The (1993)"
921,5,318,4.137294653908318,Schindler's List (1993)
921,6,867,4.098419547283777,"Whole Wide World, The (1996)"
921,7,64,4.061755848374429,"Shawshank Redemption, The (1994)"
921,8,966,4.013837145545938,"Affair to Remember, An (1957)"
921,9,1131,3.987128749144553,Safe (1995)
921,10,169,3.985868415339131,"Wrong Trousers, The (1993)"
913,1,1449,4.312798442467827,Pather Panchali (1955)
913,2,1512,4.286214159895335,"World of Apu, The (Apur Sansar) (1959)"
913,3,1467,4.220270976529233,"Saint of Fort Washington, The (1993)"
913,4,114,4.18937243299427,Wallace & Gromit: The Best of Aardman Animation (1996)
913,5,1599,4.133501447085834,Someone Else's America (1995)
913,6,483,4.111494836014579,Casablanca (1942)
913,7,178,4.10208829088767,12 Angry Men (1957)
913,8,1554,4.093757329561398,Safe Passage (1994)
913,9,1189,4.092844379117972,Prefontaine (1997)
913,10,119,4.067970660812263,Maya Lin: A Strong Clear Vision (1994)
910,1,1449,4.281978510655732,Pather Panchali (1955)
910,2,1512,4.216562457271715,"World of Apu, The (Apur Sansar) (1959)"
910,3,1467,4.092572382791936,"Saint of Fort Washington, The (1993)"
910,4,318,4.066305529370825,Schindler's List (1993)
910,5,178,4.046645264413509,12 Angry Men (1957)
910,6,64,4.042610935474668,"Shawshank Redemption, The (1994)"
910,7,1599,4.034945711134012,Someone Else's America (1995)
910,8,1064,4.032165318150501,Crossfire (1947)
910,9,483,4.019567775809529,Casablanca (1942)
910,10,603,4.009814793000734,Rear Window (1954)
922,1,1449,4.4515184317782115,Pather Panchali (1955)
922,2,169,4.359340753703791,"Wrong Trousers, The (1993)"
922,3,408,4.3466589423066635,"Close Shave, A (1995)"
922,4,867,4.341879206584026,"Whole Wide World, The (1996)"
922,5,1467,4.267196923556159,"Saint of Fort Washington, The (1993)"
922,6,318,4.2128300185466445,Schindler's List (1993)
922,7,483,4.205259831024233,Casablanca (1942)
922,8,114,4.2005847448363784,Wallace & Gromit: The Best of Aardman Animation (1996)
922,9,1512,4.165944522497889,"World of Apu, The (Apur Sansar) (1959)"
922,10,1064,4.164604621247197,Crossfire (1947)
928,1,657,5.0,"Manchurian Candidate, The (1962)"
928,2,119,5.0,Maya Lin: A Strong Clear Vision (1994)
928,3,169,5.0,"Wrong Trousers, The (1993)"
928,4,1639,5.0,Bitter Sugar (Azucar Amargo) (1996)
928,5,1467,5.0,"Saint of Fort Washington, The (1993)"
928,6,480,5.0,North by Northwest (1959)
928,7,867,5.0,"Whole Wide World, The (1996)"
928,8,1064,5.0,Crossfire (1947)
928,9,318,5.0,Schindler's List (1993)
928,10,1499,5.0,Grosse Fatigue (1994)
902,1,1467,4.173424602631616,"Saint of Fort Washington, The (1993)"
902,2,318,4.1698385544487735,Schindler's List (1993)
902,3,1449,4.137392077260453,Pather Panchali (1955)
902,4,64,4.038981030340222,"Shawshank Redemption, The (1994)"
902,5,1189,3.9978229394514777,Prefontaine (1997)
902,6,1064,3.987068117469976,Crossfire (1947)
902,7,174,3.9801483389225734,Raiders of the Lost Ark (1981)
902,8,313,3.973391808746482,Titanic (1997)
902,9,169,3.9645822713991636,"Wrong Trousers, The (1993)"
902,10,867,3.961586473852129,"Whole Wide World, The (1996)"
927,1,1449,4.872529254954823,Pather Panchali (1955)
927,2,867,4.766137641048332,"Whole Wide World, The (1996)"
927,3,1467,4.727939225750131,"Saint of Fort Washington, The (1993)"
927,4,1064,4.665950764685956,Crossfire (1947)
927,5,1189,4.6164938501606345,Prefontaine (1997)
927,6,169,4.613660237518666,"Wrong Trousers, The (1993)"
927,7,1512,4.611971508302626,"World of Apu, The (Apur Sansar) (1959)"
927,8,1554,4.600957924458126,Safe Passage (1994)
927,9,318,4.588180755369972,Schindler's List (1993)
927,10,1169,4.559919302433997,Fresh (1994)
924,1,1449,4.5762664266136275,Pather Panchali (1955)
924,2,1467,4.467013481636301,"Saint of Fort Washington, The (1993)"
924,3,1512,4.40832137315282,"World of Apu, The (Apur Sansar) (1959)"
924,4,169,4.37182395263779,"Wrong Trousers, The (1993)"
924,5,64,4.36589314090505,"Shawshank Redemption, The (1994)"
924,6,1064,4.360526613592079,Crossfire (1947)
924,7,867,4.356587394311308,"Whole Wide World, The (1996)"
924,8,483,4.306616831409358,Casablanca (1942)
924,9,1189,4.290548669897562,Prefontaine (1997)
924,10,1554,4.2882761246888705,Safe Passage (1994)
923,1,318,5.0,Schindler's List (1993)
923,2,127,5.0,"Godfather, The (1972)"
923,3,408,5.0,"Close Shave, A (1995)"
923,4,320,5.0,Paradise Lost: The Child Murders at Robin Hood Hills (1996)
923,5,64,5.0,"Shawshank Redemption, The (1994)"
923,6,1467,5.0,"Saint of Fort Washington, The (1993)"
923,7,1642,5.0,Some Mother's Son (1996)
923,8,119,5.0,Maya Lin: A Strong Clear Vision (1994)
923,9,603,5.0,Rear Window (1954)
923,10,12,5.0,"Usual Suspects, The (1995)"
931,1,1449,4.76234662710941,Pather Panchali (1955)
931,2,1512,4.648009262221787,"World of Apu, The (Apur Sansar) (1959)"
931,3,318,4.508608931284815,Schindler's List (1993)
931,4,1467,4.486539166901372,"Saint of Fort Washington, The (1993)"
931,5,64,4.442440786242619,"Shawshank Redemption, The (1994)"
931,6,178,4.410187669190907,12 Angry Men (1957)
931,7,1599,4.398141196402933,Someone Else's America (1995)
931,8,408,4.384867051696963,"Close Shave, A (1995)"
931,9,169,4.3826061536762,"Wrong Trousers, The (1993)"
931,10,357,4.367774932094262,One Flew Over the Cuckoo's Nest (1975)
917,1,1512,4.594772925701602,"World of Apu, The (Apur Sansar) (1959)"
917,2,1449,4.577541864076043,Pather Panchali (1955)
917,3,178,4.365164334855879,12 Angry Men (1957)
917,4,1599,4.343065798356395,Someone Else's America (1995)
917,5,127,4.338289094404256,"Godfather, The (1972)"
917,6,408,4.299973279462789,"Close Shave, A (1995)"
917,7,1398,4.299467365598797,Anna (1996)
917,8,119,4.295845597028591,Maya Lin: A Strong Clear Vision (1994)
917,9,603,4.294953721704011,Rear Window (1954)
917,10,357,4.268012086065495,One Flew Over the Cuckoo's Nest (1975)
915,1,1449,4.392862498515239,Pather Panchali (1955)
915,2,1512,4.251491573938709,"World of Apu, The (Apur Sansar) (1959)"
915,3,318,4.066104271435347,Schindler's List (1993)
915,4,1599,4.064121293821826,Someone Else's America (1995)
915,5,169,4.062844294296588,"Wrong Trousers, The (1993)"
915,6,1467,4.061487423243499,"Saint of Fort Washington, The (1993)"
915,7,64,4.032977133194336,"Shawshank Redemption, The (1994)"
915,8,408,4.020442016784159,"Close Shave, A (1995)"
915,9,178,4.013933506923215,12 Angry Men (1957)
915,10,1064,4.00509373131575,Crossfire (1947)
932,1,408,4.623495057500467,"Close Shave, A (1995)"
932,2,483,4.622115705869082,Casablanca (1942)
932,3,867,4.603736363101682,"Whole Wide World, The (1996)"
932,4,1467,4.585492447114092,"Saint of Fort Washington, The (1993)"
932,5,851,4.569655447026793,Two or Three Things I Know About Her (1966)
932,6,1398,4.558518510636827,Anna (1996)
932,7,1599,4.554851858105416,Someone Else's America (1995)
932,8,513,4.53846893285525,"Third Man, The (1949)"
932,9,1642,4.529660677446416,Some Mother's Son (1996)
932,10,1193,4.528690755804363,Before the Rain (Pred dozhdot) (1994)
909,1,1512,5.0,"World of Apu, The (Apur Sansar) (1959)"
909,2,1449,5.0,Pather Panchali (1955)
909,3,1467,4.906762866824407,"Saint of Fort Washington, The (1993)"
909,4,169,4.842810166590873,"Wrong Trousers, The (1993)"
909,5,408,4.815025640471512,"Close Shave, A (1995)"
909,6,1064,4.803060453694584,Crossfire (1947)
909,7,119,4.792739330343059,Maya Lin: A Strong Clear Vision (1994)
909,8,318,4.787713359431763,Schindler's List (1993)
909,9,1639,4.78740782980305,Bitter Sugar (Azucar Amargo) (1996)
909,10,483,4.779684969833803,Casablanca (1942)
934,1,169,4.481173501082515,"Wrong Trousers, The (1993)"
934,2,1512,4.469456253681857,"World of Apu, The (Apur Sansar) (1959)"
934,3,867,4.437728080042128,"Whole Wide World, The (1996)"
934,4,1467,4.409036050508735,"Saint of Fort Washington, The (1993)"
934,5,1064,4.374130076227873,Crossfire (1947)
934,6,408,4.372531665251637,"Close Shave, A (1995)"
934,7,1599,4.366902011201681,Someone Else's America (1995)
934,8,318,4.32474629851791,Schindler's List (1993)
934,9,114,4.320441611413468,Wallace & Gromit: The Best of Aardman Animation (1996)
934,10,64,4.312118146987057,"Shawshank Redemption, The (1994)"
933,1,1449,3.9698009377921313,Pather Panchali (1955)
933,2,1512,3.9648281315645977,"World of Apu, The (Apur Sansar) (1959)"
933,3,408,3.778128739135893,"Close Shave, A (1995)"
933,4,1467,3.737915982282035,"Saint of Fort Washington, The (1993)"
933,5,1599,3.7302767763401525,Someone Else's America (1995)
933,6,169,3.725276907236994,"Wrong Trousers, The (1993)"
933,7,114,3.69647855200643,Wallace & Gromit: The Best of Aardman Animation (1996)
933,8,867,3.669142846368746,"Whole Wide World, The (1996)"
933,9,603,3.665102611923787,Rear Window (1954)
933,10,1398,3.659205323190506,Anna (1996)
938,1,1449,4.580802894412677,Pather Panchali (1955)
938,2,1467,4.532122782653891,"Saint of Fort Washington, The (1993)"
938,3,1554,4.45406769912916,Safe Passage (1994)
938,4,318,4.4354879077196,Schindler's List (1993)
938,5,867,4.429908514643925,"Whole Wide World, The (1996)"
938,6,64,4.425207301429555,"Shawshank Redemption, The (1994)"
938,7,1189,4.40822910158638,Prefontaine (1997)
938,8,174,4.372074206356804,Raiders of the Lost Ark (1981)
938,9,1398,4.365442399928319,Anna (1996)
938,10,1512,4.36275356177262,"World of Apu, The (Apur Sansar) (1959)"
929,1,1449,4.438612798650155,Pather Panchali (1955)
929,2,1512,4.312074749839376,"World of Apu, The (Apur Sansar) (1959)"
929,3,1467,4.206468095694744,"Saint of Fort Washington, The (1993)"
929,4,64,4.205808213506163,"Shawshank Redemption, The (1994)"
929,5,1599,4.186561801703907,Someone Else's America (1995)
929,6,867,4.155358093848065,"Whole Wide World, The (1996)"
929,7,357,4.136036395562351,One Flew Over the Cuckoo's Nest (1975)
929,8,1064,4.127442834178375,Crossfire (1947)
929,9,178,4.123278751519455,12 Angry Men (1957)
929,10,169,4.115295274356222,"Wrong Trousers, The (1993)"
940,1,1467,4.397382810992131,"Saint of Fort Washington, The (1993)"
940,2,1449,4.359892326689375,Pather Panchali (1955)
940,3,1512,4.195095884222158,"World of Apu, The (Apur Sansar) (1959)"
940,4,318,4.154961308338571,Schindler's List (1993)
940,5,1064,4.152718795377164,Crossfire (1947)
940,6,64,4.128169540937553,"Shawshank Redemption, The (1994)"
940,7,169,4.127235588576831,"Wrong Trousers, The (1993)"
940,8,1189,4.095267862188885,Prefontaine (1997)
940,9,1599,4.085341282204176,Someone Else's America (1995)
940,10,641,4.075829490901571,Paths of Glory (1957)
935,1,1467,4.65318201552361,"Saint of Fort Washington, The (1993)"
935,2,1449,4.642409529587639,Pather Panchali (1955)
935,3,318,4.591170884295757,Schindler's List (1993)
935,4,1189,4.583055021381072,Prefontaine (1997)
935,5,64,4.559396485065156,"Shawshank Redemption, The (1994)"
935,6,1450,4.550893965268446,Golden Earrings (1947)
935,7,1064,4.546532170729029,Crossfire (1947)
935,8,966,4.510692479869314,"Affair to Remember, An (1957)"
935,9,174,4.49973415616807,Raiders of the Lost Ark (1981)
935,10,22,4.480037538727739,Braveheart (1995)
925,1,1449,4.410275947099385,Pather Panchali (1955)
925,2,1467,4.315647912261513,"Saint of Fort Washington, The (1993)"
925,3,318,4.2902866046845,Schindler's List (1993)
925,4,64,4.265412733946981,"Shawshank Redemption, The (1994)"
925,5,313,4.244780431343731,Titanic (1997)
925,6,1064,4.243471419358969,Crossfire (1947)
925,7,867,4.234195981733665,"Whole Wide World, The (1996)"
925,8,1398,4.220980305123831,Anna (1996)
925,9,1189,4.215301574418974,Prefontaine (1997)
925,10,174,4.208148364693964,Raiders of the Lost Ark (1981)
937,1,1449,4.215878552238842,Pather Panchali (1955)
937,2,318,4.17435667170137,Schindler's List (1993)
937,3,1467,4.168415630443439,"Saint of Fort Washington, The (1993)"
937,4,1512,4.1595141509787545,"World of Apu, The (Apur Sansar) (1959)"
937,5,1189,4.151609440092753,Prefontaine (1997)
937,6,64,4.1239628800360775,"Shawshank Redemption, The (1994)"
937,7,867,4.117592266265866,"Whole Wide World, The (1996)"
937,8,1398,4.111618120795591,Anna (1996)
937,9,169,4.102266860811942,"Wrong Trousers, The (1993)"
937,10,1368,4.07837448606079,Mina Tannenbaum (1994)
942,1,1449,4.9999659734722135,Pather Panchali (1955)
942,2,1467,4.96677714103155,"Saint of Fort Washington, The (1993)"
942,3,1512,4.86792727778598,"World of Apu, The (Apur Sansar) (1959)"
942,4,64,4.853946177206919,"Shawshank Redemption, The (1994)"
942,5,1064,4.804660006505003,Crossfire (1947)
942,6,1554,4.799032030543137,Safe Passage (1994)
942,7,1189,4.797274614794212,Prefontaine (1997)
942,8,483,4.772349414458128,Casablanca (1942)
942,9,1642,4.760515332025858,Some Mother's Son (1996)
942,10,169,4.758174715334653,"Wrong Trousers, The (1993)"
926,1,1449,4.401808614813068,Pather Panchali (1955)
926,2,1512,4.312599700155637,"World of Apu, The (Apur Sansar) (1959)"
926,3,1467,4.181358281565604,"Saint of Fort Washington, The (1993)"
926,4,318,4.160853907177933,Schindler's List (1993)
926,5,169,4.1538149506532145,"Wrong Trousers, The (1993)"
926,6,64,4.140996173708273,"Shawshank Redemption, The (1994)"
926,7,178,4.123106561438348,12 Angry Men (1957)
926,8,408,4.11609008336542,"Close Shave, A (1995)"
926,9,603,4.093800027885,Rear Window (1954)
926,10,1599,4.08309409519179,Someone Else's America (1995)
943,1,1467,4.646580976209532,"Saint of Fort Washington, The (1993)"
943,2,1512,4.5670165682296835,"World of Apu, The (Apur Sansar) (1959)"
943,3,1449,4.54491897479235,Pather Panchali (1955)
943,4,320,4.471533618697729,Paradise Lost: The Child Murders at Robin Hood Hills (1996)
943,5,169,4.39522889515912,"Wrong Trousers, The (1993)"
943,6,641,4.357648901366075,Paths of Glory (1957)
943,7,1450,4.344344708766884,Golden Earrings (1947)
943,8,1599,4.317498394928667,Someone Else's America (1995)
943,9,272,4.314282899589451,Good Will Hunting (1997)
943,10,178,4.309491371554962,12 Angry Men (1957)
939,1,1449,5.0,Pather Panchali (1955)
939,2,515,5.0,"Boot, Das (1981)"
939,3,1131,5.0,Safe (1995)
939,4,408,5.0,"Close Shave, A (1995)"
939,5,1554,5.0,Safe Passage (1994)
939,6,174,5.0,Raiders of the Lost Ark (1981)
939,7,313,5.0,Titanic (1997)
939,8,603,5.0,Rear Window (1954)
939,9,480,5.0,North by Northwest (1959)
939,10,316,5.0,As Good As It Gets (1997)
936,1,1449,4.874223329176938,Pather Panchali (1955)
936,2,1512,4.7967671598667145,"World of Apu, The (Apur Sansar) (1959)"
936,3,408,4.790292518861528,"Close Shave, A (1995)"
936,4,1467,4.788399210223471,"Saint of Fort Washington, The (1993)"
936,5,169,4.746055827510921,"Wrong Trousers, The (1993)"
936,6,320,4.698498202159623,Paradise Lost: The Child Murders at Robin Hood Hills (1996)
936,7,318,4.695377245171487,Schindler's List (1993)
936,8,114,4.6891492935162935,Wallace & Gromit: The Best of Aardman Animation (1996)
936,9,119,4.6728949688264825,Maya Lin: A Strong Clear Vision (1994)
936,10,603,4.669666162418939,Rear Window (1954)
930,1,1449,4.185349370794405,Pather Panchali (1955)
930,2,1467,3.925336209231423,"Saint of Fort Washington, The (1993)"
930,3,318,3.910938414755083,Schindler's List (1993)
930,4,1512,3.909454274221114,"World of Apu, The (Apur Sansar) (1959)"
930,5,1189,3.8971377998757517,Prefontaine (1997)
930,6,1639,3.849153252468549,Bitter Sugar (Azucar Amargo) (1996)
930,7,1064,3.8120994931250753,Crossfire (1947)
930,8,867,3.7848856181947084,"Whole Wide World, The (1996)"
930,9,1368,3.767123555712632,Mina Tannenbaum (1994)
930,10,483,3.7592962944243986,Casablanca (1942)
920,1,1449,4.225410289610732,Pather Panchali (1955)
920,2,1467,4.121409231139299,"Saint of Fort Washington, The (1993)"
920,3,1512,4.118899427303747,"World of Apu, The (Apur Sansar) (1959)"
920,4,169,4.022681736723214,"Wrong Trousers, The (1993)"
920,5,318,4.020620029295642,Schindler's List (1993)
920,6,64,4.014032086103436,"Shawshank Redemption, The (1994)"
920,7,1642,3.9845465802054783,Some Mother's Son (1996)
920,8,178,3.9769398875089146,12 Angry Men (1957)
920,9,603,3.9732965210801807,Rear Window (1954)
920,10,1064,3.9602442220150333,Crossfire (1947)
941,1,1449,4.993538961764261,Pather Panchali (1955)
941,2,169,4.861716260614165,"Wrong Trousers, The (1993)"
941,3,1512,4.861190607125887,"World of Apu, The (Apur Sansar) (1959)"
941,4,1467,4.8305805464168206,"Saint of Fort Washington, The (1993)"
941,5,318,4.7922086171926495,Schindler's List (1993)
941,6,64,4.766504989132846,"Shawshank Redemption, The (1994)"
941,7,867,4.751110782162739,"Whole Wide World, The (1996)"
941,8,114,4.735225756452029,Wallace & Gromit: The Best of Aardman Animation (1996)
941,9,50,4.707829210212115,Star Wars (1977)
941,10,483,4.69868777538988,Casablanca (1942)
888,1,169,5.0,"Wrong Trousers, The (1993)"
888,2,1467,5.0,"Saint of Fort Washington, The (1993)"
888,3,1512,5.0,"World of Apu, The (Apur Sansar) (1959)"
888,4,1449,5.0,Pather Panchali (1955)
888,5,408,4.917090509197746,"Close Shave, A (1995)"
888,6,318,4.915439249221232,Schindler's List (1993)
888,7,64,4.906828222438318,"Shawshank Redemption, The (1994)"
888,8,867,4.891030516009469,"Whole Wide World, The (1996)"
888,9,114,4.879962595614596,Wallace & Gromit: The Best of Aardman Animation (1996)
888,10,1189,4.871594686503417,Prefontaine (1997)
651,1,1449,4.523278309793201,Pather Panchali (1955)
651,2,1467,4.511661106651708,"Saint of Fort Washington, The (1993)"
651,3,1512,4.426236808213833,"World of Apu, The (Apur Sansar) (1959)"
651,4,169,4.424727534688239,"Wrong Trousers, The (1993)"
651,5,641,4.393845233418545,Paths of Glory (1957)
651,6,64,4.349388682463556,"Shawshank Redemption, The (1994)"
651,7,318,4.342681229066743,Schindler's List (1993)
651,8,1064,4.339816322380855,Crossfire (1947)
651,9,50,4.317380457700406,Star Wars (1977)
651,10,178,4.3170611621052455,12 Angry Men (1957)
